fold,coverage,n50,hybrid,scenario,dataset_id,method,precision,recall,f1,tp,fp,fn,breakpoint_resolution_mean,repeat_fdr,het_sensitivity,homopolymer_improvement,mean_deletion_signal_shift_pa,mean_deletion_snr_delta,complex_events_detected,min_read_length
0,15,10000,False,15x_10kb,15x_10kb,full_pipeline,0.9100956114419295,0.7721351322514427,0.8354582722217319,86.0,0.0,58.0,30.393496195112558,0.0,0.5555555555555556,0.15000000000000033,10.068821047777536,0.09032851386197506,0,941
0,15,10000,False,15x_10kb,15x_10kb,split_read,0.8527666412156735,0.6921955592913864,0.7641368597465862,86.0,10.0,58.0,34.253573474291436,0.15555555555555556,0.5555555555555556,0.15000000000000033,10.068821047777536,0.09032851386197506,0,941
0,15,10000,False,15x_10kb,15x_10kb,read_depth,0.7438500151663197,0.46393837301281177,0.5714586581215494,52.0,13.0,92.0,36.130131180537035,0.20588235294117646,0.3611111111111111,0.15000000000000033,10.068821047777536,0.09032851386197506,0,941
0,15,10000,False,15x_10kb,15x_10kb,assembly_based,0.8517849628031497,0.6841939358956939,0.7588465007308932,80.0,8.0,64.0,33.189429452660214,0.1794871794871795,0.5277777777777778,0.15000000000000033,10.068821047777536,0.09032851386197506,0,941
0,15,10000,True,15x_10kb_hybrid,15x_10kb_hybrid,full_pipeline,0.929602287075269,0.8193461820070701,0.8709988866622272,106.0,0.0,38.0,29.67148387006166,0.0,0.75,0.14999999999999986,10.071864181490268,0.09033317701395602,1,907
0,15,10000,True,15x_10kb_hybrid,15x_10kb_hybrid,split_read,0.8475827314599746,0.7468721809048056,0.7940468660902933,93.0,10.0,51.0,33.94581228119331,0.14893617021276595,0.6538461538461539,0.14999999999999986,10.071864181490268,0.09033317701395602,1,907
0,15,10000,True,15x_10kb_hybrid,15x_10kb_hybrid,read_depth,0.7821440392635026,0.4658644067347501,0.5839272482505665,55.0,13.0,89.0,34.18044511617813,0.3225806451612903,0.3557692307692308,0.14999999999999986,10.071864181490268,0.09033317701395602,1,907
0,15,10000,True,15x_10kb_hybrid,15x_10kb_hybrid,assembly_based,0.8375291073556728,0.6564298637360293,0.7360029672229814,79.0,8.0,65.0,33.26478224186294,0.175,0.5480769230769231,0.14999999999999986,10.071864181490268,0.09033317701395602,1,907
0,15,50000,False,15x_50kb,15x_50kb,full_pipeline,0.931448293933127,0.8182503022886101,0.8711875859336907,118.0,0.0,26.0,24.076424633083388,0.0,0.8,0.15000000000000013,10.069295556009378,0.09034440804098198,0,813
0,15,50000,False,15x_50kb,15x_50kb,split_read,0.8708948138996762,0.7384270898984007,0.799209060061655,104.0,9.0,40.0,27.55394586979859,0.11864406779661017,0.72,0.15000000000000013,10.069295556009378,0.09034440804098198,0,813
0,15,50000,False,15x_50kb,15x_50kb,read_depth,0.8289735452650748,0.5437302851957475,0.6567156180155692,67.0,11.0,77.0,27.854671328173385,0.18181818181818182,0.46,0.15000000000000013,10.069295556009378,0.09034440804098198,0,813
0,15,50000,False,15x_50kb,15x_50kb,assembly_based,0.8949624464044115,0.7450527091103581,0.8131561382264745,97.0,7.0,47.0,27.14866358567162,0.05555555555555555,0.64,0.15000000000000013,10.069295556009378,0.09034440804098198,0,813
0,15,50000,True,15x_50kb_hybrid,15x_50kb_hybrid,full_pipeline,0.9117503937444766,0.8469573886313992,0.8781603633166074,110.0,0.0,34.0,24.053688439634488,0.0,0.7676767676767676,0.14999999999999994,10.07028980331818,0.09034341254210977,1,809
0,15,50000,True,15x_50kb_hybrid,15x_50kb_hybrid,split_read,0.8589835674541085,0.6789215025007826,0.7584114593711968,92.0,9.0,52.0,27.75071809842969,0.07272727272727272,0.6161616161616161,0.14999999999999994,10.07028980331818,0.09034341254210977,1,809
0,15,50000,True,15x_50kb_hybrid,15x_50kb_hybrid,read_depth,0.8057147947254121,0.5402194578916226,0.6467816816096286,59.0,11.0,85.0,29.28951496434729,0.16666666666666666,0.3838383838383838,0.14999999999999994,10.07028980331818,0.09034341254210977,1,809
0,15,50000,True,15x_50kb_hybrid,15x_50kb_hybrid,assembly_based,0.8580303058146073,0.7522247648058717,0.8016514361777469,94.0,7.0,50.0,26.83254694076231,0.09433962264150944,0.6565656565656566,0.14999999999999994,10.07028980331818,0.09034341254210977,1,809
0,30,10000,False,30x standard,30x_10kb,full_pipeline,0.9253569066801857,0.8214805264858581,0.8703301915269955,106.0,0.0,38.0,28.6478884753873,0.0,0.95,0.15000000000000008,10.072330656267505,0.09033541536801806,0,572
0,30,10000,False,30x standard,30x_10kb,split_read,0.9029248731153957,0.7403945706250508,0.8136223012310942,99.0,8.0,45.0,31.981750516786605,0.06666666666666667,0.6486486486486487,0.15000000000000008,10.072330656267505,0.09033541536801806,0,572
0,30,10000,False,30x standard,30x_10kb,read_depth,0.8073661048700992,0.5450800524465397,0.6507899133808096,75.0,10.0,69.0,33.056019567768,0.14705882352941177,0.5135135135135135,0.15000000000000008,10.072330656267505,0.09033541536801806,0,572
0,30,10000,False,30x standard,30x_10kb,assembly_based,0.8745350503162066,0.7628965219285225,0.8149100817400183,101.0,6.0,43.0,31.053953600756312,0.11363636363636363,0.6936936936936937,0.15000000000000008,10.072330656267505,0.09033541536801806,0,572
0,30,10000,True,hybrid,30x_10kb_hybrid,full_pipeline,0.9792287473833978,0.8492316280091953,0.9096090180846876,114.0,0.0,30.0,28.749174735258165,0.0,0.95,0.14999999999999974,10.072613288206462,0.09032785989631954,1,802
0,30,10000,True,hybrid,30x_10kb_hybrid,split_read,0.864331651214741,0.7606016495111039,0.8091557719260566,100.0,8.0,44.0,32.42401540273499,0.0625,0.7029702970297029,0.14999999999999974,10.072613288206462,0.09032785989631954,1,802
0,30,10000,True,hybrid,30x_10kb_hybrid,read_depth,0.7987952366928196,0.5901098636303558,0.6787748825800926,71.0,10.0,73.0,34.35057502793915,0.16666666666666666,0.46534653465346537,0.14999999999999974,10.072613288206462,0.09032785989631954,1,802
0,30,10000,True,hybrid,30x_10kb_hybrid,assembly_based,0.8687899055893559,0.7940960168912315,0.8297654026857884,108.0,6.0,36.0,31.38790441115346,0.0625,0.7227722772277227,0.14999999999999974,10.072613288206462,0.09032785989631954,1,802
0,30,50000,False,ultra-long,30x_50kb,full_pipeline,0.9294502568181886,0.8984309898031877,0.9136774237926871,132.0,0.0,12.0,22.450604006269295,0.0,0.95,0.14999999999999986,10.070450445807923,0.09033834549785041,1,835
0,30,50000,False,ultra-long,30x_50kb,split_read,0.9415689886052211,0.838550235230823,0.8870786701348237,120.0,7.0,24.0,25.08146288385475,0.03571428571428571,0.8490566037735849,0.14999999999999986,10.070450445807923,0.09033834549785041,1,835
0,30,50000,False,ultra-long,30x_50kb,read_depth,0.8447130526112058,0.5663508634828777,0.6780755446796018,73.0,9.0,71.0,26.539815865331345,0.14705882352941177,0.49056603773584906,0.14999999999999986,10.070450445807923,0.09033834549785041,1,835
0,30,50000,False,ultra-long,30x_50kb,assembly_based,0.9166844159041825,0.8524095132321668,0.8833793433793116,124.0,6.0,20.0,24.156641812633254,0.08771929824561403,0.8773584905660378,0.14999999999999986,10.070450445807923,0.09033834549785041,1,835
0,30,50000,True,30x_50kb_hybrid,30x_50kb_hybrid,full_pipeline,0.9833885017315882,0.9753949479911426,0.9793754145077603,135.0,0.0,9.0,22.91581369742412,0.0,0.95,0.14999999999999966,10.069681101359466,0.09033537254400185,1,916
0,30,50000,True,30x_50kb_hybrid,30x_50kb_hybrid,split_read,0.9396317496005194,0.8179760467040061,0.8745935987673935,112.0,7.0,32.0,25.574124461919023,0.03508771929824561,0.7669902912621359,0.14999999999999966,10.069681101359466,0.09033537254400185,1,916
0,30,50000,True,30x_50kb_hybrid,30x_50kb_hybrid,read_depth,0.8244677941992328,0.5875142352950288,0.6861086834197702,76.0,9.0,68.0,27.116668999598215,0.17391304347826086,0.5048543689320388,0.14999999999999966,10.069681101359466,0.09033537254400185,1,916
0,30,50000,True,30x_50kb_hybrid,30x_50kb_hybrid,assembly_based,0.9369240201474396,0.8314549779118384,0.8810443251494066,117.0,6.0,27.0,24.814912854452928,0.09230769230769231,0.7669902912621359,0.14999999999999966,10.069681101359466,0.09033537254400185,1,916
0,50,10000,False,50x_10kb,50x_10kb,full_pipeline,0.9301473144037851,0.8627100951361597,0.8951604001858068,115.0,0.0,29.0,28.309393040753573,0.0,0.95,0.1500000000000001,10.071198425853296,0.090329839677212,1,610
0,50,10000,False,50x_10kb,50x_10kb,split_read,0.9118650710447195,0.7648748077727417,0.8319270385838266,107.0,8.0,37.0,31.83898210895038,0.07547169811320754,0.7521367521367521,0.1500000000000001,10.071198425853296,0.090329839677212,1,610
0,50,10000,False,50x_10kb,50x_10kb,read_depth,0.8527540639403736,0.5886489867025725,0.6965058321766334,72.0,10.0,72.0,33.1005737701806,0.20588235294117646,0.49572649572649574,0.1500000000000001,10.071198425853296,0.090329839677212,1,610
0,50,10000,False,50x_10kb,50x_10kb,assembly_based,0.9251398246211677,0.8028565749003733,0.8596714566129207,118.0,6.0,26.0,30.80364625710531,0.07692307692307693,0.8205128205128205,0.1500000000000001,10.071198425853296,0.090329839677212,1,610
0,50,10000,True,50x_10kb_hybrid,50x_10kb_hybrid,full_pipeline,0.9720826593378772,0.8830149866172098,0.9254106470326887,123.0,0.0,21.0,28.159483205958537,0.0,0.95,0.14999999999999988,10.071563682856471,0.09032422038621292,1,741
0,50,10000,True,50x_10kb_hybrid,50x_10kb_hybrid,split_read,0.9339531780545008,0.7385806132569371,0.824855933654871,105.0,8.0,39.0,31.222411536896907,0.14583333333333334,0.7428571428571429,0.14999999999999988,10.071563682856471,0.09032422038621292,1,741
0,50,10000,True,50x_10kb_hybrid,50x_10kb_hybrid,read_depth,0.8329984039538706,0.6451652146814488,0.7271476409524479,81.0,10.0,63.0,33.555945292334705,0.13513513513513514,0.5714285714285714,0.14999999999999988,10.071563682856471,0.09032422038621292,1,741
0,50,10000,True,50x_10kb_hybrid,50x_10kb_hybrid,assembly_based,0.907653362939975,0.7637564017913566,0.8295106097627606,107.0,6.0,37.0,31.040016105015486,0.07692307692307693,0.7142857142857143,0.14999999999999988,10.071563682856471,0.09032422038621292,1,741
0,50,50000,False,50x_50kb,50x_50kb,full_pipeline,0.9712615737342295,0.9334094604461,0.9519593937453285,131.0,0.0,13.0,22.31897408191936,0.0,0.95,0.14999999999999963,10.069516405769573,0.09033629449453935,1,818
0,50,50000,False,50x_50kb,50x_50kb,split_read,0.9419779432801322,0.8367722691238334,0.8862638672552499,113.0,7.0,31.0,24.39118804535367,0.07142857142857142,0.7444444444444445,0.14999999999999963,10.069516405769573,0.09033629449453935,1,818
0,50,50000,False,50x_50kb,50x_50kb,read_depth,0.8564053928250714,0.6601731378097625,0.7455938799052702,81.0,9.0,63.0,26.170880568588277,0.16666666666666666,0.5333333333333333,0.14999999999999963,10.069516405769573,0.09033629449453935,1,818
0,50,50000,False,50x_50kb,50x_50kb,assembly_based,0.9085347310173699,0.8785788171664509,0.8933057109248399,123.0,6.0,21.0,24.11889029769835,0.08064516129032258,0.8444444444444444,0.14999999999999963,10.069516405769573,0.09033629449453935,1,818
0,50,50000,True,50x_50kb_hybrid,50x_50kb_hybrid,full_pipeline,0.99,0.9680825295868277,0.9789186000175287,135.0,0.0,9.0,23.168922213467393,0.0,0.95,0.14999999999999966,10.071197280026052,0.09034445158561359,1,923
0,50,50000,True,50x_50kb_hybrid,50x_50kb_hybrid,split_read,0.8975587862673186,0.8545419378626604,0.875522296177799,119.0,7.0,25.0,25.667576983897177,0.07894736842105263,0.8181818181818182,0.14999999999999966,10.071197280026052,0.09034445158561359,1,923
0,50,50000,True,50x_50kb_hybrid,50x_50kb_hybrid,read_depth,0.8637690030294027,0.6684456339076578,0.7536576206241947,83.0,9.0,61.0,28.271731442502034,0.09090909090909091,0.5656565656565656,0.14999999999999966,10.071197280026052,0.09034445158561359,1,923
0,50,50000,True,50x_50kb_hybrid,50x_50kb_hybrid,assembly_based,0.9368527822149224,0.8680556918403132,0.9011430792287466,123.0,6.0,21.0,24.92292141207129,0.04,0.8383838383838383,0.14999999999999966,10.071197280026052,0.09034445158561359,1,923
1,15,10000,False,15x_10kb,15x_10kb,full_pipeline,0.904298230729663,0.7576783638861694,0.8245208821160155,91.0,0.0,53.0,29.991190478402142,0.0,0.5909090909090909,0.15000000000000008,10.07245891544151,0.09033697353041605,1,566
1,15,10000,False,15x_10kb,15x_10kb,split_read,0.8285449639947526,0.6312097633351804,0.7165391018699245,73.0,10.0,71.0,33.66742099185846,0.2,0.5,0.15000000000000008,10.07245891544151,0.09033697353041605,1,566
1,15,10000,False,15x_10kb,15x_10kb,read_depth,0.7648629232033101,0.4730543692151447,0.5845653015560048,59.0,13.0,85.0,35.06196627628923,0.2647058823529412,0.39090909090909093,0.15000000000000008,10.07245891544151,0.09033697353041605,1,566
1,15,10000,False,15x_10kb,15x_10kb,assembly_based,0.8307105881090433,0.6851411798289433,0.7509362649721953,90.0,8.0,54.0,33.18747036195881,0.1,0.5727272727272728,0.15000000000000008,10.07245891544151,0.09033697353041605,1,566
1,15,10000,True,15x_10kb_hybrid,15x_10kb_hybrid,full_pipeline,0.9114222757211304,0.8263123850986515,0.8667830957896432,105.0,0.0,39.0,28.639346128364828,0.0,0.7009345794392523,0.1499999999999998,10.073623144961484,0.09033149953163429,0,900
1,15,10000,True,15x_10kb_hybrid,15x_10kb_hybrid,split_read,0.8594592524057268,0.6499851162539034,0.7401872287436358,87.0,10.0,57.0,33.237533843290194,0.1794871794871795,0.5981308411214953,0.1499999999999998,10.073623144961484,0.09033149953163429,0,900
1,15,10000,True,15x_10kb_hybrid,15x_10kb_hybrid,read_depth,0.7140602588638443,0.509933032498372,0.5949753413824189,50.0,13.0,94.0,33.706503350214156,0.39285714285714285,0.34579439252336447,0.1499999999999998,10.073623144961484,0.09033149953163429,0,900
1,15,10000,True,15x_10kb_hybrid,15x_10kb_hybrid,assembly_based,0.8319809481444688,0.6884738370143393,0.7534549810792605,90.0,8.0,54.0,32.22694197306206,0.21052631578947367,0.5794392523364486,0.1499999999999998,10.073623144961484,0.09033149953163429,0,900
1,15,50000,False,15x_50kb,15x_50kb,full_pipeline,0.958463611873875,0.8269846471869574,0.8878831272590211,114.0,0.0,30.0,23.50860264015236,0.0,0.7545454545454545,0.15000000000000013,10.069197779191201,0.09034696470548562,1,811
1,15,50000,False,15x_50kb,15x_50kb,split_read,0.8615791762245029,0.723369945657659,0.7864485658002416,93.0,9.0,51.0,26.53498331270573,0.10638297872340426,0.6090909090909091,0.15000000000000013,10.069197779191201,0.09034696470548562,1,811
1,15,50000,False,15x_50kb,15x_50kb,read_depth,0.8202352485216096,0.5558622259580531,0.6626533359853456,62.0,11.0,82.0,28.446667626134197,0.28205128205128205,0.4636363636363636,0.15000000000000013,10.069197779191201,0.09034696470548562,1,811
1,15,50000,False,15x_50kb,15x_50kb,assembly_based,0.8586833807260669,0.7906006576910656,0.8232367860686429,102.0,7.0,42.0,26.600674123019274,0.05555555555555555,0.6636363636363637,0.15000000000000013,10.069197779191201,0.09034696470548562,1,811
1,15,50000,True,15x_50kb_hybrid,15x_50kb_hybrid,full_pipeline,0.9668578564123455,0.8257089723268054,0.8907262972905411,119.0,0.0,25.0,24.054561050379338,0.0,0.7938144329896907,0.15000000000000008,10.06985445944096,0.09033337399401853,1,936
1,15,50000,True,15x_50kb_hybrid,15x_50kb_hybrid,split_read,0.8785744508772206,0.7353906065767188,0.8006312099131002,95.0,9.0,49.0,26.80467360311344,0.10416666666666667,0.6804123711340206,0.15000000000000008,10.06985445944096,0.09033337399401853,1,936
1,15,50000,True,15x_50kb_hybrid,15x_50kb_hybrid,read_depth,0.8316852670394236,0.5562888144790439,0.6666654909216937,66.0,11.0,78.0,28.713586455427382,0.25,0.4639175257731959,0.15000000000000008,10.06985445944096,0.09033337399401853,1,936
1,15,50000,True,15x_50kb_hybrid,15x_50kb_hybrid,assembly_based,0.8613131631414731,0.7739474699875813,0.8152965098961509,107.0,7.0,37.0,26.56835713561122,0.1016949152542373,0.7010309278350515,0.15000000000000008,10.06985445944096,0.09033337399401853,1,936
1,30,10000,False,30x standard,30x_10kb,full_pipeline,0.9337916342820343,0.8467223903954864,0.8881281177819348,113.0,0.0,31.0,29.017179889128407,0.0,0.95,0.1499999999999996,10.072167960144704,0.09032953156579833,1,874
1,30,10000,False,30x standard,30x_10kb,split_read,0.9100532207693696,0.7544427932171743,0.8249741520367251,103.0,8.0,41.0,32.419542495680936,0.07692307692307693,0.6981132075471698,0.1499999999999996,10.072167960144704,0.09032953156579833,1,874
1,30,10000,False,30x standard,30x_10kb,read_depth,0.8347982622963745,0.5802936948251001,0.6846596302433112,68.0,10.0,76.0,34.166880172030325,0.16216216216216217,0.5188679245283019,0.1499999999999996,10.072167960144704,0.09032953156579833,1,874
1,30,10000,False,30x standard,30x_10kb,assembly_based,0.8916019693480324,0.7755477080267305,0.8295354318621821,109.0,6.0,35.0,31.56603757063757,0.07692307692307693,0.7452830188679245,0.1499999999999996,10.072167960144704,0.09032953156579833,1,874
1,30,10000,True,hybrid,30x_10kb_hybrid,full_pipeline,0.925670505796132,0.9171656694925212,0.9213984623945294,120.0,0.0,24.0,28.24582617863332,0.0,0.95,0.15000000000000005,10.07285248099324,0.09032550478557569,1,865
1,30,10000,True,hybrid,30x_10kb_hybrid,split_read,0.8707340100185212,0.7685582762094748,0.816461878578892,103.0,8.0,41.0,31.631017793246652,0.13636363636363635,0.7047619047619048,0.15000000000000005,10.07285248099324,0.09032550478557569,1,865
1,30,10000,True,hybrid,30x_10kb_hybrid,read_depth,0.8317535807331297,0.5914889348393955,0.6913411230113328,71.0,10.0,73.0,33.40576593548716,0.17647058823529413,0.49523809523809526,0.15000000000000005,10.07285248099324,0.09032550478557569,1,865
1,30,10000,True,hybrid,30x_10kb_hybrid,assembly_based,0.9017466764793831,0.7481446421554664,0.8177956171655673,106.0,6.0,38.0,31.565947533603655,0.09803921568627451,0.7142857142857143,0.15000000000000005,10.07285248099324,0.09032550478557569,1,865
1,30,50000,False,ultra-long,30x_50kb,full_pipeline,0.9654349649882038,0.9010180133369503,0.9321148770008382,126.0,0.0,18.0,22.666273829946814,0.0,0.95,0.14999999999999958,10.070883105844223,0.09033973872281809,1,780
1,30,50000,False,ultra-long,30x_50kb,split_read,0.878486798170778,0.8335187858701626,0.8554122208946755,113.0,7.0,31.0,25.002173652209834,0.03773584905660377,0.7614678899082569,0.14999999999999958,10.070883105844223,0.09033973872281809,1,780
1,30,50000,False,ultra-long,30x_50kb,read_depth,0.8793324591165887,0.6283667928472729,0.7329622488860141,85.0,9.0,59.0,26.317181989985887,0.15384615384615385,0.5779816513761468,0.14999999999999958,10.070883105844223,0.09033973872281809,1,780
1,30,50000,False,ultra-long,30x_50kb,assembly_based,0.8943221244940357,0.8393586037970316,0.8659690997431232,113.0,6.0,31.0,24.247531983753003,0.057692307692307696,0.7706422018348624,0.14999999999999958,10.070883105844223,0.09033973872281809,1,780
1,30,50000,True,30x_50kb_hybrid,30x_50kb_hybrid,full_pipeline,0.9440474322556259,0.9751546254589389,0.9593489299537046,136.0,0.0,8.0,22.603433161321156,0.0,0.95,0.15,10.069254871601224,0.09033744900527943,1,664
1,30,50000,True,30x_50kb_hybrid,30x_50kb_hybrid,split_read,0.9142528667683764,0.8453411071422544,0.8784475760442817,109.0,7.0,35.0,24.980414630925274,0.1206896551724138,0.7722772277227723,0.15,10.069254871601224,0.09033744900527943,1,664
1,30,50000,True,30x_50kb_hybrid,30x_50kb_hybrid,read_depth,0.8567726145363179,0.6248286864432259,0.7226452986607456,83.0,9.0,61.0,26.286980813994056,0.13157894736842105,0.5841584158415841,0.15,10.069254871601224,0.09033744900527943,1,664
1,30,50000,True,30x_50kb_hybrid,30x_50kb_hybrid,assembly_based,0.9443969961419855,0.8127871472178133,0.8736634043005305,124.0,6.0,20.0,24.607716520524942,0.03278688524590164,0.8415841584158416,0.15,10.069254871601224,0.09033744900527943,1,664
1,50,10000,False,50x_10kb,50x_10kb,full_pipeline,0.9678750756538249,0.8552153918700517,0.9080642753080502,115.0,0.0,29.0,28.73638734324381,0.0,0.95,0.14999999999999974,10.073724857841327,0.09033279324620237,1,621
1,50,10000,False,50x_10kb,50x_10kb,split_read,0.8923222787654735,0.726770822389603,0.8010827739458488,106.0,8.0,38.0,31.72262477868831,0.12962962962962962,0.7339449541284404,0.14999999999999974,10.073724857841327,0.09033279324620237,1,621
1,50,10000,False,50x_10kb,50x_10kb,read_depth,0.8554724088507605,0.6000040677902266,0.7053180637825854,74.0,10.0,70.0,33.88100547580114,0.10256410256410256,0.5229357798165137,0.14999999999999974,10.073724857841327,0.09033279324620237,1,621
1,50,10000,False,50x_10kb,50x_10kb,assembly_based,0.8804196098974717,0.8281597074586495,0.8534904281784367,111.0,6.0,33.0,31.531357925031664,0.08771929824561403,0.7889908256880734,0.14999999999999974,10.073724857841327,0.09033279324620237,1,621
1,50,10000,True,50x_10kb_hybrid,50x_10kb_hybrid,full_pipeline,0.9474319117915756,0.9003462855934714,0.9232891738212362,122.0,0.0,22.0,28.37254194688032,0.0,0.95,0.1500000000000002,10.069869393874514,0.09033138376738255,1,708
1,50,10000,True,50x_10kb_hybrid,50x_10kb_hybrid,split_read,0.8862472207584828,0.7653370014900028,0.8213662753337891,112.0,8.0,32.0,31.77414282242452,0.07547169811320754,0.7739130434782608,0.1500000000000002,10.069869393874514,0.09033138376738255,1,708
1,50,10000,True,50x_10kb_hybrid,50x_10kb_hybrid,read_depth,0.8369433149337817,0.5994948736896292,0.698593550137295,74.0,10.0,70.0,33.6914727996294,0.16216216216216217,0.5304347826086957,0.1500000000000002,10.069869393874514,0.09033138376738255,1,708
1,50,10000,True,50x_10kb_hybrid,50x_10kb_hybrid,assembly_based,0.8907275170305083,0.8512403729212134,0.8705363952365969,116.0,6.0,28.0,31.412876525961586,0.07017543859649122,0.7913043478260869,0.1500000000000002,10.069869393874514,0.09033138376738255,1,708
1,50,50000,False,50x_50kb,50x_50kb,full_pipeline,0.9681753375845421,0.9367644074241734,0.9522109019683802,132.0,0.0,12.0,22.41507008027119,0.0,0.95,0.14999999999999994,10.06984434888923,0.09034120780208707,1,893
1,50,50000,False,50x_50kb,50x_50kb,split_read,0.9601542462621314,0.8294363523728109,0.8900212555233504,121.0,7.0,23.0,24.80036080459883,0.05084745762711865,0.8125,0.14999999999999994,10.06984434888923,0.09034120780208707,1,893
1,50,50000,False,50x_50kb,50x_50kb,read_depth,0.8857237666968933,0.6285414744394083,0.7352927441535073,83.0,9.0,61.0,26.898231529400842,0.14583333333333334,0.5625,0.14999999999999994,10.06984434888923,0.09034120780208707,1,893
1,50,50000,False,50x_50kb,50x_50kb,assembly_based,0.9182548247162633,0.860081948845437,0.888216912477053,122.0,6.0,22.0,24.036810801163746,0.03508771929824561,0.8303571428571429,0.14999999999999994,10.06984434888923,0.09034120780208707,1,893
1,50,50000,True,50x_50kb_hybrid,50x_50kb_hybrid,full_pipeline,0.9613994239198407,0.9868249782674862,0.9739462913521677,138.0,0.0,6.0,22.802001165547402,0.0,0.9565217391304348,0.15000000000000005,10.070131479783264,0.09034372453669579,1,755
1,50,50000,True,50x_50kb_hybrid,50x_50kb_hybrid,split_read,0.9298169379771635,0.8678552395583742,0.8977682488915895,126.0,7.0,18.0,25.156414525606642,0.07042253521126761,0.8695652173913043,0.15000000000000005,10.070131479783264,0.09034372453669579,1,755
1,50,50000,True,50x_50kb_hybrid,50x_50kb_hybrid,read_depth,0.8743762882448772,0.5972635146909709,0.7097294515108274,81.0,9.0,63.0,27.440427286455485,0.14285714285714285,0.5652173913043478,0.15000000000000005,10.070131479783264,0.09034372453669579,1,755
1,50,50000,True,50x_50kb_hybrid,50x_50kb_hybrid,assembly_based,0.9207990523231184,0.8901551767466006,0.9052178459417403,130.0,6.0,14.0,24.57003471448449,0.0410958904109589,0.8956521739130435,0.15000000000000005,10.070131479783264,0.09034372453669579,1,755
2,15,10000,False,15x_10kb,15x_10kb,full_pipeline,0.8978115737342295,0.753298349334989,0.8192307090622347,93.0,0.0,51.0,29.359929305600367,0.0,0.6203703703703703,0.14999999999999988,10.075073251393832,0.09033970254565353,1,790
2,15,10000,False,15x_10kb,15x_10kb,split_read,0.8795698463827317,0.6650208638420045,0.7573945578964624,81.0,10.0,63.0,33.15971172101778,0.2222222222222222,0.5185185185185185,0.14999999999999988,10.075073251393832,0.09033970254565353,1,790
2,15,10000,False,15x_10kb,15x_10kb,read_depth,0.751991499341393,0.4976254413822056,0.5989197002382802,55.0,13.0,89.0,34.18193707908807,0.3,0.3425925925925926,0.14999999999999988,10.075073251393832,0.09033970254565353,1,790
2,15,10000,False,15x_10kb,15x_10kb,assembly_based,0.8459552230665676,0.6911125428995007,0.7607345340759119,93.0,8.0,51.0,32.79836538444723,0.13157894736842105,0.6481481481481481,0.14999999999999988,10.075073251393832,0.09033970254565353,1,790
2,15,10000,True,15x_10kb_hybrid,15x_10kb_hybrid,full_pipeline,0.8934838019498644,0.8106265239952103,0.8500408190637158,102.0,0.0,42.0,30.346173439343147,0.0,0.6952380952380952,0.15000000000000013,10.070447471512614,0.09033015500911869,0,738
2,15,10000,True,15x_10kb_hybrid,15x_10kb_hybrid,split_read,0.8478518201183045,0.6791133673887744,0.7541593080419509,86.0,10.0,58.0,34.275693078300186,0.13043478260869565,0.580952380952381,0.15000000000000013,10.070447471512614,0.09033015500911869,0,738
2,15,10000,True,15x_10kb_hybrid,15x_10kb_hybrid,read_depth,0.7667431622537233,0.4845788413233977,0.5938479657440917,50.0,13.0,94.0,34.95337181186375,0.3,0.3238095238095238,0.15000000000000013,10.070447471512614,0.09033015500911869,0,738
2,15,10000,True,15x_10kb_hybrid,15x_10kb_hybrid,assembly_based,0.8403604471037163,0.6879566135067616,0.7565596723543336,97.0,8.0,47.0,34.27552992196084,0.12727272727272726,0.6761904761904762,0.15000000000000013,10.070447471512614,0.09033015500911869,0,738
2,15,50000,False,15x_50kb,15x_50kb,full_pipeline,0.9472335066614617,0.8575198577371083,0.900146865382735,120.0,0.0,24.0,23.853153979753507,0.0,0.8130841121495327,0.1499999999999999,10.070445729234418,0.09034079315756599,0,960
2,15,50000,False,15x_50kb,15x_50kb,split_read,0.882772179838255,0.7395151035294197,0.8048184395686013,107.0,9.0,37.0,27.03928854300175,0.07407407407407407,0.719626168224299,0.1499999999999999,10.070445729234418,0.09034079315756599,0,960
2,15,50000,False,15x_50kb,15x_50kb,read_depth,0.7994636386935481,0.5191819855574026,0.62953550473978,59.0,11.0,85.0,28.567580337460225,0.24324324324324326,0.3364485981308411,0.1499999999999999,10.070445729234418,0.09034079315756599,0,960
2,15,50000,False,15x_50kb,15x_50kb,assembly_based,0.8859962114702399,0.766627987799219,0.8220011459319235,110.0,7.0,34.0,26.234881097380168,0.07692307692307693,0.7383177570093458,0.1499999999999999,10.070445729234418,0.09034079315756599,0,960
2,15,50000,True,15x_50kb_hybrid,15x_50kb_hybrid,full_pipeline,0.9566318320861567,0.8624942066998526,0.9071272638916194,119.0,0.0,25.0,24.34753181253694,0.0,0.7864077669902912,0.14999999999999963,10.070375271588075,0.09033890411315429,1,971
2,15,50000,True,15x_50kb_hybrid,15x_50kb_hybrid,split_read,0.8685915124971315,0.6888982913514419,0.7683789741198395,98.0,9.0,46.0,27.684836581332785,0.1111111111111111,0.6504854368932039,0.14999999999999963,10.070375271588075,0.09033890411315429,1,971
2,15,50000,True,15x_50kb_hybrid,15x_50kb_hybrid,read_depth,0.7920292357146839,0.5305212067182986,0.6354212170759121,61.0,11.0,83.0,29.449919386335118,0.21951219512195122,0.4077669902912621,0.14999999999999963,10.070375271588075,0.09033890411315429,1,971
2,15,50000,True,15x_50kb_hybrid,15x_50kb_hybrid,assembly_based,0.8244041797872536,0.7325221452810563,0.7757519525915048,94.0,7.0,50.0,26.962471552557005,0.041666666666666664,0.5825242718446602,0.14999999999999963,10.070375271588075,0.09033890411315429,1,971
2,30,10000,False,30x standard,30x_10kb,full_pipeline,0.906855008258258,0.8296340837389862,0.8665275553157862,105.0,0.0,39.0,28.54340136237749,0.0,0.95,0.15000000000000002,10.071722637646387,0.0903320677158858,1,983
2,30,10000,False,30x standard,30x_10kb,split_read,0.8971144605995225,0.7650465231653654,0.8258337256941878,96.0,8.0,48.0,32.13896565598106,0.12244897959183673,0.6728971962616822,0.15000000000000002,10.071722637646387,0.0903320677158858,1,983
2,30,10000,False,30x standard,30x_10kb,read_depth,0.8200831919129153,0.5711546578534867,0.6733490394429148,64.0,10.0,80.0,32.94999604471823,0.1935483870967742,0.4485981308411215,0.15000000000000002,10.071722637646387,0.0903320677158858,1,983
2,30,10000,False,30x standard,30x_10kb,assembly_based,0.8936122414590205,0.800293238547769,0.8443822198630635,113.0,6.0,31.0,31.831056876144114,0.05357142857142857,0.7570093457943925,0.15000000000000002,10.071722637646387,0.0903320677158858,1,983
2,30,10000,True,hybrid,30x_10kb_hybrid,full_pipeline,0.9608022870752692,0.8607767375626256,0.9080432382292755,107.0,0.0,37.0,28.111659635772362,0.0,0.95,0.14999999999999963,10.071875097051505,0.09032883365863835,1,592
2,30,10000,True,hybrid,30x_10kb_hybrid,split_read,0.860874389276966,0.7521711409421032,0.8028600054486383,105.0,8.0,39.0,31.774603402574055,0.08888888888888889,0.6972477064220184,0.14999999999999963,10.071875097051505,0.09032883365863835,1,592
2,30,10000,True,hybrid,30x_10kb_hybrid,read_depth,0.8236284906541059,0.5290192066371983,0.6442406127806288,65.0,10.0,79.0,33.509022674425594,0.23529411764705882,0.45871559633027525,0.14999999999999963,10.071875097051505,0.09032883365863835,1,592
2,30,10000,True,hybrid,30x_10kb_hybrid,assembly_based,0.8676750652016754,0.7801643606716064,0.8215960267548726,108.0,6.0,36.0,31.318123378244106,0.08333333333333333,0.7339449541284404,0.14999999999999963,10.071875097051505,0.09032883365863835,1,592
2,30,50000,False,ultra-long,30x_50kb,full_pipeline,0.9836507106166413,0.9105790913325995,0.9457054992380155,130.0,0.0,14.0,22.10631831428922,0.0,0.95,0.15000000000000008,10.06993442634085,0.0903421960860843,1,922
2,30,50000,False,ultra-long,30x_50kb,split_read,0.924811181139483,0.8049019412768251,0.8607003154070137,112.0,7.0,32.0,24.39624166637991,0.024390243902439025,0.7727272727272727,0.15000000000000008,10.06993442634085,0.0903421960860843,1,922
2,30,50000,False,ultra-long,30x_50kb,read_depth,0.8847893155598122,0.6278316821060632,0.7344850628869746,83.0,9.0,61.0,26.23867503509385,0.21621621621621623,0.5818181818181818,0.15000000000000008,10.06993442634085,0.0903421960860843,1,922
2,30,50000,False,ultra-long,30x_50kb,assembly_based,0.9001989404013204,0.8055313732164712,0.8502381447293338,115.0,6.0,29.0,23.806728830835112,0.045454545454545456,0.8,0.15000000000000008,10.06993442634085,0.0903421960860843,1,922
2,30,50000,True,30x_50kb_hybrid,30x_50kb_hybrid,full_pipeline,0.9429503937444768,0.9467212775202881,0.9448320731892377,135.0,0.0,9.0,22.271808621388484,0.0,0.95,0.1500000000000001,10.069560959400391,0.09034074286293707,1,870
2,30,50000,True,30x_50kb_hybrid,30x_50kb_hybrid,split_read,0.8818984881743478,0.8073520089833055,0.8429803837203788,114.0,7.0,30.0,24.70508999811266,0.07547169811320754,0.7685185185185185,0.1500000000000001,10.069560959400391,0.09034074286293707,1,870
2,30,50000,True,30x_50kb_hybrid,30x_50kb_hybrid,read_depth,0.8377545913424117,0.5953827407201727,0.6960737306682228,75.0,9.0,69.0,25.886386601955454,0.21621621621621623,0.5,0.1500000000000001,10.069560959400391,0.09034074286293707,1,870
2,30,50000,True,30x_50kb_hybrid,30x_50kb_hybrid,assembly_based,0.8979173598929672,0.8289331758990531,0.8620473786280419,125.0,6.0,19.0,24.332627492563276,0.09375,0.8611111111111112,0.1500000000000001,10.069560959400391,0.09034074286293707,1,870
2,50,10000,False,50x_10kb,50x_10kb,full_pipeline,0.9222851379187552,0.9055376918379712,0.9138346905521149,124.0,0.0,20.0,27.928300263338773,0.0,0.95,0.15000000000000002,10.071042496607998,0.09033369694568638,1,644
2,50,10000,False,50x_10kb,50x_10kb,split_read,0.9224365684074015,0.7979897145000717,0.855712216421,107.0,8.0,37.0,30.928488196110802,0.14893617021276595,0.7551020408163265,0.15000000000000002,10.071042496607998,0.09033369694568638,1,644
2,50,10000,False,50x_10kb,50x_10kb,read_depth,0.8346912914393668,0.598001968441384,0.6967953982880725,77.0,10.0,67.0,32.14866750515082,0.2,0.5510204081632653,0.15000000000000002,10.071042496607998,0.09033369694568638,1,644
2,50,10000,False,50x_10kb,50x_10kb,assembly_based,0.8820785609279767,0.7971111424453071,0.8374451653858308,123.0,6.0,21.0,30.405093670417976,0.1,0.8367346938775511,0.15000000000000002,10.071042496607998,0.09033369694568638,1,644
2,50,10000,True,50x_10kb_hybrid,50x_10kb_hybrid,full_pipeline,0.9647150380965988,0.9036022776860907,0.933159157042789,119.0,0.0,25.0,28.455745098547016,0.0,0.95,0.15000000000000038,10.07139658553665,0.09032362247354019,1,977
2,50,10000,True,50x_10kb_hybrid,50x_10kb_hybrid,split_read,0.8606842753823432,0.7595804140338415,0.8069779246783438,108.0,8.0,36.0,31.49457407727509,0.11764705882352941,0.7368421052631579,0.15000000000000038,10.07139658553665,0.09032362247354019,1,977
2,50,10000,True,50x_10kb_hybrid,50x_10kb_hybrid,read_depth,0.8265338111312953,0.5780167190803285,0.6802893188144515,71.0,10.0,73.0,32.86238983217936,0.21621621621621623,0.4842105263157895,0.15000000000000038,10.07139658553665,0.09032362247354019,1,977
2,50,10000,True,50x_10kb_hybrid,50x_10kb_hybrid,assembly_based,0.9272159279178087,0.8273957550790051,0.8744664477447557,114.0,6.0,30.0,31.64882855685963,0.034482758620689655,0.7894736842105263,0.15000000000000038,10.07139658553665,0.09032362247354019,1,977
2,50,50000,False,50x_50kb,50x_50kb,full_pipeline,0.9797229608914664,0.9259538769475927,0.9520798657559612,133.0,0.0,11.0,22.732018746535278,0.0,0.95,0.15000000000000008,10.06960221508059,0.09034361274295838,1,657
2,50,50000,False,50x_50kb,50x_50kb,split_read,0.9335517704963067,0.8466461297959881,0.8879776718365019,114.0,7.0,30.0,24.70265460641555,0.1206896551724138,0.7422680412371134,0.15000000000000008,10.06960221508059,0.09034361274295838,1,657
2,50,50000,False,50x_50kb,50x_50kb,read_depth,0.8681594554701216,0.605020822389603,0.7130893015713551,88.0,9.0,56.0,28.280453199182716,0.10204081632653061,0.5773195876288659,0.15000000000000008,10.06960221508059,0.09034361274295838,1,657
2,50,50000,False,50x_50kb,50x_50kb,assembly_based,0.9296982215217588,0.8593936357217438,0.8931645756284715,123.0,6.0,21.0,24.123309206282578,0.03389830508474576,0.8350515463917526,0.15000000000000008,10.06960221508059,0.09034361274295838,1,657
2,50,50000,True,50x_50kb_hybrid,50x_50kb_hybrid,full_pipeline,0.99,0.9558550308035966,0.9726279352935767,131.0,0.0,13.0,22.572374484279162,0.0,0.95,0.1500000000000002,10.069730341694994,0.09034396441035067,1,799
2,50,50000,True,50x_50kb_hybrid,50x_50kb_hybrid,split_read,0.9120375257136348,0.8689042512704096,0.8899485582877903,125.0,7.0,19.0,25.153903919824945,0.08695652173913043,0.868421052631579,0.1500000000000002,10.069730341694994,0.09034396441035067,1,799
2,50,50000,True,50x_50kb_hybrid,50x_50kb_hybrid,read_depth,0.8667832639362373,0.6271534664044438,0.7277498672584399,78.0,9.0,66.0,26.671757339123904,0.13636363636363635,0.5789473684210527,0.1500000000000002,10.069730341694994,0.09034396441035067,1,799
2,50,50000,True,50x_50kb_hybrid,50x_50kb_hybrid,assembly_based,0.8905846003299709,0.8608177152419856,0.875448198360276,120.0,6.0,24.0,24.66145799321977,0.029850746268656716,0.8333333333333334,0.1500000000000002,10.069730341694994,0.09034396441035067,1,799
3,15,10000,False,15x_10kb,15x_10kb,full_pipeline,0.8947253375845421,0.7566532963130623,0.8199172038217605,94.0,0.0,50.0,30.43031537062077,0.0,0.625,0.14999999999999986,10.075256341216743,0.09033029633385577,1,588
3,15,10000,False,15x_10kb,15x_10kb,split_read,0.836759225189286,0.637945647751067,0.7239508266636762,77.0,10.0,67.0,33.717133979319954,0.11764705882352941,0.5384615384615384,0.14999999999999986,10.075256341216743,0.09033029633385577,1,588
3,15,10000,False,15x_10kb,15x_10kb,read_depth,0.7532343917063923,0.4721199439108295,0.5804312571922347,47.0,13.0,97.0,34.5367550516164,0.3793103448275862,0.2692307692307692,0.14999999999999986,10.075256341216743,0.09033029633385577,1,588
3,15,10000,False,15x_10kb,15x_10kb,assembly_based,0.8467142301189883,0.7487538408359947,0.7947266929793331,99.0,8.0,45.0,34.22176520633161,0.1111111111111111,0.6826923076923077,0.14999999999999986,10.075256341216743,0.09033029633385577,1,588
3,15,10000,True,15x_10kb_hybrid,15x_10kb_hybrid,full_pipeline,0.936632740619744,0.8088474249438189,0.868062548420592,100.0,0.0,44.0,29.848256114532983,0.0,0.6837606837606838,0.14999999999999983,10.075796670804996,0.09033253330970854,0,863
3,15,10000,True,15x_10kb_hybrid,15x_10kb_hybrid,split_read,0.840452612527724,0.6372302160846826,0.7248670547155075,81.0,10.0,63.0,34.69251276383313,0.13043478260869565,0.5384615384615384,0.14999999999999983,10.075796670804996,0.09033253330970854,0,863
3,15,10000,True,15x_10kb_hybrid,15x_10kb_hybrid,read_depth,0.8075454526299611,0.4658861688124928,0.5908825424667287,61.0,13.0,83.0,35.20419718929433,0.14285714285714285,0.39316239316239315,0.14999999999999983,10.075796670804996,0.09033253330970854,0,863
3,15,10000,True,15x_10kb_hybrid,15x_10kb_hybrid,assembly_based,0.8299841199946505,0.7151930978697116,0.7683247035988172,86.0,8.0,58.0,33.67080336740015,0.1111111111111111,0.6239316239316239,0.14999999999999983,10.075796670804996,0.09033253330970854,0,863
3,15,50000,False,15x_50kb,15x_50kb,full_pipeline,0.9157312044269293,0.8676095623107623,0.8910211265125153,120.0,0.0,24.0,24.17382771561733,0.0,0.8363636363636363,0.14999999999999988,10.069764983995665,0.09034446425582557,1,538
3,15,50000,False,15x_50kb,15x_50kb,split_read,0.8848358270389728,0.7611401475332195,0.8183401001465628,97.0,9.0,47.0,27.600904793441103,0.05660377358490566,0.6909090909090909,0.14999999999999988,10.069764983995665,0.09034446425582557,1,538
3,15,50000,False,15x_50kb,15x_50kb,read_depth,0.8475560327315943,0.5359791971753379,0.6566835338412775,60.0,11.0,84.0,27.88595362571844,0.20689655172413793,0.4090909090909091,0.14999999999999988,10.069764983995665,0.09034446425582557,1,538
3,15,50000,False,15x_50kb,15x_50kb,assembly_based,0.874233682864081,0.7731660174279983,0.8205996089007338,107.0,7.0,37.0,26.900208817430016,0.018518518518518517,0.7363636363636363,0.14999999999999988,10.069764983995665,0.09034446425582557,1,538
3,15,50000,True,15x_50kb_hybrid,15x_50kb_hybrid,full_pipeline,0.9503099612551059,0.8937014561783629,0.9211368087693893,124.0,0.0,20.0,24.27397196515386,0.0,0.8349514563106796,0.14999999999999983,10.070047730299102,0.09034319528790227,1,979
3,15,50000,True,15x_50kb_hybrid,15x_50kb_hybrid,split_read,0.9038263139714634,0.7270379615720555,0.8058500646303015,102.0,9.0,42.0,27.27589546849229,0.14285714285714285,0.6699029126213593,0.14999999999999983,10.070047730299102,0.09034319528790227,1,979
3,15,50000,True,15x_50kb_hybrid,15x_50kb_hybrid,read_depth,0.7706855836529395,0.538097493418216,0.633724546171917,57.0,11.0,87.0,28.650612556902114,0.25,0.3592233009708738,0.14999999999999983,10.070047730299102,0.09034319528790227,1,979
3,15,50000,True,15x_50kb_hybrid,15x_50kb_hybrid,assembly_based,0.8803749820923545,0.7450619389152131,0.807086245738258,102.0,7.0,42.0,27.378470740053096,0.09836065573770492,0.6796116504854369,0.14999999999999983,10.070047730299102,0.09034319528790227,1,979
3,30,10000,False,30x standard,30x_10kb,full_pipeline,0.9408102151081776,0.8400550956917846,0.8875824695866442,113.0,0.0,31.0,29.71493911346686,0.0,0.95,0.14999999999999983,10.071311560495142,0.09032845522774598,1,813
3,30,10000,False,30x standard,30x_10kb,split_read,0.8887157343340336,0.7356769849463028,0.8049872474174364,102.0,8.0,42.0,32.96526500155934,0.11864406779661017,0.73,0.14999999999999983,10.071311560495142,0.09032845522774598,1,813
3,30,10000,False,30x standard,30x_10kb,read_depth,0.7867394243294147,0.5319033946631794,0.6346970756430768,71.0,10.0,73.0,33.67306837800867,0.1794871794871795,0.48,0.14999999999999983,10.071311560495142,0.09032845522774598,1,813
3,30,10000,False,30x standard,30x_10kb,assembly_based,0.9128079644867415,0.775546733358467,0.8385977614120842,107.0,6.0,37.0,32.65258601818014,0.0967741935483871,0.74,0.14999999999999983,10.071311560495142,0.09032845522774598,1,813
3,30,10000,True,hybrid,30x_10kb_hybrid,full_pipeline,0.9426222757211306,0.8993401628764294,0.9204727015209343,119.0,0.0,25.0,28.60880490365813,0.0,0.95,0.1499999999999996,10.072445751133138,0.09033242305539745,1,649
3,30,10000,True,hybrid,30x_10kb_hybrid,split_read,0.8878853849441826,0.7939436880581585,0.8382908922333047,104.0,8.0,40.0,31.83112975899392,0.10416666666666667,0.7058823529411765,0.1499999999999996,10.072445751133138,0.09033242305539745,1,649
3,30,10000,True,hybrid,30x_10kb_hybrid,read_depth,0.8221074955071712,0.5897506891676255,0.6868090114261739,80.0,10.0,64.0,33.10480272402246,0.19444444444444445,0.5490196078431373,0.1499999999999996,10.072445751133138,0.09033242305539745,1,649
3,30,10000,True,hybrid,30x_10kb_hybrid,assembly_based,0.8885416728290313,0.8001971813174765,0.842058605254572,109.0,6.0,35.0,31.351900420020005,0.09803921568627451,0.7352941176470589,0.1499999999999996,10.072445751133138,0.09033242305539745,1,649
3,30,50000,False,ultra-long,30x_50kb,full_pipeline,0.99,0.9190129845830203,0.9531866593730056,124.0,0.0,20.0,22.557884420779367,0.0,0.95,0.14999999999999974,10.071230959840628,0.09034448202301781,1,537
3,30,50000,False,ultra-long,30x_50kb,split_read,0.9616746840502053,0.811124424727561,0.8800070137818027,105.0,7.0,39.0,24.94240667524253,0.09803921568627451,0.7456140350877193,0.14999999999999974,10.071230959840628,0.09034448202301781,1,537
3,30,50000,False,ultra-long,30x_50kb,read_depth,0.8731721529072147,0.6530187453875876,0.7472168579119748,82.0,9.0,62.0,27.01254228069905,0.1111111111111111,0.543859649122807,0.14999999999999974,10.071230959840628,0.09034448202301781,1,537
3,30,50000,False,ultra-long,30x_50kb,assembly_based,0.8896644183270144,0.8204058119438812,0.8536326129243619,117.0,6.0,27.0,24.25197264547975,0.05555555555555555,0.8070175438596491,0.14999999999999974,10.071230959840628,0.09034448202301781,1,537
3,30,50000,True,30x_50kb_hybrid,30x_50kb_hybrid,full_pipeline,0.99,0.8938756389934721,0.9394854567749987,131.0,0.0,13.0,22.61923580351097,0.0,0.95,0.14999999999999988,10.07065280894744,0.09034667150858267,1,727
3,30,50000,True,30x_50kb_hybrid,30x_50kb_hybrid,split_read,0.8857423414192822,0.771539326048184,0.8247059779467316,106.0,7.0,38.0,24.951131805612903,0.09090909090909091,0.7722772277227723,0.14999999999999988,10.07065280894744,0.09034667150858267,1,727
3,30,50000,True,30x_50kb_hybrid,30x_50kb_hybrid,read_depth,0.8962830017430676,0.5831340705780702,0.7065663428857796,76.0,9.0,68.0,27.237625872177397,0.17777777777777778,0.5742574257425742,0.14999999999999988,10.07065280894744,0.09034667150858267,1,727
3,30,50000,True,30x_50kb_hybrid,30x_50kb_hybrid,assembly_based,0.9131385021094022,0.8531993072435334,0.8821519114767116,121.0,6.0,23.0,24.675856563695255,0.06349206349206349,0.8118811881188119,0.14999999999999988,10.07065280894744,0.09034667150858267,1,727
3,50,10000,False,50x_10kb,50x_10kb,full_pipeline,0.943242998881784,0.8634638902749787,0.9015920337462494,114.0,0.0,30.0,28.719227758705227,0.0,0.95,0.14999999999999963,10.071931253551076,0.0903328030509856,1,731
3,50,10000,False,50x_10kb,50x_10kb,split_read,0.8778784973084247,0.8120116534893358,0.843661429502536,120.0,8.0,24.0,31.969741393336,0.0967741935483871,0.8165137614678899,0.14999999999999963,10.071931253551076,0.0903328030509856,1,731
3,50,10000,False,50x_10kb,50x_10kb,read_depth,0.8144679274958267,0.5976069743374378,0.6893851214461103,71.0,10.0,73.0,33.27209890829074,0.17142857142857143,0.47706422018348627,0.14999999999999963,10.071931253551076,0.0903328030509856,1,731
3,50,10000,False,50x_10kb,50x_10kb,assembly_based,0.9177916662015047,0.7766094618647872,0.8413187174942091,110.0,6.0,34.0,31.160248266427512,0.09090909090909091,0.7431192660550459,0.14999999999999963,10.071931253551076,0.0903328030509856,1,731
3,50,10000,True,50x_10kb_hybrid,50x_10kb_hybrid,full_pipeline,0.987335697104964,0.9084411724635978,0.9462468001282458,115.0,0.0,29.0,27.99199361647556,0.0,0.95,0.14999999999999974,10.07162934140036,0.0903321513530884,1,729
3,50,10000,True,50x_10kb_hybrid,50x_10kb_hybrid,split_read,0.8922515961436859,0.7693675184351072,0.8262656469486336,106.0,8.0,38.0,30.738604865876436,0.16279069767441862,0.7207207207207207,0.14999999999999974,10.07162934140036,0.0903321513530884,1,729
3,50,10000,True,50x_10kb_hybrid,50x_10kb_hybrid,read_depth,0.8437102904768583,0.5982024937633018,0.7000556556449167,71.0,10.0,73.0,32.488338044736416,0.2727272727272727,0.5315315315315315,0.14999999999999974,10.07162934140036,0.0903321513530884,1,729
3,50,10000,True,50x_10kb_hybrid,50x_10kb_hybrid,assembly_based,0.8749205422881328,0.8086877381420752,0.8405013477555869,116.0,6.0,28.0,30.9042919270608,0.09803921568627451,0.8018018018018018,0.14999999999999974,10.07162934140036,0.0903321513530884,1,729
3,50,50000,False,50x_50kb,50x_50kb,full_pipeline,0.9491922436999448,0.913957013404774,0.9312414503463677,135.0,0.0,9.0,22.17068908602423,0.0,0.95,0.14999999999999952,10.070234921469458,0.09033895883984867,1,924
3,50,50000,False,50x_50kb,50x_50kb,split_read,0.916920785262622,0.8225736805279432,0.8671886228085954,126.0,7.0,18.0,24.533637142972797,0.06666666666666667,0.8518518518518519,0.14999999999999952,10.070234921469458,0.09033895883984867,1,924
3,50,50000,False,50x_50kb,50x_50kb,read_depth,0.8939064875176137,0.647073047833405,0.75072093053373,77.0,9.0,67.0,26.21906722241161,0.2,0.5462962962962963,0.14999999999999952,10.070234921469458,0.09033895883984867,1,924
3,50,50000,False,50x_50kb,50x_50kb,assembly_based,0.9565433460220218,0.8631917286495409,0.9074730886637319,127.0,6.0,17.0,24.07932306982396,0.06451612903225806,0.8888888888888888,0.14999999999999952,10.070234921469458,0.09033895883984867,1,924
3,50,50000,True,50x_50kb_hybrid,50x_50kb_hybrid,full_pipeline,0.99,0.98312283606175,0.9865494331247735,135.0,0.0,9.0,22.634170432376592,0.0,0.95,0.14999999999999983,10.07018577765664,0.090344551778245,2,643
3,50,50000,True,50x_50kb_hybrid,50x_50kb_hybrid,split_read,0.9157678541452224,0.861864384202845,0.8879988567478839,121.0,7.0,23.0,25.0641915271339,0.04838709677419355,0.8333333333333334,0.14999999999999983,10.07018577765664,0.090344551778245,2,643
3,50,50000,True,50x_50kb_hybrid,50x_50kb_hybrid,read_depth,0.8569960406311458,0.572406970633797,0.6863711683785001,73.0,9.0,71.0,26.89230048381681,0.05128205128205128,0.5,0.14999999999999983,10.07018577765664,0.090344551778245,2,643
3,50,50000,True,50x_50kb_hybrid,50x_50kb_hybrid,assembly_based,0.8905448507898357,0.8932178474408788,0.8918793463514517,131.0,6.0,13.0,24.54725246348371,0.04285714285714286,0.9074074074074074,0.14999999999999983,10.07018577765664,0.090344551778245,2,643
4,15,10000,False,15x_10kb,15x_10kb,full_pipeline,0.9062729608914664,0.7482733213920371,0.8197291134076057,96.0,0.0,48.0,30.711361181810645,0.0,0.6666666666666666,0.15000000000000008,10.068013353024103,0.09032468082475185,1,790
4,15,10000,False,15x_10kb,15x_10kb,split_read,0.8443635296707013,0.6822717915685131,0.7547125500226437,86.0,10.0,58.0,34.09634941525633,0.0975609756097561,0.5686274509803921,0.15000000000000008,10.068013353024103,0.09032468082475185,1,790
4,15,10000,False,15x_10kb,15x_10kb,read_depth,0.7389590040034326,0.4661281113037138,0.5716591945789778,49.0,13.0,95.0,36.056010034362984,0.23529411764705882,0.38235294117647056,0.15000000000000008,10.068013353024103,0.09032468082475185,1,790
4,15,10000,False,15x_10kb,15x_10kb,assembly_based,0.8168057284571323,0.657173718774394,0.7283456483665418,89.0,8.0,55.0,34.007621195737485,0.08888888888888889,0.5980392156862745,0.15000000000000008,10.068013353024103,0.09032468082475185,1,790
4,15,10000,True,15x_10kb_hybrid,15x_10kb_hybrid,full_pipeline,0.9343024672582129,0.7971940327994155,0.8603197889262024,101.0,0.0,43.0,30.195958153982602,0.0,0.6788990825688074,0.14999999999999988,10.07083204283044,0.09032456949308822,1,621
4,15,10000,True,15x_10kb_hybrid,15x_10kb_hybrid,split_read,0.8307282559694678,0.7106618687395334,0.7660187843923688,86.0,10.0,58.0,34.48845103252794,0.14285714285714285,0.5779816513761468,0.14999999999999988,10.07083204283044,0.09032456949308822,1,621
4,15,10000,True,15x_10kb_hybrid,15x_10kb_hybrid,read_depth,0.7557960470495626,0.4683370014900029,0.5783150039703363,58.0,13.0,86.0,35.27641077142794,0.24324324324324326,0.41284403669724773,0.14999999999999988,10.07083204283044,0.09032456949308822,1,621
4,15,10000,True,15x_10kb_hybrid,15x_10kb_hybrid,assembly_based,0.8613628860454653,0.697241957755589,0.7706614635428457,93.0,8.0,51.0,33.832019627173054,0.125,0.6146788990825688,0.14999999999999988,10.07083204283044,0.09032456949308822,1,621
4,15,50000,False,15x_50kb,15x_50kb,full_pipeline,0.9435840721972218,0.8326205482267105,0.8846362389298704,114.0,0.0,30.0,23.76265691310166,0.0,0.8135593220338984,0.14999999999999966,10.070110859298152,0.0903458234413476,0,697
4,15,50000,False,15x_50kb,15x_50kb,split_read,0.8759313912320071,0.7121981365931191,0.7856244641117792,94.0,9.0,50.0,26.899559623308747,0.14583333333333334,0.635593220338983,0.14999999999999966,10.070110859298152,0.0903458234413476,0,697
4,15,50000,False,15x_50kb,15x_50kb,read_depth,0.8057391102467575,0.516195647751067,0.6292580165788754,59.0,11.0,85.0,28.04382390727139,0.17857142857142858,0.3983050847457627,0.14999999999999966,10.070110859298152,0.0903458234413476,0,697
4,15,50000,False,15x_50kb,15x_50kb,assembly_based,0.8610581651379896,0.7592913132356444,0.8069789804062764,105.0,7.0,39.0,26.670249794846942,0.02040816326530612,0.7372881355932204,0.14999999999999966,10.070110859298152,0.0903458234413476,0,697
4,15,50000,True,15x_50kb_hybrid,15x_50kb_hybrid,full_pipeline,0.959648811639005,0.8819246826868196,0.9191465627662565,125.0,0.0,19.0,23.505306841059895,0.0,0.8818181818181818,0.14999999999999955,10.069230314918327,0.09033919693562097,1,679
4,15,50000,True,15x_50kb_hybrid,15x_50kb_hybrid,split_read,0.8566119784979594,0.7302382427447289,0.7883930285525903,101.0,9.0,43.0,26.520836346075864,0.08695652173913043,0.7181818181818181,0.14999999999999955,10.069230314918327,0.09033919693562097,1,679
4,15,50000,True,15x_50kb_hybrid,15x_50kb_hybrid,read_depth,0.8104129906087425,0.5635635728917076,0.6648137277418228,69.0,11.0,75.0,27.54524481995354,0.2647058823529412,0.4909090909090909,0.14999999999999955,10.069230314918327,0.09033919693562097,1,679
4,15,50000,True,15x_50kb_hybrid,15x_50kb_hybrid,assembly_based,0.8707522745998096,0.755421154021264,0.8089969699020385,107.0,7.0,37.0,26.08968052870926,0.10416666666666667,0.7545454545454545,0.14999999999999955,10.069230314918327,0.09033919693562097,1,679
4,30,10000,False,30x standard,30x_10kb,full_pipeline,0.9457069498082137,0.8445563953509027,0.8922741503343847,112.0,0.0,32.0,29.102878145922805,0.0,0.95,0.1499999999999997,10.0748427433038,0.09033228349998981,1,811
4,30,10000,False,30x standard,30x_10kb,split_read,0.9130421108327297,0.7439151222661164,0.8198471510866373,103.0,8.0,41.0,32.36340922549019,0.07407407407407407,0.7272727272727273,0.1499999999999997,10.0748427433038,0.09033228349998981,1,811
4,30,10000,False,30x standard,30x_10kb,read_depth,0.8608007896006502,0.5648807069713865,0.682129577693616,78.0,10.0,66.0,33.46326527239326,0.1951219512195122,0.5454545454545454,0.1499999999999997,10.0748427433038,0.09033228349998981,1,811
4,30,10000,False,30x standard,30x_10kb,assembly_based,0.8643029312195943,0.7958010393886731,0.828638667443477,109.0,6.0,35.0,32.02125294098614,0.05263157894736842,0.7454545454545455,0.1499999999999997,10.0748427433038,0.09033228349998981,1,811
4,30,10000,True,hybrid,30x_10kb_hybrid,full_pipeline,0.9246838019498645,0.9055293017729881,0.9150063190316319,125.0,0.0,19.0,28.560610891401222,0.0,0.95,0.14999999999999972,10.072441342199717,0.09033001843981711,1,876
4,30,10000,True,hybrid,30x_10kb_hybrid,split_read,0.8777155556362266,0.7894706148232324,0.8312576623126408,110.0,8.0,34.0,32.413517660421746,0.10714285714285714,0.7280701754385965,0.14999999999999972,10.072441342199717,0.09033001843981711,1,876
4,30,10000,True,hybrid,30x_10kb_hybrid,read_depth,0.7947113497554111,0.604270025654183,0.68652843582535,77.0,10.0,67.0,34.42509595072689,0.11363636363636363,0.5350877192982456,0.14999999999999972,10.072441342199717,0.09033001843981711,1,876
4,30,10000,True,hybrid,30x_10kb_hybrid,assembly_based,0.8678888839843668,0.7778965152272168,0.8204322857394388,111.0,6.0,33.0,31.259234047439975,0.08,0.7543859649122807,0.14999999999999972,10.072441342199717,0.09033001843981711,1,876
4,30,50000,False,ultra-long,30x_50kb,full_pipeline,0.9462625157636061,0.9272634081556813,0.9366666286008978,136.0,0.0,8.0,22.475197096428595,0.0,0.95,0.15000000000000008,10.069141040614548,0.09034001838457292,1,615
4,30,50000,False,ultra-long,30x_50kb,split_read,0.8993998555798015,0.8183528761719484,0.8569643872919614,125.0,7.0,19.0,24.85407733846901,0.07272727272727272,0.8636363636363636,0.15000000000000008,10.069141040614548,0.09034001838457292,1,615
4,30,50000,False,ultra-long,30x_50kb,read_depth,0.8640493120466436,0.6139269849463028,0.7178236756150829,84.0,9.0,60.0,26.720472342008055,0.15384615384615385,0.5568181818181818,0.15000000000000008,10.069141040614548,0.09034001838457292,1,615
4,30,50000,False,ultra-long,30x_50kb,assembly_based,0.9327574213897495,0.8595698062677996,0.894669347903283,123.0,6.0,21.0,23.99653280986382,0.057692307692307696,0.8409090909090909,0.15000000000000008,10.069141040614548,0.09034001838457292,1,615
4,30,50000,True,30x_50kb_hybrid,30x_50kb_hybrid,full_pipeline,0.9878318320861567,0.937952540033186,0.9622462301022637,134.0,0.0,10.0,22.448870810083022,0.0,0.95,0.14999999999999983,10.070319766242568,0.09033848679613864,1,642
4,30,50000,True,30x_50kb_hybrid,30x_50kb_hybrid,split_read,0.9190907563134284,0.8002295649420424,0.8555515653184248,119.0,7.0,25.0,24.671414550358428,0.05357142857142857,0.8055555555555556,0.14999999999999983,10.070319766242568,0.09033848679613864,1,642
4,30,50000,True,30x_50kb_hybrid,30x_50kb_hybrid,read_depth,0.8635178312822678,0.6435081880046047,0.7374534849518621,90.0,9.0,54.0,26.328383220435736,0.1,0.5833333333333334,0.14999999999999983,10.070319766242568,0.09033848679613864,1,642
4,30,50000,True,30x_50kb_hybrid,30x_50kb_hybrid,assembly_based,0.9477654463244702,0.8290226175907781,0.8844262375813469,124.0,6.0,20.0,24.384995057272835,0.06451612903225806,0.8425925925925926,0.14999999999999983,10.070319766242568,0.09033848679613864,1,642
4,50,10000,False,50x_10kb,50x_10kb,full_pipeline,0.9278389262598165,0.8246590598659738,0.8732115901918691,110.0,0.0,34.0,28.84061538075146,0.0,0.95,0.14999999999999933,10.071234667117052,0.09033126463923528,0,771
4,50,10000,False,50x_10kb,50x_10kb,split_read,0.8887495353273399,0.738628113608961,0.8067646660610721,105.0,8.0,39.0,32.23382024134624,0.09090909090909091,0.7222222222222222,0.14999999999999933,10.071234667117052,0.09033126463923528,0,771
4,50,10000,False,50x_10kb,50x_10kb,read_depth,0.8706813673279343,0.5640783834189158,0.6846198994635279,72.0,10.0,72.0,33.91238653890645,0.125,0.46296296296296297,0.14999999999999933,10.071234667117052,0.09033126463923528,0,771
4,50,10000,False,50x_10kb,50x_10kb,assembly_based,0.8807470580427436,0.7815897818994811,0.8282110875051806,110.0,6.0,34.0,31.320698978809407,0.057692307692307696,0.7592592592592593,0.14999999999999933,10.071234667117052,0.09033126463923528,0,771
4,50,10000,True,50x_10kb_hybrid,50x_10kb_hybrid,full_pipeline,0.9608005850057046,0.8739467522130924,0.91531791190717,122.0,0.0,22.0,27.973553303284508,0.0,0.95,0.1499999999999997,10.071858500583867,0.09033499821191425,1,611
4,50,10000,True,50x_10kb_hybrid,50x_10kb_hybrid,split_read,0.8992334350116267,0.8208881022541532,0.8582765949475131,114.0,8.0,30.0,31.146452327721374,0.1111111111111111,0.7572815533980582,0.1499999999999997,10.071858500583867,0.09033499821191425,1,611
4,50,10000,True,50x_10kb_hybrid,50x_10kb_hybrid,read_depth,0.8406049167153188,0.6355080994822372,0.7238080379689305,81.0,10.0,63.0,32.671804056356,0.15384615384615385,0.5533980582524272,0.1499999999999997,10.071858500583867,0.09033499821191425,1,611
4,50,10000,True,50x_10kb_hybrid,50x_10kb_hybrid,assembly_based,0.8884324590039556,0.8228658070329004,0.8543930732373797,114.0,6.0,30.0,30.62733859304104,0.0784313725490196,0.7864077669902912,0.1499999999999997,10.071858500583867,0.09033499821191425,1,611
4,50,50000,False,50x_50kb,50x_50kb,full_pipeline,0.99,0.9240472635582667,0.9558873579976629,136.0,0.0,8.0,22.425520155519425,0.0,0.95,0.14999999999999983,10.07009755673691,0.09033764662052507,1,542
4,50,50000,False,50x_50kb,50x_50kb,split_read,0.9519764236016196,0.8085229170295042,0.8744050476926252,118.0,7.0,26.0,24.45921571064554,0.07142857142857142,0.8173913043478261,0.14999999999999983,10.07009755673691,0.09033764662052507,1,542
4,50,50000,False,50x_50kb,50x_50kb,read_depth,0.8520034973084246,0.6635255423782246,0.7460445400328369,91.0,9.0,53.0,26.02699363669196,0.14634146341463414,0.6434782608695652,0.14999999999999983,10.07009755673691,0.09033764662052507,1,542
4,50,50000,False,50x_50kb,50x_50kb,assembly_based,0.9301885001752125,0.8902075975063997,0.9097590035747102,120.0,6.0,24.0,24.305722066287515,0.04918032786885246,0.8173913043478261,0.14999999999999983,10.07009755673691,0.09033764662052507,1,542
4,50,50000,True,50x_50kb_hybrid,50x_50kb_hybrid,full_pipeline,0.99,0.9782786463550587,0.9841044220898394,138.0,0.0,6.0,22.069619972747304,0.0,0.9523809523809523,0.14999999999999952,10.069493373277584,0.09033934235916449,2,521
4,50,50000,True,50x_50kb_hybrid,50x_50kb_hybrid,split_read,0.9400782356283316,0.8509174290428527,0.8932784943472915,122.0,7.0,22.0,24.017407936735857,0.08928571428571429,0.8285714285714286,0.14999999999999952,10.069493373277584,0.09033934235916449,2,521
4,50,50000,True,50x_50kb_hybrid,50x_50kb_hybrid,read_depth,0.8534710363960498,0.6768179836775317,0.7549482985285649,87.0,9.0,57.0,25.860013542856752,0.13953488372093023,0.5714285714285714,0.14999999999999952,10.069493373277584,0.09033934235916449,2,521
4,50,50000,True,50x_50kb_hybrid,50x_50kb_hybrid,assembly_based,0.9253057019946926,0.8623250382067769,0.8927059228524962,127.0,6.0,17.0,23.685645609394427,0.08064516129032258,0.8952380952380953,0.14999999999999952,10.069493373277584,0.09033934235916449,2,521
