,Tumor_cells,CD8_T_cells,CD4_T_cells,Macrophages_M1,Macrophages_M2,Fibroblasts,Endothelial,NK_cells,x,y,domain
0,0.0849478828427085,0.04056148880939616,0.007536331017320748,0.033065104505036434,0.1779363212003616,0.46422226822776136,0.1261421266848957,0.06558847671251956,0.0,0.0,Stromal
1,0.13040825931168887,0.02879438939763453,0.07916429769978321,0.002264571823866298,0.041400058273295307,0.3917843010031831,0.31766231838805137,0.00852180410249719,1.0,0.0,Stromal
2,0.01832531334883483,0.15025203950947222,0.17030842460769632,0.06394627564494251,0.035560763375672336,0.36714255722063366,0.18396348342503233,0.0105011428677158,2.0,0.0,Stromal
3,0.12797235100794982,0.038561663372569846,0.04156171216114588,0.008118307850127635,0.12043780176648798,0.4498131791927067,0.18120431459078448,0.03233067005822757,3.0,0.0,Stromal
4,0.03598261397754741,0.034511961271060175,0.006700224355381215,0.10014267124782343,0.028554582086023354,0.4380845595644008,0.265383178292527,0.09064020920523662,4.0,0.0,Stromal
5,0.039113720064404084,0.071049106455655,0.029241864117685194,0.04435561818866552,0.028014844615509266,0.37288288272254416,0.25692768239830005,0.1584142814372366,5.0,0.0,Stromal
6,0.08817229864083825,0.034931188940094934,0.037951383946997735,0.1658152386641132,0.07014728475490645,0.371822497063889,0.16736168123953046,0.06379842674962986,6.0,0.0,Stromal
7,0.03251231423323691,0.09632264562869644,0.05854986476458052,0.027915680623718284,0.0442902806220926,0.5609395601078719,0.1446944066418038,0.03477524737799954,7.0,0.0,Stromal
8,0.07925570336003752,0.03475903490694165,0.02626941600413299,0.055095093022831186,0.04467337113139228,0.2915336522419296,0.4178677402325051,0.05054598910022956,8.0,0.0,Stromal
9,0.005088204147350915,0.0018764515774760192,0.04695523085910409,0.0420487352201804,0.053035222262376704,0.4470288286719143,0.3154950362188341,0.08847229104276332,9.0,0.0,Stromal
10,0.257879986847803,0.055089022190666755,0.006793234336965977,0.007686707144221348,0.03208391321542172,0.4711303336965021,0.10242503147672612,0.06691177109169302,10.0,0.0,Stromal
11,0.034364406314717294,0.01041611522959775,0.029368459392889283,0.2294148920929024,0.17042176297778436,0.35565194013407136,0.09642492239269725,0.07393750146534028,11.0,0.0,Stromal
12,0.07756496924158642,0.02105829588491001,0.06345738139611862,0.08908612464628622,0.07696563150160793,0.44566927672746093,0.20868575283525403,0.017512567766775608,12.0,0.0,Stromal
13,0.18073862727210976,0.009681938373905392,0.04748202300214773,0.05287430410857009,0.11701639609949843,0.22696325495469047,0.20880507811645607,0.15643837807262195,13.0,0.0,Stromal
14,0.021959906289406833,0.021667142818829307,0.09658282690416531,0.013338869962957767,0.05559476101316925,0.56140203313985,0.21693510661252777,0.012519353259093584,14.0,0.0,Stromal
15,0.02074794554353602,0.15833747868548864,0.1267450961283132,0.07191979241706571,0.09659121177154963,0.40447044865290765,0.11691554318537688,0.004272483615762301,15.0,0.0,Stromal
16,0.08147426241754438,0.06369497135487283,0.045149945710600166,0.007880070548738011,0.0713164194612926,0.2800852606944352,0.329279251114898,0.121119818697619,16.0,0.0,Stromal
17,0.07701126006300187,0.09708098897153997,0.028437611765018515,0.057120513514247205,0.08037521054643858,0.46625328679794126,0.12292890263530469,0.07079222570650807,17.0,0.0,Stromal
18,0.04106364109434602,0.04039867751736075,0.01743567246351253,0.04880840751794884,0.04163864848102731,0.597572041464341,0.12706014118822115,0.0860227702732423,18.0,0.0,Stromal
19,0.0803864087142737,0.06184729210165951,0.07894218625105377,0.023810225101789085,0.09072932872080992,0.36690219809071584,0.21039629728502915,0.08698606373466902,19.0,0.0,Stromal
20,0.07631378598365034,0.005167720833039233,0.008748695404740743,0.11446199804813907,0.054049847566878625,0.4775169728404308,0.1828774342468572,0.08086354507626389,0.5,0.8660254037844386,Stromal
21,0.052928452226828016,0.003985149102630229,0.0035186427025316255,0.11415105880919538,0.1991800768598575,0.1623651219581106,0.172127532257304,0.29174396608354275,1.5,0.8660254037844386,Stromal
22,0.013712887868607302,0.02653127533072837,0.05556976731720888,0.13922356556588827,0.07224951768677121,0.48866603498809724,0.14884039547308756,0.055206555769611004,2.5,0.8660254037844386,Stromal
23,0.11864729275447294,0.0335517803085199,0.04317785819974125,0.040117394292664955,0.1122597973162307,0.48669145693159943,0.14225603945937845,0.02329838073739239,3.5,0.8660254037844386,Stromal
24,0.09004254180276222,0.03594228007566097,0.0761124206867521,0.06761447630710278,0.07670093246133787,0.3763433255612575,0.17996601546879082,0.09727800763633572,4.5,0.8660254037844386,Stromal
25,0.02864112502781114,0.07877818184681469,0.022581804716613276,0.07594619064849868,0.09754621318011265,0.4985629192196884,0.1493899557044277,0.048553609656033295,5.5,0.8660254037844386,Stromal
26,0.05864184881326372,0.05205038988774256,0.030994608587433206,0.011822759100850618,0.017328107587986568,0.5194618514670921,0.26077862258425244,0.04892181197137881,6.5,0.8660254037844386,Stromal
27,0.042281196283992455,0.028235817542648187,0.008134188417323725,0.08563181356943167,0.04783906440562596,0.573783079620102,0.1815625917187633,0.03253224844211283,7.5,0.8660254037844386,Stromal
28,0.08203070241546065,0.02487343958768115,0.024566667596248138,0.01884098078289299,0.0552448693388573,0.5706427074460764,0.17872931472545803,0.04507131810732531,8.5,0.8660254037844386,Stromal
29,0.04461640232513694,0.005758013629912009,0.04824517983423306,0.06657776916656245,0.1793038233525628,0.46928824705208183,0.13589736159696844,0.05031320304254264,9.5,0.8660254037844386,Stromal
30,0.041338926184756555,0.1124273348295064,0.023896753395842404,0.09814777621435569,0.08656000431135226,0.34876490712203223,0.1300321885598251,0.15883210938232942,10.5,0.8660254037844386,Stromal
31,0.026164454188595938,0.02924856935604859,0.02046519736301916,0.015709285089969053,0.0677667705486006,0.4260956487499733,0.4018524084986347,0.012697666205158699,11.5,0.8660254037844386,Stromal
32,0.06673629468558599,0.10481359024559654,0.04532056491613391,0.004451143922032023,0.16284475340007057,0.4169642437702922,0.0994849662747407,0.09938444278554809,12.5,0.8660254037844386,Stromal
33,0.06325857364380012,0.017690604672133264,0.0032140506540248217,0.144298877195368,0.07048668477468265,0.45423550075093333,0.15900015691741418,0.08781555139164385,13.5,0.8660254037844386,Stromal
34,0.07008519959348519,0.05548437962082708,0.0479545298203149,0.07169316968983014,0.08362249084011679,0.3049667123097979,0.3198138926859769,0.04637962543965112,14.5,0.8660254037844386,Stromal
35,0.047177931013870376,0.0013687712418868274,0.06594550123392764,0.09946662639838712,0.02162824963384466,0.4769385693612325,0.2854123832942305,0.002061967822620362,15.5,0.8660254037844386,Stromal
36,0.06780793290837393,0.10517151526918389,0.03469921184920276,0.1182321859919595,0.010586612421615583,0.5434152275125119,0.06606682692462637,0.05402048712252576,16.5,0.8660254037844386,Stromal
37,0.09711982570969552,0.023870221947741747,0.12780861001487112,0.014244986079646534,0.02530508668163516,0.5394142518944511,0.15432551877227732,0.01791149889968148,17.5,0.8660254037844386,Stromal
38,0.07199823766239248,0.02836020487027798,0.043825867721579835,0.013523957678150653,0.03951076741393419,0.5440502939593566,0.216357520363677,0.04237315033063121,18.5,0.8660254037844386,Stromal
39,0.037110430799677935,0.032421283516500546,0.047115616836656174,0.02121106767174842,0.20384776409565808,0.36106390354391527,0.23901233368358202,0.058217599852261485,19.5,0.8660254037844386,Stromal
40,0.06296278230761851,0.015499100130843307,0.017507382837882206,0.013772019865396772,0.03736344521545896,0.29962455742269134,0.44310600977625064,0.1101647024438582,0.0,1.7320508075688772,Stromal
41,0.11370197377772016,0.11474730882343953,0.04738738230174241,0.024045012378298043,0.043163249987653314,0.3977070635745319,0.1331544997993523,0.12609350935726243,1.0,1.7320508075688772,Stromal
42,0.05363293866291078,0.027008463757471686,0.01532296667731848,0.03924657248870577,0.10639543769889405,0.4771698927021409,0.2597695867338173,0.021454141278741234,2.0,1.7320508075688772,Stromal
43,0.03891184943429831,0.059520965734617994,0.14282025217011537,0.09577004370092729,0.008820104154477527,0.5232613980300561,0.12882802310622138,0.002067363669285947,3.0,1.7320508075688772,Stromal
44,0.08721522458696569,0.047986730826208496,0.009243098397059496,0.014772656912309376,0.03669157958256954,0.4521656674932278,0.32805960070863016,0.02386544149302942,4.0,1.7320508075688772,Stromal
45,0.10484072239376327,0.02837006409096085,0.02293322049608581,0.16145625303641362,0.09257759542319084,0.3458323493214284,0.20498761617992856,0.03900217905822867,5.0,1.7320508075688772,Stromal
46,0.0630542372790511,0.006684178924782682,0.006711461579573395,0.020084411351412534,0.06064948485461001,0.5802260191248942,0.2424094381251066,0.02018076876056941,6.0,1.7320508075688772,Stromal
47,0.009933731793859264,0.061789082964201186,0.0233713682562117,0.051200415548139096,0.21653621011540516,0.28969471707335226,0.13281199013803657,0.21466248411079483,7.0,1.7320508075688772,Stromal
48,0.2887215252173244,0.3301320615140513,0.04507089953590304,0.04225412102968917,0.06954117552857383,0.05739497313841819,0.10020243077299046,0.06668281326304953,8.0,1.7320508075688772,Invasive_margin
49,0.24568774214280562,0.10856660952405565,0.11927755017151975,0.1941696018298389,0.22205801281312587,0.061834282196581644,0.012369602532800996,0.03603659878927139,9.0,1.7320508075688772,Invasive_margin
50,0.2866999865889165,0.10022491101677054,0.28149879900806846,0.08782310638808255,0.07047150387755131,0.1281707475153157,0.017145648935823897,0.027965296669470986,10.0,1.7320508075688772,Invasive_margin
51,0.3773902430447348,0.07449758465402857,0.08298501535138224,0.11807704540277525,0.19328967181704426,0.10158006481073317,0.03758881063408918,0.014591564285212516,11.0,1.7320508075688772,Invasive_margin
52,0.3552254871493939,0.12599785225121882,0.05737598850482198,0.24919262441071374,0.06187009854650091,0.07677160401448631,0.03820765468810622,0.035358690434758186,12.0,1.7320508075688772,Invasive_margin
53,0.08461709503883659,0.007463205015810865,0.12356277980056025,0.02434986886383269,0.26383976697944317,0.31351425658932913,0.1545182553748112,0.02813477233737621,13.0,1.7320508075688772,Stromal
54,0.07492681450171015,0.004139741330080698,0.09099695039476906,0.027580314085672734,0.17876790834790982,0.4343963756181651,0.18274944164428372,0.006442454077408741,14.0,1.7320508075688772,Stromal
55,0.03071436974605534,0.0013677429138500305,0.00903083834177253,0.10968675266807744,0.1757599671768681,0.5475863114698807,0.10115612357643906,0.024697894107057014,15.0,1.7320508075688772,Stromal
56,0.10935644093144194,0.006024850577428488,0.016026736850115842,0.09843842406684299,0.10557256043286857,0.30885454917001026,0.28629087490050065,0.06943556307079136,16.0,1.7320508075688772,Stromal
57,0.0183307749965739,0.09868633263538,0.024271128724399488,0.02103035803521749,0.014553336312017417,0.2871834040357272,0.47337238638131535,0.06257227887936898,17.0,1.7320508075688772,Stromal
58,0.06612140181925928,0.11553682565551648,0.038065280668063604,0.05567029940783956,0.08221506849316718,0.511062958446935,0.07234023155971929,0.058987933949499596,18.0,1.7320508075688772,Stromal
59,0.05293743635963256,0.009312807451112468,0.01571672914054969,0.05251193335145391,0.022437010144088936,0.5615193709286553,0.22981610771254918,0.05574860491195805,19.0,1.7320508075688772,Stromal
60,0.14976250723650278,0.010594251776224915,0.1350618038271562,0.0018858137089805503,0.01666851696673188,0.5289953941931562,0.13434413764940806,0.022687574641839525,0.5,2.598076211353316,Stromal
61,0.015215776818932015,0.07681131672440288,0.02133132672450295,0.01507906005645129,0.031787678095331215,0.61855162375261,0.16161132204552306,0.05961189578224654,1.5,2.598076211353316,Stromal
62,0.11295591128213431,0.0028924577415506236,0.04823746239990755,0.01344317564045963,0.025327168076398784,0.5327550118338186,0.1857382261993372,0.0786505868263934,2.5,2.598076211353316,Stromal
63,0.03420462756069832,0.008224562965623315,0.16772683358455406,0.036673505707262403,0.08258486315488849,0.2704079649255872,0.2709145798179294,0.1292630622834569,3.5,2.598076211353316,Stromal
64,0.051183808237464705,0.1891669237445829,0.12409253218349589,0.002482850881273839,0.07808091559101978,0.37316595345717724,0.0844246589606548,0.09740235694433089,4.5,2.598076211353316,Stromal
65,0.06815220057797554,0.10375697469837561,0.021423350962396445,0.09300400067496857,0.07680802092826233,0.38035468847142995,0.22902008598857346,0.027480677698018045,5.5,2.598076211353316,Stromal
66,0.2847021808225278,0.1094074490112039,0.18415910538806196,0.03167275692182089,0.0965715957750735,0.21803916240711646,0.033546366719166276,0.041901382955029286,6.5,2.598076211353316,Invasive_margin
67,0.47153935812532305,0.09711324744942769,0.2101523739980756,0.07366213131653171,0.06441086874589762,0.045235040596710296,0.022006348696661775,0.015880631071372386,7.5,2.598076211353316,Invasive_margin
68,0.40180676960064454,0.1122619023907091,0.10641068982647407,0.11144579582087873,0.11488112179056355,0.0615515010235799,0.029211349007286544,0.062430870539863584,8.5,2.598076211353316,Invasive_margin
69,0.32627680193618425,0.06144438358909568,0.03510126882337494,0.10413186074283061,0.152660093161143,0.19621625729652328,0.018399791758378522,0.10576954269246967,9.5,2.598076211353316,Invasive_margin
70,0.24885290696875054,0.20213228714981826,0.3033121811601618,0.03376587721961968,0.0462053584561243,0.07311917340590164,0.06826987099038993,0.024342344649233842,10.5,2.598076211353316,Invasive_margin
71,0.18673843600840936,0.19413622569674224,0.10356682247289072,0.06491518338409048,0.1209482275893355,0.11764168952888052,0.13152894873334509,0.08052446658630595,11.5,2.598076211353316,Invasive_margin
72,0.3728088483910487,0.12179409137996416,0.0944430768513007,0.13397356329638893,0.06126251264939562,0.1192990792347711,0.05653128940618484,0.03988753879094586,12.5,2.598076211353316,Invasive_margin
73,0.28334792211694315,0.17353023621394817,0.08826315638614408,0.142343419211714,0.06586768149653892,0.13459010027249765,0.06905034208220255,0.04300714222001157,13.5,2.598076211353316,Invasive_margin
74,0.02342053320844569,0.1347823090043688,0.12882849081801886,0.016467195608101247,0.06461780700081463,0.49677573340907455,0.13151524423720765,0.0035926867139684506,14.5,2.598076211353316,Stromal
75,0.02465890777482688,0.06544762726226473,0.06096202626844474,0.09794278734232933,0.1232330163016514,0.44673500759540014,0.14310974230576895,0.037910885149313796,15.5,2.598076211353316,Stromal
76,0.07647180801995974,0.047282396612675616,0.020610428932471073,0.035527647651908925,0.13388323525669904,0.40708705104983306,0.20680712589388064,0.07233030658257188,16.5,2.598076211353316,Stromal
77,0.12707666416561325,0.09400412338780863,0.03553558970284965,0.029122890736189497,0.1362803848229632,0.23327186754599166,0.3079620069310345,0.03674647270754976,17.5,2.598076211353316,Stromal
78,0.03691073150333058,0.021284847308193258,0.03479078598892488,0.02921916002500665,0.0016290000634358365,0.6020570033579135,0.2602367785920042,0.013871693161191101,18.5,2.598076211353316,Stromal
79,0.06884478782255982,0.008719798803637695,0.039190648220275806,0.178948739815977,0.14367200863992785,0.4919552103336984,0.05569959001254934,0.012969216351374114,19.5,2.598076211353316,Stromal
80,0.04612878184682086,0.07621313875597507,0.0105563392037825,0.1385481845365592,0.12376098068656029,0.3893534796069969,0.12110665060814524,0.09433244475515996,0.0,3.4641016151377544,Stromal
81,0.07797755524196628,0.003065099393504007,0.08266137629176765,0.1013997613575175,0.05514281751918598,0.5164338801188608,0.1489796015193146,0.014339908557883096,1.0,3.4641016151377544,Stromal
82,0.029927125216104182,0.13994592192030825,0.015438086385558141,0.05449642056455552,0.02722501898527485,0.5274225084661954,0.17162927723766228,0.03391564122434132,2.0,3.4641016151377544,Stromal
83,0.079154765050374,0.004216962079013367,0.0017519023099693272,0.036491155206588854,0.00922403168206085,0.3810074091545828,0.42665494771715234,0.061498826800258345,3.0,3.4641016151377544,Stromal
84,0.09407197619298145,0.022023122645687405,0.06826243281906458,0.023636587600734595,0.08402522272406733,0.43030137848163674,0.23102172368289423,0.04665755585293379,4.0,3.4641016151377544,Stromal
85,0.3433869115196387,0.1428568093197178,0.20055127845339946,0.18428258858035879,0.06754304504947357,0.04564418236596468,0.011451559973464321,0.004283624737982687,5.0,3.4641016151377544,Invasive_margin
86,0.519852661282293,0.16314005615040986,0.029102233252917453,0.03149546517017756,0.0684777239719891,0.09370459631232496,0.04350376542120025,0.05072349843868763,6.0,3.4641016151377544,Invasive_margin
87,0.3204430446450228,0.16601083763192348,0.06549337203897396,0.08691663346059157,0.1351142579480388,0.10361239595280612,0.09752358831991233,0.024885870002730872,7.0,3.4641016151377544,Invasive_margin
88,0.2134825680175461,0.17386589390296697,0.0840099421533321,0.26340187212295674,0.05819260379028081,0.15998264319588287,0.012192895612838752,0.034871581204195395,8.0,3.4641016151377544,Invasive_margin
89,0.23533042631914924,0.13682325126407197,0.08415959625354731,0.1187732526502659,0.08738013329943034,0.17903557962978406,0.12000361551269363,0.03849414507105775,9.0,3.4641016151377544,Invasive_margin
90,0.36863346078605375,0.1309166571038719,0.035691453108174426,0.08103585647712742,0.08728298849567266,0.21994828680207865,0.06590831307439814,0.010582984152623097,10.0,3.4641016151377544,Invasive_margin
91,0.429201272945648,0.2370905800716653,0.08811069367650268,0.13406890368148072,0.036556579168238026,0.03635333252326796,0.019965257010916504,0.018653380922280707,11.0,3.4641016151377544,Invasive_margin
92,0.10610244393760476,0.34877624137990965,0.18351958881984232,0.21011094569161354,0.07041774914876758,0.03536225266735762,0.006044655250722673,0.039666123104181765,12.0,3.4641016151377544,Invasive_margin
93,0.3541690919371286,0.21225409160918537,0.14016863147808845,0.12280657863112636,0.04279804306831184,0.08303322599818351,0.01655774130444736,0.028212595973528643,13.0,3.4641016151377544,Invasive_margin
94,0.19253056660155762,0.07618134905209514,0.1799062953522728,0.16655179000869677,0.039524918446814675,0.07404545749054642,0.0805165201413446,0.1907431029066719,14.0,3.4641016151377544,Invasive_margin
95,0.06608886793217915,0.04315420322846171,0.13014178812925478,0.12298519244199042,0.056909867067869546,0.352121427808938,0.06813391955028776,0.16046473384101884,15.0,3.4641016151377544,Stromal
96,0.02087003342408522,0.021012028402821417,0.11309363935569161,0.024091733648566722,0.04249418330278058,0.5810414910914148,0.11969137058215919,0.07770552019248035,16.0,3.4641016151377544,Stromal
97,0.07089578311524218,0.06809645293792514,0.06193363766436891,0.04981163088997721,0.04886932212613924,0.3161109703706929,0.15467113816545439,0.22961106473019996,17.0,3.4641016151377544,Stromal
98,0.12690213079044185,0.0051960304780751245,0.0056230234491052395,0.2158956568546751,0.04510392271846391,0.3462432975363806,0.23435752220086786,0.02067841597199037,18.0,3.4641016151377544,Stromal
99,0.06558615024091034,0.04457335044321051,0.03224769241315393,0.0031892722847731555,0.014179225666302118,0.5849720158586836,0.19183262461904668,0.06341966847391961,19.0,3.4641016151377544,Stromal
100,0.06524120555627534,0.010807048292954617,0.036977190825504276,0.03696227539922358,0.02396402635939788,0.5579164574939093,0.23902132435077172,0.02911047172196325,0.5,4.330127018922193,Stromal
101,0.18931766186306076,0.05814564897680954,0.005555247437781173,0.059832229795428245,0.08468257997508724,0.454739405208222,0.14033452737590807,0.0073926993677031925,1.5,4.330127018922193,Stromal
102,0.006129611809608232,0.030219847188508734,0.04678948039685027,0.07294475716079524,0.0642285800096219,0.5449991108546615,0.19503401396411424,0.039654598615839934,2.5,4.330127018922193,Stromal
103,0.08587409096261854,0.019600338496373902,0.004551417540359396,0.06483278487773855,0.10634109093364456,0.3114674261367983,0.3324683847573504,0.07486446629511627,3.5,4.330127018922193,Stromal
104,0.3388551151909721,0.25607007674261173,0.10152829139120573,0.04207569732238783,0.0602575560277471,0.10934174217589926,0.06806054164844876,0.02381097950072739,4.5,4.330127018922193,Invasive_margin
105,0.3189938105023059,0.06395192888888494,0.06755942181101922,0.23348474880508407,0.17200662399850877,0.08060697475902293,0.05576013094723095,0.007636360287943271,5.5,4.330127018922193,Invasive_margin
106,0.3072484727462456,0.1119021843250767,0.08185831455839351,0.14456303178645927,0.10472054121171442,0.2353385498730204,0.00944231546853767,0.0049265900305524414,6.5,4.330127018922193,Invasive_margin
107,0.22927587971159163,0.17725939271878902,0.18887396498337927,0.25724773602709383,0.07864878120789011,0.010062996519133827,0.0456213448294203,0.013009904002702103,7.5,4.330127018922193,Invasive_margin
108,0.3358972101567922,0.13340760710619542,0.12786381292952156,0.21756568544831587,0.07424831910672137,0.07537926884625723,0.019642635822597194,0.015995460583599054,8.5,4.330127018922193,Invasive_margin
109,0.7350752972340299,0.12080268518753956,0.0022012213359928153,0.009984310663615624,0.0701348046678415,0.001543816986664344,0.0460897603996549,0.01416810352466136,9.5,4.330127018922193,Tumor_core
110,0.6783008199758153,0.02114146151664958,0.021620530923405306,0.027468816263488634,0.10136282223665802,0.0030881547475272208,0.03428254786811146,0.11273484646834442,10.5,4.330127018922193,Tumor_core
111,0.1703452406059603,0.07732323290831558,0.03644314798556836,0.16535822813109669,0.2090160354023089,0.18471659356273393,0.13853445598685268,0.01826306541716362,11.5,4.330127018922193,Invasive_margin
112,0.17334959617764473,0.2344592342072069,0.10671714815726896,0.054484970176806875,0.13589441876179234,0.2198157225536767,0.0719982521585994,0.0032806578070042375,12.5,4.330127018922193,Invasive_margin
113,0.2731488660658955,0.044318016644103925,0.10823495074685127,0.13122024839128973,0.23572568575329025,0.10355725017644546,0.06997564152568427,0.03381934069643966,13.5,4.330127018922193,Invasive_margin
114,0.267631178729899,0.16404430169468928,0.1549960351864462,0.11334253075009855,0.040326112088885216,0.1852578020995522,0.04577115613065915,0.028630883319770418,14.5,4.330127018922193,Invasive_margin
115,0.33194149976210974,0.03266962950370381,0.18399040716327225,0.14882953399137455,0.06576693539104475,0.049833376220351354,0.18119813356413111,0.005770484404012747,15.5,4.330127018922193,Invasive_margin
116,0.10137018047775215,0.04640836006910678,0.0003011774533944932,0.01850049958506914,0.12322827366609287,0.33312091404038396,0.16606885154397452,0.211001743164226,16.5,4.330127018922193,Stromal
117,0.033164768967411384,0.01898129668919168,0.020329465489361116,0.0030930070402428542,0.1255203909606707,0.25211357492366304,0.4229724133779498,0.1238250825515095,17.5,4.330127018922193,Stromal
118,0.23476116914771447,0.05162482597100769,0.07478447391025572,0.08289523860292937,0.03394904426226171,0.3473611668538835,0.1310900590477901,0.04353402220415738,18.5,4.330127018922193,Stromal
119,0.1766124476765527,0.018667487279060847,0.026711615205766363,0.03716526707676595,0.05324184923436099,0.25779952535882517,0.3982442303275687,0.03155757784109932,19.5,4.330127018922193,Stromal
120,0.035054673521757854,0.06400367666659389,0.06685845970217788,0.03671089894566024,0.02853683768825797,0.6392918004423591,0.09173144812842053,0.03781220490477258,0.0,5.196152422706632,Stromal
121,0.009894347517573898,0.010946781104340043,0.08626578195398642,0.009040645245699457,0.0002241363494582352,0.42468695206170426,0.43670775762499664,0.022233598142241084,1.0,5.196152422706632,Stromal
122,0.08846647780312794,0.06581264917770271,0.050590648706373746,0.036728282461877405,0.049696710783157086,0.35182281389190245,0.2088164447158339,0.14806597246002468,2.0,5.196152422706632,Stromal
123,0.06195649497505398,0.0021498306022507533,0.004068208002870122,0.12434807833487238,0.08447835250310723,0.6050288457275524,0.08894951957167244,0.02902067028262066,3.0,5.196152422706632,Stromal
124,0.4680737233537853,0.06610296558143484,0.1411211747102244,0.12135165724060183,0.05338516576914892,0.06663921819701622,0.019498659129218016,0.06382743601857042,4.0,5.196152422706632,Invasive_margin
125,0.23778617297318017,0.06259420333765588,0.07280556911744858,0.11286332622084254,0.12788206369732663,0.12638776569560412,0.20099496769582276,0.05868593126211918,5.0,5.196152422706632,Invasive_margin
126,0.24138602174801366,0.08847998254428575,0.10360590217181298,0.30528824374258945,0.07459273895352088,0.030318636076984883,0.12813565647620517,0.02819281828658719,6.0,5.196152422706632,Invasive_margin
127,0.22041115949232223,0.08156858432342928,0.14600857252000954,0.08979086444135312,0.016643152828739575,0.24514887531580812,0.10515919336068387,0.0952695977176543,7.0,5.196152422706632,Invasive_margin
128,0.7462292822773473,0.007590160216713857,0.07797510124781643,0.0035865066893351416,0.05533576692220199,0.0547714375133053,0.054407965456901894,0.00010377967637803344,8.0,5.196152422706632,Tumor_core
129,0.6834594843845974,0.025290571344776296,0.008603064505005246,0.047736084552386995,0.0598918435729697,0.06257093107776523,0.07630920301225506,0.036138817550244035,9.0,5.196152422706632,Tumor_core
130,0.716642227251714,0.07934488273052384,0.011526901355195228,0.007789138787463467,0.08572157887552512,0.03295230941213284,0.06253622211998969,0.003486739467455711,10.0,5.196152422706632,Tumor_core
131,0.4186199425463385,0.08365040341788113,0.001887577433165446,0.01152895271963368,0.22573833020612918,0.029099096070874485,0.21926253234101148,0.010213165264966016,11.0,5.196152422706632,Tumor_core
132,0.5454688745933961,0.00863047948724435,7.186142781633803e-05,0.08200470654504963,0.1442381528968812,0.01838828382070702,0.19830572295950077,0.002891918269404713,12.0,5.196152422706632,Tumor_core
133,0.3456422433041264,0.1935746860167371,0.01963632962099321,0.1348663074604475,0.11004067498511498,0.10178852700284269,0.07741660199664112,0.01703462961309706,13.0,5.196152422706632,Invasive_margin
134,0.32049125081179136,0.2612519741538453,0.07660003263197242,0.0526036995221496,0.07447951673412685,0.1458334412272737,0.06838825391741923,0.00035183100142136925,14.0,5.196152422706632,Invasive_margin
135,0.38261216632157347,0.26061829012856436,0.06371275765996096,0.15376173929091286,0.05715343474957333,0.021845661182657183,0.04676594301390822,0.013530007652849478,15.0,5.196152422706632,Invasive_margin
136,0.3128740512663739,0.20495872191639436,0.1300774349483174,0.05872491968117006,0.0411453643581187,0.0982367216973399,0.0632654400573626,0.09071734607492309,16.0,5.196152422706632,Invasive_margin
137,0.08585285543271877,0.02263204327839701,0.015326713422466089,0.12426969300906998,0.03660400557027014,0.6290516358110771,0.07726525458081554,0.008997798895185354,17.0,5.196152422706632,Stromal
138,0.08719778717540433,0.017873002167405484,0.024628401453899083,0.04878083636018356,0.05284268070179034,0.6068666022193051,0.14271778143624664,0.019092908485765513,18.0,5.196152422706632,Stromal
139,0.0034287856286523356,0.021157299656014403,0.23233971886787066,0.04422314507884266,0.004813440221046906,0.3775848924272894,0.16506059409751725,0.1513921240227664,19.0,5.196152422706632,Stromal
140,0.048301080353193485,0.023257288718306485,0.17971890564321566,0.021747086881122167,0.07098031142014301,0.559938863746087,0.0595266059444267,0.03652985729350529,0.5,6.06217782649107,Stromal
141,0.032171147945591894,0.025617596762283708,0.11526009118491298,0.08722166759991995,0.1882459435523542,0.41062269756464814,0.12635210661083235,0.014508748779456737,1.5,6.06217782649107,Stromal
142,0.0027956462252616563,0.029002243908292452,0.07430750535885203,0.07670695872231842,0.058041792015430756,0.6351353068274932,0.06665332414645764,0.057357222795893906,2.5,6.06217782649107,Stromal
143,0.45739813919455524,0.16473112937803278,0.052357056795780454,0.02748730898896311,0.05749843853370719,0.020019729895496784,0.12021281674860824,0.10029538046485627,3.5,6.06217782649107,Invasive_margin
144,0.45818733458216887,0.06605403212614976,0.05473062869520877,0.19867574247139663,0.010099740472972567,0.049656975279068476,0.1497906477297426,0.012804898643292229,4.5,6.06217782649107,Invasive_margin
145,0.4027713454067133,0.07196019818652766,0.06098236630103497,0.03273319115092045,0.19663672614912603,0.21403487955245112,0.013117825650385684,0.007763467602840649,5.5,6.06217782649107,Invasive_margin
146,0.7189269515957802,0.01154996580448597,5.866615528604661e-06,0.03140800334625965,0.0511852373116657,0.08015036127123094,0.07739107487839775,0.029382539176651172,6.5,6.06217782649107,Tumor_core
147,0.8044131918224023,0.014264775447375354,0.01593715438766751,0.06464448809642925,0.028517636264858155,0.015119978280261473,0.052308881245873226,0.004793894455132741,7.5,6.06217782649107,Tumor_core
148,0.5930282153523843,0.020451124834368842,0.006047013993164515,0.014314009666542019,0.13168158327444576,0.09770213694147512,0.13593905882494983,0.0008368571126696811,8.5,6.06217782649107,Tumor_core
149,0.676125759885062,0.009501847080899108,0.0007972554341807981,0.06576078018675956,0.1305530820023694,0.05034235334391189,0.044451529089937616,0.022467392976879583,9.5,6.06217782649107,Tumor_core
150,0.7958661214930317,0.01980824168130742,0.017308800691122263,0.00806991842957869,0.05192045045036208,0.03180267823316815,0.004090668391015167,0.07113312063041459,10.5,6.06217782649107,Tumor_core
151,0.7352419933980595,0.03372739251303248,0.006675399646925033,0.0018401541045764975,0.048206516427656027,0.05991230110071808,0.08090389735780872,0.03349234545122348,11.5,6.06217782649107,Tumor_core
152,0.8082024258711938,4.819657331166255e-05,0.014407474228869505,0.02437032487773591,0.08307149413679002,0.01566786139941942,0.024126722405488188,0.03010550050719157,12.5,6.06217782649107,Tumor_core
153,0.3070945889340888,0.1553147694960714,0.09338219901800972,0.13258124590390022,0.10941962300988389,0.10063419910130195,0.09999547377264786,0.0015779007640960773,13.5,6.06217782649107,Invasive_margin
154,0.26320185604353447,0.1525157612240556,0.013920376526035972,0.14945916250556882,0.16711153986981883,0.2333043339819151,0.007434683734694042,0.013052286114376945,14.5,6.06217782649107,Invasive_margin
155,0.2148666615476312,0.2268629583152837,0.07602496933755462,0.1660884430842492,0.027888327661429922,0.2503442106950049,0.010936153392447398,0.026988275966398984,15.5,6.06217782649107,Invasive_margin
156,0.18253268371472844,0.04588117419520824,0.011073310560499284,0.10423932950418342,0.07523893266225035,0.3833595679197848,0.1787271995970831,0.0189478018462624,16.5,6.06217782649107,Stromal
157,0.03963841331789818,0.0034891745717213,0.08624850970427214,0.03364992013584146,0.07912883641389111,0.5021850222391465,0.19199490060025123,0.06366522301697804,17.5,6.06217782649107,Stromal
158,0.115183941016746,0.005071616748142694,0.021078891561060548,0.013408060357113883,0.03788368788604138,0.5103296362222132,0.26188688547670835,0.03515728073197421,18.5,6.06217782649107,Stromal
159,0.06845417230172532,0.021123129542408844,0.043138218443194716,0.018497107328199796,0.1160044005730422,0.5216285769144968,0.16534450770585568,0.04580988719107657,19.5,6.06217782649107,Stromal
160,0.1384985442701203,0.029526194364689683,0.2078309482613938,0.16801258952287534,0.015710961318843975,0.2080148729488073,0.1837049913855569,0.048700897927712476,0.0,6.928203230275509,Stromal
161,0.09927229381538094,0.06362489509794238,0.03797054629096655,0.06995208557857414,0.1295619591073198,0.3201449338457053,0.2634976023648023,0.015975683899308694,1.0,6.928203230275509,Stromal
162,0.016910526997108166,0.01091419175540958,0.10853275044384013,0.17055470323543348,0.03673082989734736,0.3740073184732405,0.25919571156413673,0.023153967633484127,2.0,6.928203230275509,Stromal
163,0.21709503036194405,0.05702977995768578,0.3009275539615843,0.14412892973098476,0.07162994844044152,0.12490812595799249,0.08402234761292357,0.0002582839764436908,3.0,6.928203230275509,Invasive_margin
164,0.32706039010606663,0.09219085671977417,0.044612993433747514,0.095969942854122,0.19798993400714762,0.10013113742802397,0.048495924572136015,0.09354882087898213,4.0,6.928203230275509,Invasive_margin
165,0.29417732149112796,0.33773107353586823,0.0877595986282732,0.027988767977965637,0.09671830319623723,0.1379803643725449,0.012719446372115433,0.004925124425867384,5.0,6.928203230275509,Invasive_margin
166,0.7020724913145999,0.029192933907362807,0.05093029327647618,0.013684178148335505,0.07330061917255,0.02273729656806024,0.020738229589925283,0.08734395802269015,6.0,6.928203230275509,Tumor_core
167,0.7483037409696798,0.02976377645549485,0.014465181498804262,0.0011182865035405185,0.15097829964942555,0.0502184676188489,0.004239771348978195,0.0009124759552278853,7.0,6.928203230275509,Tumor_core
168,0.6655270793767956,0.00023821662412414201,0.15760018313737775,0.05075755068543677,0.018105075446458382,0.03162689481675263,0.06538370744664473,0.010761292466409932,8.0,6.928203230275509,Tumor_core
169,0.6287132946707321,0.11583860610831362,0.008385886702603549,0.038733236022097085,0.05717319751357646,0.05411053604046895,0.09658924339151381,0.0004559995506944222,9.0,6.928203230275509,Tumor_core
170,0.5539693665126857,2.5265923797915852e-05,0.11848928184776766,0.035313926102281165,0.23271676780695483,0.006459195828882648,0.0530168338189809,9.36215864939215e-06,10.0,6.928203230275509,Tumor_core
171,0.5975465703700128,0.012809065804934348,0.03471620069763518,0.012521754167834551,0.15435852539485398,0.17942725702779286,0.006741887440361456,0.0018787390965750194,11.0,6.928203230275509,Tumor_core
172,0.7509396586973037,0.027069566906517475,0.0007267886093692429,0.0010039955970658125,0.06943345939109281,0.039415065501175815,0.09981847182392262,0.01159299347355236,12.0,6.928203230275509,Tumor_core
173,0.5126202673777074,0.09408765083856006,0.068855469936994,0.051455566865640325,0.19314073844300733,0.01172561007360854,0.016145258024010782,0.05196943844047166,13.0,6.928203230275509,Tumor_core
174,0.34710775575921726,0.15858504268953943,0.20187806395841149,0.046318671187978236,0.013909690529865197,0.1351621706996401,0.07744991197973274,0.019588693195615556,14.0,6.928203230275509,Invasive_margin
175,0.3610716359900717,0.09893567487514163,0.04892492598287864,0.2524620145932527,0.04568326783930198,0.03513226308517173,0.040072266559576575,0.11771795107460517,15.0,6.928203230275509,Invasive_margin
176,0.3804163508800902,0.11184385813351695,0.0495282200186469,0.2387548372267888,0.08740921047860686,0.05447536800447671,0.07662632877922788,0.000945826478645841,16.0,6.928203230275509,Invasive_margin
177,0.1696076292164322,0.016621390177860268,0.059216437491155474,0.02627600257252948,0.0741660910760262,0.4685107839683451,0.1571992006511701,0.028402464846481033,17.0,6.928203230275509,Stromal
178,0.17477142131456405,0.05012906528214189,0.07595823951064823,0.07317494809162113,0.026540841950280267,0.36017468478850023,0.2061735430254917,0.033077256036752545,18.0,6.928203230275509,Stromal
179,0.13804234112372635,0.09776933474501541,0.08402917114629467,0.03934202082269185,0.0752741968938589,0.28378767498699636,0.1916814899193247,0.09007377036209166,19.0,6.928203230275509,Stromal
180,0.07330223733352034,0.0701976183188967,0.1099467674857846,0.07810015149107827,0.042207509845485186,0.37559980052677894,0.12463078833209643,0.12601512666635958,0.5,7.794228634059947,Stromal
181,0.14699187383557358,0.059480868504785143,0.1254614608150656,0.039722718110586745,0.10064961917275142,0.3845063683737276,0.11492570623243728,0.0282613849550727,1.5,7.794228634059947,Stromal
182,0.17681846942844667,0.015274817543883717,0.025734677167489266,0.008506109412595442,0.14654693655338188,0.387153216808666,0.21395661846115988,0.026009154624377216,2.5,7.794228634059947,Stromal
183,0.2877079810813811,0.1299583384971104,0.06687204313607269,0.19878606268523366,0.0814923602912207,0.16480996966487185,0.034652737412282246,0.035720507231827264,3.5,7.794228634059947,Invasive_margin
184,0.2592615980467486,0.1611742496566047,0.0683079501129548,0.08646004298862893,0.08316793554904983,0.21598273850625077,0.05519647006667346,0.07044901507308905,4.5,7.794228634059947,Invasive_margin
185,0.29966091555610735,0.250886026778794,0.03447529619507095,0.04969311547084852,0.04399736281483063,0.17614836885008767,0.08664425013451986,0.05849466419974088,5.5,7.794228634059947,Invasive_margin
186,0.49472804004327636,0.004221747437458637,0.11440694523630848,0.05588770071676834,0.08357384510301552,0.1572669607110927,0.021745211107170294,0.06816954964490984,6.5,7.794228634059947,Tumor_core
187,0.712009225393375,0.014632897756820574,4.5630505602980434e-07,0.029529989710344706,0.20231245217227486,0.012999931216509804,0.026716549735689953,0.0017984977099292619,7.5,7.794228634059947,Tumor_core
188,0.7031471114214258,0.020063486148437736,0.02083855678265538,0.001105130534700533,0.07895280438689355,0.11880898618891292,0.018446706559437618,0.0386372179775365,8.5,7.794228634059947,Tumor_core
189,0.6137518456998462,0.0005240680587814263,0.07953373591385929,0.01726195617488042,0.1584687078586371,0.07082551593093943,0.045140093948262495,0.014494076414793455,9.5,7.794228634059947,Tumor_core
190,0.571955495132877,0.03128079432850188,5.57659176175422e-05,0.006929975913561052,0.30424860302772494,0.01927085653751608,0.034311152353900684,0.031947356788300796,10.5,7.794228634059947,Tumor_core
191,0.7567300129029683,0.006329847009347113,0.0006154799605745127,0.0036051610245281217,0.1353375240516343,0.006982907451323061,0.08721115146798245,0.003187916131642388,11.5,7.794228634059947,Tumor_core
192,0.723382112533475,0.004862376348268324,0.018647915438391782,0.05790336163423612,0.12149797903050373,0.01202353167663784,0.06159015331843015,9.257002005710182e-05,12.5,7.794228634059947,Tumor_core
193,0.5997160323741262,0.015533672226013208,0.04920576586977948,0.06269083448049269,0.07347841330797521,0.008254555963411968,0.1904782621897868,0.0006424635884145238,13.5,7.794228634059947,Tumor_core
194,0.21877253924561513,0.1023651002290997,0.15126555445515888,0.1705834377585973,0.042004999303129294,0.033950587430326924,0.27974890829513177,0.0013088732829409603,14.5,7.794228634059947,Invasive_margin
195,0.23870149952162753,0.1661639797515678,0.2145865095495292,0.21507705748648806,0.07844674036115692,0.07313576847285015,0.011467317350165875,0.0024211275066144578,15.5,7.794228634059947,Invasive_margin
196,0.26289071423433186,0.06036846592747899,0.11891097256999367,0.09499024807197182,0.018299035189597045,0.3843957701127741,0.01258179845803958,0.04756299543581292,16.5,7.794228634059947,Invasive_margin
197,0.11538412199436973,0.04418649550348184,0.027020780842209536,0.0853265455118904,0.019070760058970782,0.4995179112050458,0.15564834539018627,0.05384503949384551,17.5,7.794228634059947,Stromal
198,0.07250382321345919,0.12480220542818994,0.029339913529156804,0.05482412941762112,0.041584044937680496,0.5163408836785215,0.06657209718237483,0.09403290261299628,18.5,7.794228634059947,Stromal
199,0.039686124548465374,0.036107594108562964,0.07422051184006799,0.04084717319309596,0.12442636402070711,0.3036225897981306,0.2856445015845032,0.09544514090646668,19.5,7.794228634059947,Stromal
200,0.06695907344328297,0.4219182822320056,0.2283834137017254,0.07384735850590925,0.051874524646218695,0.062408398596472195,0.0085704208742424,0.08603852800014333,0.0,8.660254037844386,Immune_rich
201,0.09302218565025347,0.19476269538720212,0.3329276977312628,0.2185416621708197,0.012313912324127969,0.04907976336067417,0.012307246705788435,0.08704483666987133,1.0,8.660254037844386,Immune_rich
202,0.024886236405809923,0.2452414292082826,0.1871313707753512,0.08993630723414701,0.07262197938324642,0.03188609152053783,0.11398417933840872,0.23431240613421633,2.0,8.660254037844386,Immune_rich
203,0.4137532738625216,0.16244365303028094,0.09179145073347188,0.0631434192493876,0.05722374630938529,0.032002607722970915,0.10563016725369986,0.0740116818382819,3.0,8.660254037844386,Invasive_margin
204,0.16932927699561762,0.26417593750142904,0.058359953948472966,0.1309667578038713,0.024133712495950355,0.19408819570657565,0.08802587449388491,0.07092029105419838,4.0,8.660254037844386,Invasive_margin
205,0.30469737884062,0.10181244351722785,0.11177291588675084,0.25759576255746414,0.050187279712598405,0.11762805461202586,0.03817810671303821,0.018128058160274827,5.0,8.660254037844386,Invasive_margin
206,0.48061539318157964,0.06201172669886829,0.05976220235300764,0.027570568497934694,0.20755677926442548,0.0586109154853269,0.09524803716584328,0.008624377353013996,6.0,8.660254037844386,Tumor_core
207,0.6080090436964155,0.004083189640929255,0.08958254982096944,0.007970957644762112,0.14793203905483152,0.002613982711057887,0.12144046361386855,0.01836777381716583,7.0,8.660254037844386,Tumor_core
208,0.7105425196490635,0.015663564789629086,0.02054055565708562,0.0056083560037740975,0.08880178032863188,0.04402802102555811,0.09684451119686327,0.017970691349394285,8.0,8.660254037844386,Tumor_core
209,0.6002553105169157,8.40369897793075e-05,0.017812102484729676,0.08152622738296629,0.13063718640750888,0.03152530482071934,0.12294179561765227,0.015218035779728465,9.0,8.660254037844386,Tumor_core
210,0.6183547933663005,0.00014894615245251224,9.732999678156949e-05,0.07914474744268726,0.15789075029529534,0.011105331742756436,0.09900941921062184,0.03424868179310466,10.0,8.660254037844386,Tumor_core
211,0.5089024518152229,0.09542558154951192,0.048986183124007154,0.20589098953212792,0.09069027427420126,0.012029865487736725,0.030415273052322014,0.007659381164870318,11.0,8.660254037844386,Tumor_core
212,0.6557684663429317,0.013477869660810044,0.002272202679518347,0.009024082591751872,0.12815336792080903,0.005631782787362347,0.17968158895933897,0.00599063905747781,12.0,8.660254037844386,Tumor_core
213,0.47315947077032694,0.0006892395196430647,0.0022066316582094164,0.04916389359734643,0.10276871435262727,0.04291569613525129,0.322814067824376,0.006282286142219785,13.0,8.660254037844386,Tumor_core
214,0.18332640687477383,0.02165159400527543,0.20032955378609532,0.1790401175942956,0.2118834646838951,0.1266033315237253,0.014026483431052957,0.0631390481008864,14.0,8.660254037844386,Invasive_margin
215,0.3021402301976321,0.13465585852418482,0.2248904618660584,0.09270078665743968,0.013220549329764844,0.1634654774502054,0.014884214904161438,0.05404242107055333,15.0,8.660254037844386,Invasive_margin
216,0.13671672360918993,0.2970815035922205,0.03377820056553539,0.17204034017828973,0.15775189860831165,0.10318743758383758,0.07788161643748265,0.021562279425132547,16.0,8.660254037844386,Invasive_margin
217,0.1156654125311281,0.005733625058880943,0.051247150344422884,0.08167458714633309,0.11778750150231318,0.39549314631354626,0.15854303221172966,0.0738555448916459,17.0,8.660254037844386,Stromal
218,0.10862551993297537,0.010310506477797748,0.038326312776693496,0.02232599482903299,0.062161593225151045,0.39651156129053367,0.15220297762803134,0.20953553383978438,18.0,8.660254037844386,Stromal
219,0.06905105373063748,0.03700333087747646,0.05981416159268431,0.16319675028828828,0.05914155952000796,0.4266721147759382,0.1267530582021458,0.05836797101282161,19.0,8.660254037844386,Stromal
220,0.0026048003186454464,0.38276805553422216,0.05787929299979479,0.3779942581244591,0.051558683685892746,0.002571365688935307,0.06516024530994945,0.05946329833810114,0.5,9.526279441628825,Immune_rich
221,0.049406922224806006,0.19027257327443037,0.16137902494971657,0.3473814928570776,0.028952496126405852,0.01425370048823582,0.05963357891591457,0.14872021116341325,1.5,9.526279441628825,Immune_rich
222,0.003062473092687893,0.24749757008500842,0.19092007758309867,0.2779558215753344,0.03927669118036407,0.04930963981579651,0.12106286420105405,0.07091486246665618,2.5,9.526279441628825,Immune_rich
223,0.3648390130737621,0.16346021532674954,0.026955231600345405,0.13323041275654096,0.10868605264750296,0.17646473157358936,0.019686590417655688,0.006677752603854126,3.5,9.526279441628825,Invasive_margin
224,0.2664794956895267,0.19996632353560784,0.07430807414718608,0.1332192732059451,0.030119921357089716,0.11367474471677787,0.14833953696472413,0.03389263038314261,4.5,9.526279441628825,Invasive_margin
225,0.37210391859379466,0.06732428591155773,0.24530645434792298,0.2006845133574933,0.029261805183693198,0.06721888581216202,0.014702386315338654,0.0033977504780374284,5.5,9.526279441628825,Invasive_margin
226,0.5269009590978779,0.00979573140129555,0.009035975072230749,0.002027840234323529,0.18073540218271097,0.030723430503305643,0.1813535628535074,0.05942709865474819,6.5,9.526279441628825,Tumor_core
227,0.767672302936008,0.08217292084049588,0.03666460393003039,0.0010069043831407957,0.03968148136889018,0.010504075425058159,0.050436654010762624,0.011861057105614074,7.5,9.526279441628825,Tumor_core
228,0.6788337577626271,0.001193792564044716,0.0127691483394423,0.1353807663972293,0.09329784947609542,0.01579124698193972,0.06270356204791208,2.9876430709330008e-05,8.5,9.526279441628825,Tumor_core
229,0.679783438858882,0.013038289334731942,0.01401701036430093,0.020835809949949997,0.1302635661572396,0.020482038932301612,0.08626788232710743,0.03531196407548647,9.5,9.526279441628825,Tumor_core
230,0.585381993707984,0.005927510039583355,0.055416749913843454,0.014898416964160086,0.006124898972967284,0.19749741071663512,0.12332775154642063,0.01142526813840612,10.5,9.526279441628825,Tumor_core
231,0.8083729126499045,0.023030259439176654,0.009127744946730918,0.00044118276828030903,0.09530099139639804,0.04175496442819088,0.01908653444557639,0.002885409925742207,11.5,9.526279441628825,Tumor_core
232,0.7929670302104905,0.023066162183940028,0.0015139103061706529,0.008175049117901572,0.07444370437653396,0.049327018406215256,0.050059647543431764,0.00044747785531624524,12.5,9.526279441628825,Tumor_core
233,0.5380740873565282,0.0866239044097823,0.0013324627039377056,0.0420043031762122,0.13544469279776425,0.12841976796172067,0.0517365709480037,0.01636421064605085,13.5,9.526279441628825,Tumor_core
234,0.2396663220338708,0.24571855663357625,0.11205437354757301,0.11543742207886015,0.14571973855390793,0.08848655405603797,0.03446018926363248,0.018456843832541498,14.5,9.526279441628825,Invasive_margin
235,0.3034098402285216,0.031265538173714684,0.13444727419016728,0.09114991362711929,0.10695717671806237,0.18642139083586043,0.08436992000804565,0.06197894621850864,15.5,9.526279441628825,Invasive_margin
236,0.45939259003006816,0.20969862090658176,0.021409240944263164,0.13054135681505932,0.024848860126687137,0.07326686857117537,0.06610349495007463,0.014738967656090613,16.5,9.526279441628825,Invasive_margin
237,0.09052932451457715,0.06244706562933366,0.053145533509631415,0.02822770150708976,0.04004566752066675,0.5498591911037954,0.17416481495273825,0.0015807012621675638,17.5,9.526279441628825,Stromal
238,0.16115798845293478,0.0005379818555459144,0.07327500924031591,0.03721087942211522,0.057970766407957015,0.38736797533431483,0.21686304486578242,0.06561635442103396,18.5,9.526279441628825,Stromal
239,0.06451120226530666,0.003386209520291093,0.03623517999427589,0.08707989384825773,0.12219494168862305,0.5060985384245711,0.14379397369011573,0.036700060568558734,19.5,9.526279441628825,Stromal
240,0.03640651918974848,0.210877861792406,0.31133024932517356,0.16602975697931327,0.11681855549196157,0.03249958623102927,0.038089534820712805,0.08794793616965521,0.0,10.392304845413264,Immune_rich
241,0.02903493658532959,0.3290743055855678,0.30471022263833253,0.09406555235366186,0.04525751203228648,0.0309268091844014,0.016059584282459204,0.15087107733796135,1.0,10.392304845413264,Immune_rich
242,0.06231573391835866,0.2795466925146386,0.1857321077206414,0.07302692449179377,0.11099864820500908,0.0030183612584340365,0.17471268600097586,0.11064884589014862,2.0,10.392304845413264,Immune_rich
243,0.011714119078736913,0.36613547501422766,0.06686797520822581,0.26098886139670846,0.0939078547968175,0.09340694115589393,0.04004946925917704,0.06692930409021286,3.0,10.392304845413264,Immune_rich
244,0.38309671339877777,0.12258387188682296,0.10328289631033342,0.045911619849176875,0.044250389647432234,0.14030115990637174,0.1455716505744917,0.015001698426593376,4.0,10.392304845413264,Invasive_margin
245,0.36273163014141707,0.18009405134236595,0.029141493882662278,0.04939807745385169,0.12301202343812308,0.17927860284376954,0.06411608634422811,0.01222803455358207,5.0,10.392304845413264,Invasive_margin
246,0.26143582619161293,0.18339312729871804,0.07254392332297711,0.08260532978246499,0.21740730930670044,0.012143248795958288,0.06603802555531278,0.10443320974625545,6.0,10.392304845413264,Invasive_margin
247,0.5508611204721672,0.0007675023085062597,0.0028890427626921066,0.032211629604445825,0.26313832091281913,0.06686732457469342,0.06650670142875187,0.01675835793592399,7.0,10.392304845413264,Tumor_core
248,0.7416828573284415,0.04145309705324355,2.549533742573641e-06,0.011559987928915175,0.09117450943177752,0.031817420015810685,0.04467689637946611,0.03763268232860277,8.0,10.392304845413264,Tumor_core
249,0.5363584206492137,1.1782188292060094e-09,0.002969337180834021,2.773694834549982e-05,0.12006777016598341,0.03112677470983459,0.29821564248235144,0.01123431668521848,9.0,10.392304845413264,Tumor_core
250,0.6269167763527072,0.0011068730783099358,0.011219773539972227,0.06353453989512299,0.09664298883739648,0.02802607593973716,0.1722007570703595,0.0003522152863942486,10.0,10.392304845413264,Tumor_core
251,0.640320906933311,0.01643510451054063,0.016161146914907755,0.06002214012935767,0.12423516362790314,0.0009699629726914663,0.1369864614676449,0.004869113443643495,11.0,10.392304845413264,Tumor_core
252,0.543955926011054,0.014213395509704468,3.6980509252926106e-05,0.021584309870452435,0.12976039761698788,0.04835570578279104,0.2395909689106917,0.0025023157890655097,12.0,10.392304845413264,Tumor_core
253,0.6701613297064553,0.061386980551546955,0.02657155014700752,0.029926741976006782,0.16238323786353306,0.02362710480869127,0.025939681828689568,3.37311806941772e-06,13.0,10.392304845413264,Tumor_core
254,0.18551599335607408,0.27228483032720746,0.06913428855419296,0.2763785966955367,0.056421877697068426,0.08417653224130255,0.02937859954425719,0.02670928158436079,14.0,10.392304845413264,Invasive_margin
255,0.47457323141326335,0.10709810004304228,0.026915130225675515,0.03699750063352862,0.04113279100129663,0.12571848131101898,0.11330714115463608,0.07425762421753862,15.0,10.392304845413264,Invasive_margin
256,0.3164533725465376,0.06648784829770993,0.017395037178657476,0.05287847365592627,0.1389983098275417,0.0684659483121611,0.30173077625290096,0.03759023392856499,16.0,10.392304845413264,Invasive_margin
257,0.15536582885963782,0.03851872816200386,0.004094051944528939,0.0962418038286111,0.07086353191023835,0.38950121961479245,0.1746511912212728,0.07076364445891467,17.0,10.392304845413264,Stromal
258,0.17332698311175382,0.029625335097389745,0.04547626178869307,0.06444777569779343,0.0924706082177912,0.4284380479670882,0.14893221731764608,0.01728277080184463,18.0,10.392304845413264,Stromal
259,0.05061742329016238,0.028062558355218533,0.0032833557646571544,0.1116833699970952,0.08866491222517647,0.3781118825127147,0.2060212136381824,0.1335552842167931,19.0,10.392304845413264,Stromal
260,0.06493732317327451,0.3216329487399587,0.19822179452907424,0.12484308667719163,0.06612011210795066,0.036495347756059573,0.0314866141538137,0.15626277286267692,0.5,11.258330249197702,Immune_rich
261,0.016977887110083894,0.4385844072771308,0.2538883765140262,0.13315749666051793,0.04261250707443209,0.0334798398432026,0.04732225442495212,0.03397723109565434,1.5,11.258330249197702,Immune_rich
262,0.020192121799529228,0.20193590017056484,0.18663533126089754,0.14649048350874572,0.019820823351132087,0.0341528532323002,0.13447838146221325,0.25629410521461704,2.5,11.258330249197702,Immune_rich
263,0.3831363808520221,0.10346254422112494,0.15770719178608691,0.026216687588936416,0.09705057559157095,0.13608546615529454,0.06419697939548477,0.03214417440947942,3.5,11.258330249197702,Invasive_margin
264,0.18001348176943732,0.3553818835832962,0.09578495666630045,0.1524146573653543,0.023091599105569887,0.07157486413270224,0.09744957715251659,0.024288980224822804,4.5,11.258330249197702,Invasive_margin
265,0.45169693003351524,0.07703244851960318,0.12741227038854122,0.08509743061521764,0.015558150837681214,0.0700417427196529,0.13846838480330478,0.03469264208248381,5.5,11.258330249197702,Invasive_margin
266,0.33941585848002315,0.16433966184204732,0.07107184107215461,0.04577416205213959,0.09784967911235161,0.1081433377242213,0.017237448549659428,0.156168011167403,6.5,11.258330249197702,Invasive_margin
267,0.7581578526143695,0.01157332828250421,0.010564594070572822,0.011702332632448175,0.05138682364923696,0.05231829956026906,0.10298370863326752,0.0013130605573315945,7.5,11.258330249197702,Tumor_core
268,0.6911708019733084,0.02305433587863241,0.023367674776814666,0.059821464012056805,0.1020520906337235,0.03705530502583198,0.04809575104955625,0.015382576650075941,8.5,11.258330249197702,Tumor_core
269,0.7643148279939583,1.6157766029292778e-05,0.0031405085016450803,0.00014329641349475016,0.07433213263905064,0.05760063709190944,0.08631452385901776,0.014137915734894623,9.5,11.258330249197702,Tumor_core
270,0.6295625274944938,0.022091750502302228,0.005643715761633445,0.09774225116952201,0.18783767516522532,0.014600023930097177,0.03181393657256651,0.010708119404159604,10.5,11.258330249197702,Tumor_core
271,0.7940490034251458,0.039692458207027985,0.00017805975887809838,0.02719341804186843,0.09324488702594073,0.0010885108717050467,0.015299892104422582,0.029253770565011192,11.5,11.258330249197702,Tumor_core
272,0.4586414497861594,0.03172772075614562,0.02446886952068537,0.13570580041795802,0.07484694878570675,0.06145499408153662,0.17118808724086176,0.04196612941094641,12.5,11.258330249197702,Invasive_margin
273,0.3959613681831389,0.0708465144313939,0.08285154090859578,0.12711935226349377,0.15589450994131993,0.06627464968736313,0.05583441266383903,0.04521765192085559,13.5,11.258330249197702,Invasive_margin
274,0.14679448236604414,0.18809243829461356,0.055174448369749884,0.23107409123232928,0.17556840158396844,0.0878998193220009,0.10720243728819911,0.008193881543094632,14.5,11.258330249197702,Invasive_margin
275,0.4057302690158898,0.12408940642816939,0.09248172792645323,0.07095497804941724,0.038641665637356194,0.21863380140249028,0.043645266218650496,0.005822885321573315,15.5,11.258330249197702,Invasive_margin
276,0.07968082847473011,0.03835700461016006,0.057326803386864196,0.06915483827181418,0.04989343889355362,0.3408872658631582,0.35675083527661744,0.007948985223102157,16.5,11.258330249197702,Stromal
277,0.05788300614540324,0.007341285661795922,0.06347681944505001,0.06352001381590124,0.019059659357729422,0.5525338712290249,0.19801418023457448,0.03817116411052092,17.5,11.258330249197702,Stromal
278,0.015698892915512207,0.03303855720878646,0.008703983011162604,0.022805202361064432,0.27504835231233493,0.3669652379381422,0.1986133635008067,0.07912641075219048,18.5,11.258330249197702,Stromal
279,0.11356612265069733,0.07522589914606301,0.04598126409423323,0.08079247620420058,0.09371219312567416,0.265088023804897,0.21731836141590608,0.10831565955832853,19.5,11.258330249197702,Stromal
280,0.13120897349926972,0.36394486634975215,0.12739684178399763,0.1524787041912873,0.03760935113855175,0.02035676845681854,0.019427372368651635,0.14757712221167127,0.0,12.12435565298214,Immune_rich
281,0.0508897417924793,0.3490226275674253,0.276853636559164,0.0797267540189593,0.005815011230667394,0.12322126130295688,0.07511921401828,0.03935175351006787,1.0,12.12435565298214,Immune_rich
282,0.0969229939114855,0.10694062170570637,0.4277713242264556,0.07508807303723991,0.0589126060542537,0.015875574659859715,0.03769662036736788,0.18079218603763136,2.0,12.12435565298214,Immune_rich
283,1.1609760441332027e-05,0.1938281131195892,0.2664408830466337,0.19854971293886134,0.06390333131146438,0.036723806466813926,0.021934088121252547,0.2186084552349436,3.0,12.12435565298214,Immune_rich
284,0.12790806829617746,0.23848493968796083,0.05204746550436937,0.10021850234489371,0.2681556609072457,0.11253142303689691,0.047143765123689924,0.05351017509876597,4.0,12.12435565298214,Invasive_margin
285,0.33096366301601543,0.14339925162252853,0.03713105222131518,0.24280045915770346,0.1425993405151772,0.07284759092523142,0.023711301560737464,0.006547340981291226,5.0,12.12435565298214,Invasive_margin
286,0.41255034941134966,0.06680945555155862,0.05413177638562324,0.029430402812006165,0.15894918496774435,0.1895565262361318,0.07790158480844792,0.010670719827138256,6.0,12.12435565298214,Invasive_margin
287,0.29030654112975923,0.06597070558455083,0.08598692977883157,0.20528083138139322,0.11442538781393247,0.06876523619353564,0.04834957945623392,0.12091478866176329,7.0,12.12435565298214,Invasive_margin
288,0.34277135675809045,0.16749128743108624,0.13607890030846204,0.044824300535259806,0.023432762972397485,0.07170535793155786,0.11758279935147947,0.0961132347116666,8.0,12.12435565298214,Invasive_margin
289,0.5368483328959979,0.0009788702805997814,0.00223263121103913,0.00030103594494264806,0.15519873027068767,0.16774356349956265,0.1009762170061477,0.035720618891022314,9.0,12.12435565298214,Tumor_core
290,0.6521253994839344,0.0038552618673217904,0.12682990833613583,0.1062225139059287,0.04467796244438504,0.026542081501975727,0.02317172544957764,0.016575147010740632,10.0,12.12435565298214,Tumor_core
291,0.21065928001392423,0.12611055900242987,0.18857265102079437,0.03771701896516557,0.20193197766286747,0.08459896001954045,0.0351841064048201,0.11522544691045788,11.0,12.12435565298214,Invasive_margin
292,0.3725861746299213,0.11369938781269492,0.07956890648290986,0.0640700455115792,0.07677429726170795,0.11065050766387059,0.04622405721971119,0.136426623417605,12.0,12.12435565298214,Invasive_margin
293,0.3339585778481964,0.32978391344147373,0.022691024083415272,0.11896419047579952,0.031704931697526834,0.030365930004670232,0.12297312218514808,0.009558310263769907,13.0,12.12435565298214,Invasive_margin
294,0.30478871501380167,0.15520550829917237,0.09261377405843216,0.09612632938022833,0.11964324666294399,0.11088149449151131,0.107356379334609,0.013384552759301071,14.0,12.12435565298214,Invasive_margin
295,0.19618394564188912,0.19117724597082317,0.17193174304407344,0.1339883620440472,0.04295249536095406,0.07735137517416094,0.15404699970428237,0.0323678330597697,15.0,12.12435565298214,Invasive_margin
296,0.043997781690666385,0.03701993056064838,0.010709048320069883,0.10261739013562649,0.02504819990257984,0.36696117305300624,0.22615916683467294,0.18748730950272985,16.0,12.12435565298214,Stromal
297,0.06307255117082583,0.005409914251817617,0.009469988463884828,0.08635772282823054,0.07643957961128711,0.4158482512231692,0.30547157537948133,0.037930417071303485,17.0,12.12435565298214,Stromal
298,0.12585376665422285,0.0050814554618145704,0.16319697361657592,0.041597606992101674,0.041639709212241915,0.46496989419224966,0.052319049113101354,0.10534154475769202,18.0,12.12435565298214,Stromal
299,0.08418134177187372,0.008403968164495398,0.05695937273597703,0.22781956920923357,0.09398627383641418,0.3625736722922521,0.149892272069094,0.016183529920659922,19.0,12.12435565298214,Stromal
300,0.061310496372016465,0.5263539845058808,0.07348765591152541,0.17514025972982206,0.03526755992215995,0.040112028925775464,0.04429572926934162,0.04403228536347835,0.5,12.990381056766578,Immune_rich
301,0.015757474879688167,0.20142511944181646,0.14001944305647704,0.14086765358098294,0.11113045067845655,0.032217442614850926,0.030434722593065195,0.3281476931546628,1.5,12.990381056766578,Immune_rich
302,0.03958193549108015,0.16675930970745373,0.1676335788572677,0.23078456459187313,0.024767115251744326,0.044136697628607724,0.02302828041376065,0.3033085180582128,2.5,12.990381056766578,Immune_rich
303,0.19744549813643436,0.13939298331065833,0.31817794248692005,0.05913464851780187,0.05931677307560585,0.06208630695670886,0.10411940705875539,0.06032644045711528,3.5,12.990381056766578,Immune_rich
304,0.0523095183490887,0.3723700598154563,0.27725957838486087,0.08229243469121722,0.034795908122473476,0.10494714868354528,0.004583386130506613,0.07144196582285166,4.5,12.990381056766578,Immune_rich
305,0.43503179319134627,0.11337298928834541,0.07717372059134534,0.06655049217709345,0.02556989202638404,0.04064106490765358,0.06349325039420335,0.17816679742362862,5.5,12.990381056766578,Invasive_margin
306,0.2319630223309346,0.06024927362315226,0.15591995872674994,0.253556246766795,0.07183363688097408,0.16931099825804452,0.04878285063097504,0.008384012782374523,6.5,12.990381056766578,Invasive_margin
307,0.2749066972706875,0.22426484915767234,0.18520399918439007,0.022209870687145514,0.08206389660627143,0.14620681010286415,0.02813846760487779,0.03700540938609127,7.5,12.990381056766578,Invasive_margin
308,0.38682366021726444,0.08184808137631337,0.03396202575624353,0.13322488282230127,0.1417796787722644,0.07276148397507187,0.14888571357970068,0.0007144735008403304,8.5,12.990381056766578,Invasive_margin
309,0.23937054758175647,0.18087315668636872,0.09550141350401417,0.11501254026568657,0.08973114187944592,0.15479874498581683,0.08329447920787271,0.04141797588903854,9.5,12.990381056766578,Invasive_margin
310,0.31450096820524265,0.1287279136672935,0.10176364301746747,0.1250850483492941,0.12235582328509996,0.05475377418094249,0.012861558735335015,0.13995127055932463,10.5,12.990381056766578,Invasive_margin
311,0.3832911961200921,0.21999528827686127,0.03617242245999807,0.04495353349718513,0.1965316729550782,0.07479546491614288,0.026548131955089666,0.01771228981955273,11.5,12.990381056766578,Invasive_margin
312,0.2541692979035153,0.11200167519816165,0.20940247924508607,0.053544849659446954,0.11398256151454943,0.16573957846692233,0.0395833831155819,0.05157617489673638,12.5,12.990381056766578,Invasive_margin
313,0.44134450822267474,0.06992265291178118,0.05458083830572482,0.09084654851697814,0.07205709546525027,0.1909618600053094,0.06139694227440905,0.018889554297872542,13.5,12.990381056766578,Invasive_margin
314,0.29618239083760406,0.19176751286645605,0.10023031878088004,0.18802047573998149,0.017139157338320454,0.16397893874825456,0.026074083615420837,0.016607122073082514,14.5,12.990381056766578,Invasive_margin
315,0.05734083702339608,0.021102412083987308,0.014859508015889608,0.11193312404732209,0.08829545793625283,0.3965250080413216,0.2903115312982075,0.019632121553623077,15.5,12.990381056766578,Stromal
316,0.1311324643722378,0.0010629322894792623,0.07166956688283607,0.03747370356557467,0.018485139919013266,0.3667251545206474,0.27756823328923313,0.09588280516097822,16.5,12.990381056766578,Stromal
317,0.05898396098642524,0.056290215379237105,0.1542452821384397,0.05169950214874095,0.1184462214299791,0.24970653893753111,0.2918887895962032,0.018739489383443608,17.5,12.990381056766578,Stromal
318,0.08656912340042745,0.042872570157596226,0.017974848591995614,0.025847464658421117,0.05989180171685975,0.4574569156768323,0.27329917207327786,0.03608810372458969,18.5,12.990381056766578,Stromal
319,0.03575175418695856,0.03260024693411276,0.036479784181884814,0.12006878888882302,0.16449469547401388,0.48347966419531396,0.0991187763487767,0.028006289790116292,19.5,12.990381056766578,Stromal
320,0.035982141621009905,0.421131301972375,0.11250940646635865,0.16242166339991598,0.12721706893846604,0.06015520913879815,0.03271237056224524,0.04787083790083104,0.0,13.856406460551018,Immune_rich
321,0.08811646618819781,0.19680163385784286,0.1474502281015574,0.2364681898326824,0.13653635021132535,0.06717162605311426,0.024689116967557878,0.10276638878772196,1.0,13.856406460551018,Immune_rich
322,0.0315675241885121,0.40748896624037134,0.18123208681691108,0.24956190974621434,0.04087416864732954,0.019958554330315726,0.038498655817469724,0.030818134212876103,2.0,13.856406460551018,Immune_rich
323,0.0032181002372937396,0.4672171515388883,0.09995122691848589,0.09218782536415512,0.019915029304853667,0.22358631526251088,0.032128072315512894,0.06179627905829951,3.0,13.856406460551018,Immune_rich
324,0.03929187686987157,0.3841158298442648,0.2908836968051111,0.11465042972483604,0.05807846020623668,0.010834580279818887,0.08426073176244124,0.01788439450741961,4.0,13.856406460551018,Immune_rich
325,0.2049880442838329,0.3212860122076907,0.2025607171548972,0.1091464055845368,0.04807331737526083,0.016070162240041836,0.035427723090001265,0.06244761806373861,5.0,13.856406460551018,Immune_rich
326,0.37008121722748105,0.09375217077712508,0.04958413711039946,0.08698271877425731,0.1520513798516377,0.1875768901460851,0.0597103106302776,0.00026117548273671675,6.0,13.856406460551018,Invasive_margin
327,0.22372800255524042,0.20222743886164052,0.12104402664657911,0.06222755378605748,0.011029807954302947,0.17178028986210267,0.1581945139242293,0.04976836640984749,7.0,13.856406460551018,Invasive_margin
328,0.3701559431419168,0.04957459144081755,0.1349079950929986,0.26798889858247893,0.014156501297025358,0.13872335537074976,0.018763060594968947,0.005729654479043878,8.0,13.856406460551018,Invasive_margin
329,0.19520841560828692,0.09038972079765725,0.106145385412014,0.0769747448497323,0.10362527881680524,0.30443586038466924,0.12247654319968071,0.0007440509311543703,9.0,13.856406460551018,Invasive_margin
330,0.2812243524635963,0.08143858718894945,0.11740360733066911,0.05985900910858143,0.09264294633309791,0.2083769365557451,0.11894364916238,0.04011091185698077,10.0,13.856406460551018,Invasive_margin
331,0.3361421073551483,0.10521922881689584,0.05066829657987841,0.21159431133947532,0.1120899088288826,0.05226391459403319,0.1214476738118191,0.010574558673867068,11.0,13.856406460551018,Invasive_margin
332,0.3193607064296099,0.14926568365051202,0.1679605661248922,0.19145011058304365,0.04408226160839842,0.08167455475738647,0.030170136874755744,0.016035979971401302,12.0,13.856406460551018,Invasive_margin
333,0.4185389723375554,0.03629607184912917,0.12603947002165364,0.07295209796547865,0.07337695694371024,0.15337032647343382,0.11034240545592705,0.009083698953112085,13.0,13.856406460551018,Invasive_margin
334,0.05358381702338545,0.11644706502987821,0.12656016121512056,0.055538619615932164,0.032058385753191296,0.44852016091039837,0.16252552272907222,0.00476626772302161,14.0,13.856406460551018,Stromal
335,0.07547768644545838,0.004916026060755147,0.11074070301968367,0.0032580563385051033,0.04768424930373226,0.5444345737169393,0.18593711724951112,0.027551587865415117,15.0,13.856406460551018,Stromal
336,0.04361430981425237,0.048932450070614385,0.10130327090881393,0.026982022114121897,0.07605628827287911,0.3586733981170574,0.34163879520554236,0.0027994654967185674,16.0,13.856406460551018,Stromal
337,0.12389885975718538,0.07268718253252278,0.06039349931968346,0.15731715106454858,0.02784936531788397,0.38295073991632056,0.10097871747638137,0.07392448461547388,17.0,13.856406460551018,Stromal
338,0.17722843407001282,0.04538343848736442,0.06718226256742979,0.0977072366286774,0.0795076185170863,0.35161737905546364,0.15173435430838714,0.02963927636557832,18.0,13.856406460551018,Stromal
339,0.1342707055512003,0.01850450030917978,0.04701970683516047,0.0211292951109072,0.056233568170055585,0.4862168458763918,0.12217736867130746,0.11444800947579756,19.0,13.856406460551018,Stromal
340,0.04818343413869918,0.1940195588606519,0.35565190744003033,0.0974841898915509,0.010209794326802354,0.13206576852324475,0.016521748089705218,0.14586359872931545,0.5,14.722431864335457,Immune_rich
341,0.17000840370506717,0.29054899997604283,0.21562295705428564,0.19714636056008444,0.02843108143967371,0.005444158024154512,0.027075713547349896,0.06572232569334165,1.5,14.722431864335457,Immune_rich
342,0.009206392837372075,0.36885330359371404,0.15168611478861882,0.1487018267397241,0.1573584605232863,0.06827731787256573,0.06932392129528825,0.026592662349430557,2.5,14.722431864335457,Immune_rich
343,0.01999381676872296,0.23746718900822827,0.23182247678670717,0.12327476798467578,0.08667581784966426,0.13944728118932936,0.0381627618011432,0.1231558886115291,3.5,14.722431864335457,Immune_rich
344,0.06797346809972651,0.2451998800611186,0.1478513731355717,0.07314875063065879,0.195186645775397,0.06092202876391244,0.11673519949357326,0.09298265404004159,4.5,14.722431864335457,Immune_rich
345,0.003181619024947787,0.30715983559806415,0.20803833745666456,0.21697479487333557,0.15411568152962132,0.07909496057538211,0.012237719597984812,0.01919705134399959,5.5,14.722431864335457,Immune_rich
346,0.21986433487961163,0.0009087964570190664,0.1280346213956643,0.0035266810645243154,0.03413024236871271,0.3143718590819069,0.1959611271065334,0.10320233764602754,6.5,14.722431864335457,Stromal
347,0.28075722752059534,0.09306242028508518,0.07116254155141384,0.2616740685431029,0.10522779322352173,0.1371680997971466,0.04656703742089844,0.004380811658236234,7.5,14.722431864335457,Invasive_margin
348,0.2836768900219155,0.2809731779415169,0.08896256408131414,0.06172747273845265,0.1334596602469627,0.09674863727164257,0.02973397931365198,0.024717618384543654,8.5,14.722431864335457,Invasive_margin
349,0.4467028508579766,0.10154491868548443,0.23455789504208316,0.02730956891127387,0.04127534794262832,0.0578994008346978,0.010468097045565073,0.08024192068029071,9.5,14.722431864335457,Invasive_margin
350,0.24343259139113493,0.07864479873205066,0.09627545354674584,0.033993577697644856,0.2835613898968081,0.23299447388599726,0.02418209959644468,0.006915615253173491,10.5,14.722431864335457,Invasive_margin
351,0.13141595685173962,0.1484189516826131,0.05674215367898659,0.1883509168399207,0.04397492984553106,0.2758117739408084,0.13444988138414038,0.020835435776260416,11.5,14.722431864335457,Invasive_margin
352,0.16829855062891427,0.025759074614808933,0.008114684723175902,0.020950524044658202,0.0612136633464771,0.2882120607777398,0.3706465846667691,0.05680485719745679,12.5,14.722431864335457,Stromal
353,0.03896280532798113,0.04097982709957145,0.10415096662825123,0.04539061769962389,0.06479933970310937,0.3601032653190815,0.33520107825627093,0.010412099966110479,13.5,14.722431864335457,Stromal
354,0.09597387334003044,0.12097014458251618,0.006882578909109133,0.005153278651903091,0.08173185951978473,0.407308223445741,0.2705060087693335,0.01147403278158198,14.5,14.722431864335457,Stromal
355,0.16930249618287074,0.01799811948569506,0.021765595327971028,0.15829348608097668,0.020226596438022652,0.33063883150615886,0.2063841816864501,0.07539069329185484,15.5,14.722431864335457,Stromal
356,0.03557217654774566,0.016505924283055615,0.020549470683123384,0.044088977102827595,0.0388229010352424,0.5422324903017224,0.15602562315930515,0.14620243688697784,16.5,14.722431864335457,Stromal
357,0.10643727661347166,0.09150833270209531,0.10620446251451564,0.08298344158542617,0.079140168621411,0.28889941420537557,0.20922940202152804,0.03559750173617675,17.5,14.722431864335457,Stromal
358,0.003148861165846758,0.0029582503905839744,0.045521967006637756,0.18532069686643876,0.046179537931102084,0.5317004879916358,0.1551368412050028,0.030033357442752085,18.5,14.722431864335457,Stromal
359,0.041301292281917056,0.031517923252527356,0.009335080628340658,0.04779259632944128,0.04530901752037966,0.48536281806221054,0.29036859752845146,0.04901267439673195,19.5,14.722431864335457,Stromal
360,0.06788676501384769,0.23795341442556137,0.09241646572433913,0.32914434478818355,0.011689591474754613,0.11033576169591071,0.007231171671327079,0.14334248520607593,0.0,15.588457268119894,Immune_rich
361,0.05233338744104148,0.28021706845847677,0.13509990022628757,0.15049506123695666,0.0793406632765927,0.1599269679783437,0.04188239835959411,0.10070455302270696,1.0,15.588457268119894,Immune_rich
362,0.13088450212711966,0.4765419602257099,0.15507810428979885,0.07392033956616416,0.02371854880722109,0.018901578487626088,0.1096710363579562,0.011283930138403876,2.0,15.588457268119894,Immune_rich
363,0.019695764511846247,0.3525743615392577,0.18265899559623772,0.17415369270541728,0.07317672173382876,0.05790121146532312,0.03182031364267409,0.1080189388054151,3.0,15.588457268119894,Immune_rich
364,0.1900485129220547,0.15066209197571134,0.15800855410850115,0.11878952697109853,0.10679365281523663,0.03064021805105034,0.08440518533758194,0.16065225781876546,4.0,15.588457268119894,Immune_rich
365,0.08943114749537029,0.1308408025052906,0.22389466862694954,0.26901338406121056,0.023812766931254215,0.008938253827577928,0.012981025383735864,0.241087951168611,5.0,15.588457268119894,Immune_rich
366,0.10622821690086597,0.015200977269796757,0.058607045343426985,0.03357887928921437,0.042880799361938886,0.41036883374948613,0.18202458983697803,0.15111065824829276,6.0,15.588457268119894,Stromal
367,0.036815166001058684,0.05285808181719499,0.005495032766903528,0.00657627229149971,0.07196022777832864,0.39601073011466653,0.22997536316382167,0.20030912606652612,7.0,15.588457268119894,Stromal
368,0.0836837346023344,0.03686405275472274,0.03430896097427489,0.06604879669118015,0.07161876055949569,0.5107880241907474,0.1292240579235255,0.06746361230371911,8.0,15.588457268119894,Stromal
369,0.016937252749644655,0.011961405725217263,0.027318904129473603,0.01226429430355646,0.030746706464170114,0.3460360332514745,0.4564317954646063,0.09830360791185692,9.0,15.588457268119894,Stromal
370,0.10902053481079758,0.0053558833993183315,0.15202623853964864,0.002353153778469224,0.0885352126168115,0.43041540129307715,0.19863540628589454,0.01365816927598283,10.0,15.588457268119894,Stromal
371,0.08681461625192911,0.016479445286626048,0.10906794233459942,0.07584329885181813,0.08899861139720888,0.4090463669148568,0.14725564549438822,0.06649407346857343,11.0,15.588457268119894,Stromal
372,0.03470608230565477,0.054823087501922635,0.01051490287037032,0.004295801966117219,0.25346944307872915,0.505724669829025,0.12877880443691897,0.0076872080112618075,12.0,15.588457268119894,Stromal
373,0.03682935857805256,0.008256261563922472,0.0730464126182534,0.11505821580442786,0.253607793191083,0.2843401455985578,0.21538241709622152,0.013479395549481478,13.0,15.588457268119894,Stromal
374,0.09619602304002982,0.09494073039040644,0.003749771867349564,0.047181348663574714,0.09449653176779814,0.39858239796571676,0.19055469794855812,0.07429849835656632,14.0,15.588457268119894,Stromal
375,0.04139081603506338,0.027086638009612633,0.042281022749633176,0.011997106405386614,0.14307718419501284,0.5021818610226491,0.17615805140964197,0.05582732017300045,15.0,15.588457268119894,Stromal
376,0.06221867585386302,0.012785331349653059,0.0360025845462073,0.030712145981348027,0.20266697907918213,0.42403540737200673,0.21236079915976047,0.01921807665797906,16.0,15.588457268119894,Stromal
377,0.1808055351676734,0.010826112789979428,0.03915715532241829,0.058336739131206926,0.087814060961419,0.36634430568515874,0.22167160874396355,0.03504448219818065,17.0,15.588457268119894,Stromal
378,0.10715892491915086,0.14800976347164196,0.04284686718945308,0.21735688778178536,0.07025501150520791,0.27592516733865363,0.10995487110628022,0.028492506687826945,18.0,15.588457268119894,Stromal
379,0.039982468840552204,0.05735084205909204,0.01620794464922992,0.12502433028137164,0.07418050738947615,0.45902900939985203,0.19773595826352566,0.030488939116900392,19.0,15.588457268119894,Stromal
380,0.02480379403745663,0.2788737638206097,0.2962750419291839,0.2633345356388409,0.03821130706649583,0.0187823874525335,0.015833064554918945,0.06388610549996081,0.5,16.454482671904334,Immune_rich
381,0.04977401344597998,0.21676060493858562,0.33474895345136446,0.15940284420997655,0.06566709422510747,0.03453049346924048,0.001808760036902881,0.13730723622284255,1.5,16.454482671904334,Immune_rich
382,0.0449225609667405,0.32170472979454684,0.2534558212990866,0.23337826428247713,0.05117264585634632,0.05040346950413756,0.025487277699301068,0.01947523059736404,2.5,16.454482671904334,Immune_rich
383,0.029647714388817654,0.2740399219568739,0.2709942886546987,0.15678935504235333,0.09711276121606817,0.011985543785794799,0.026044827262840044,0.13338558769255363,3.5,16.454482671904334,Immune_rich
384,0.014663348622067062,0.5155826647602092,0.16677777069429395,0.08966527057027504,0.0017199484149144674,0.08688449700182808,0.05150238555168239,0.07320411438472989,4.5,16.454482671904334,Immune_rich
385,0.011716954142432866,0.2344991145493978,0.29610398016230693,0.2717377969381427,0.03670513100121811,0.028477351169629614,0.025079004112471385,0.09568066792440057,5.5,16.454482671904334,Immune_rich
386,0.06802432547196587,0.02766365795075291,0.0026515483450426846,0.022980918798502482,0.025677038315066604,0.4801784435220123,0.3309042099174188,0.041919857679238365,6.5,16.454482671904334,Stromal
387,0.007992274468699555,0.07027433342448786,0.0018087259515516165,0.05967662489798602,0.10432386971875307,0.44821276733265986,0.22056887741418243,0.08714252679167962,7.5,16.454482671904334,Stromal
388,0.05715580080585248,0.030358677431368063,0.0024472729776291342,0.008094635440998331,0.03168966843110042,0.6172408182744762,0.15359106525301178,0.09942206138556361,8.5,16.454482671904334,Stromal
389,0.13261895203354146,0.14687428968438096,0.05294687345136332,0.03795727558397732,0.10181710364325901,0.3717522247098825,0.087649420851505,0.06838386004209047,9.5,16.454482671904334,Stromal
390,0.0862379202773248,0.08633794090191944,0.06373240962290629,0.023873117132621604,0.06435212924334809,0.39149282998267704,0.17602537953410424,0.10794827330509842,10.5,16.454482671904334,Stromal
391,0.08738656806016887,0.08212635026781576,0.04896890712775176,0.07019069931705461,0.08296712833039328,0.3978499571600819,0.20873272734158818,0.021777662395145548,11.5,16.454482671904334,Stromal
392,0.03959204270840725,0.07509540987819148,0.009879099871391905,0.02120017303748781,0.04039842002507066,0.5471783887614462,0.25863761967441884,0.008018846043585822,12.5,16.454482671904334,Stromal
393,0.023243587853436304,0.24172191462212433,0.022099879983660947,0.09319570769154743,0.09935040554548308,0.4178595206873415,0.07580116331605065,0.026727820300355896,13.5,16.454482671904334,Stromal
394,0.023027602032587052,0.06335848316583415,0.13989801776682048,0.13252029225425122,0.020098485464758842,0.2971002634968958,0.3136498772632365,0.010346978555615853,14.5,16.454482671904334,Stromal
395,0.1662675319786443,0.0034472246903589797,0.08983693094244805,0.0008516299579746748,0.07834349624405718,0.3679496952016443,0.24927512723292852,0.044028363751943904,15.5,16.454482671904334,Stromal
396,0.06931187798501186,0.02799529847428105,0.002217671333100428,0.01791542350792293,0.0451906592344879,0.5668623078646795,0.20091116091528335,0.06959560068523288,16.5,16.454482671904334,Stromal
397,0.06553583785184887,0.03147598647632277,0.03745617123342368,0.030126820495540406,0.057335682917594236,0.5237365724021742,0.21615262629185794,0.03818030233123779,17.5,16.454482671904334,Stromal
398,0.046232321856555424,0.008565261298526318,0.10396241500330584,0.14846880425527814,0.10378836117515874,0.24675861054126252,0.23466509688376497,0.10755912898614796,18.5,16.454482671904334,Stromal
399,0.03834303693017384,0.057258363994203434,0.02528903351923272,0.061581279549636686,0.024690790376208145,0.48308500994796577,0.15117948462925956,0.15857300105331998,19.5,16.454482671904334,Stromal
