Sample	Group	Total_Reads	After_Adapter_Removal	After_Deduplication	After_Host_Removal	Adapter_Removed_Pct	Duplicate_Pct	Host_Pct	Q30_Pct	Clean_Read_Pct
sample_healthy_1	Healthy	26899339	26035855	24488930	23735289	3.21	5.94	3.08	90.26	88.24
sample_healthy_2	Healthy	31322891	30543661	27636831	26674969	2.49	9.52	3.48	88.75	85.16
sample_healthy_3	Healthy	22684175	22057118	20522805	20132784	2.76	6.96	1.9	88.75	88.75
sample_ibd_1	IBD	31353155	30692930	28199593	26699357	2.11	8.12	5.32	89.57	85.16
sample_ibd_2	IBD	21463473	20478764	18389540	17680252	4.59	10.2	3.86	92.46	82.37
sample_ibd_3	IBD	26900393	26240686	22574374	22175618	2.45	13.97	1.77	92.06	82.44
sample_t2d_1	T2D	19406903	18748533	17748517	17175648	3.39	5.33	3.23	93.86	88.5
sample_t2d_2	T2D	22246542	21313439	18185146	16925542	4.19	14.68	6.93	88.94	76.08
sample_t2d_3	T2D	29721448	28544799	26205076	24131437	3.96	8.2	7.91	91.88	81.19
