deference,switch_access,truthfulness,low_impact,bounded_reward,capability,training_budget,distributional_shift,safety_score_raw,is_safe
0.4944725879278468,0.47018278088831084,0.4041178369366364,0.7258827126157248,0.6513647931289378,0.5196051802084514,354.73303256451516,0.15297254939564134,0.5091141426651579,1
0.3751527747114991,0.7967866555244757,0.6728543569558553,0.5325084366649582,0.6683132621371779,0.9887682416922798,2651.779506388502,0.1169300976690267,0.29118702827726195,0
0.5298115439843974,0.5879477797227165,0.6477170237408042,0.6774638397255442,0.8451858014871588,0.2805548808830425,1838.2274516555235,0.7242198609888278,0.38997005387400857,1
0.2363558476234208,0.41585737139169465,0.6111751774236445,0.20662565929473783,0.7596232378346137,0.5389545215997138,1732.836433539768,1.4774590973037038,-0.08601092363927038,0
0.7680577944720322,0.4705713262910382,0.42764958821354027,0.35545575684046127,0.7237295306711978,0.44571996015196175,2664.8708829499733,0.6308666527518753,0.3533959347136239,1
0.17279156167892437,0.7765025335249088,0.9232185125439077,0.6228185615716902,0.8599237325894965,0.9240704987106114,1113.2400840024397,1.0662809462892617,0.23276635842262897,0
0.6534810368956206,0.7406223583448476,0.5951630954985848,0.19566349616343914,0.5473111862829764,0.8954720863258843,2038.7327271241097,0.5090220678323536,0.3355001822974659,1
0.2705978714913083,0.8158462637918861,0.5337868247167418,0.3512902062998182,0.3261803499034481,0.39015900824498306,689.1976260477134,0.24523371639136068,0.18558164862086612,0
0.3118692875588732,0.5644002493944552,0.5822814278494737,0.3535739557504934,0.8607489950015798,0.264950229640345,2559.5335611814185,0.277355331939177,0.3704176610581814,1
0.5619785881285826,0.511739565475919,0.6596837161729524,0.6306830149437523,0.8202507203839506,0.701710715248894,1363.9136842242763,0.03915454804742818,0.40561380170669625,1
0.7246439626373053,0.6678866554061463,0.794034567705914,0.649273826076141,0.7939651785091789,0.46909496950696783,276.72890525167554,0.015981300076793718,0.5753583577124801,1
0.1360938788360612,0.3431817419150594,0.8213880408019228,0.6758338919869122,0.8630586060080285,0.7376675124848504,3091.417392921714,0.5945020387178861,0.3501426438714962,1
0.4876026827640238,0.5816578592681529,0.8495988082882447,0.12882622809307212,0.832293330274581,0.22569580485425159,964.0039105887153,0.2885084367413876,0.574268598226056,1
0.40838358575698863,0.5615318384199512,0.9574459568944327,0.411616790284485,0.6339674467043837,0.30671938814199157,838.7203110369462,0.4017211122280225,0.27810768081080045,0
0.19215809699627076,0.5973534337224087,0.7718884836715292,0.46196011612907645,0.4353752357628963,0.7490977862181147,704.3902530977662,0.4078396411755349,0.4689655390325261,1
0.5041691951652935,0.687570474708039,0.9263947362928908,0.8720663799321312,0.8647432359197641,0.36989652424199826,757.964371372835,0.1624329945531175,0.5616366798499429,1
0.197928577627594,0.39878193907649173,0.6134380104282258,0.5483458732980614,0.6839787028693444,0.8860701406099214,1379.7192495153013,0.3230292418464995,0.1904639653836383,0
0.42946368034554616,0.9157690388213136,0.6623070767007796,0.5776810770938005,0.437205301205031,0.24687271016810836,408.470626039546,0.31815684132478256,0.3879171858770234,1
0.26755326436227744,0.8162872896145508,0.6678683504903006,0.4459028051842907,0.8067671166648613,0.37238558622845974,228.46598235180096,0.2458606570692879,0.44306142707395474,1
0.3207521505549691,0.6676984843896845,0.8052674481153496,0.7641723330074096,0.4789431626934456,0.9988481987880549,378.242097771267,0.85927880749773,0.5149525975759492,1
0.34709726437150484,0.26764492555828745,0.5133509618113458,0.6357383178917508,0.6361447290111931,0.5464608820694341,1606.3468633236425,0.2999778068865978,0.136197913265327,0
0.5551254835297625,0.8054505560009336,0.8413859266291875,0.48535063127067324,0.6277182678873642,0.7623725308357148,932.6797118541048,0.4627219024996802,0.22435546724352567,0
0.20926312756556567,0.45421849374759815,0.6144989642575852,0.6258267463645598,0.7968097144848819,0.3461304390856109,3338.2203832204555,1.1293803828224112,0.22859273952430822,0
0.4466059122572963,0.9458644137775666,0.6550398297382539,0.5781905729112311,0.9618213679510947,0.6878949879884302,1027.7089334484629,1.005830227393656,0.44813700515259713,1
0.2981214233362209,0.5126560353106411,0.5564530012600426,0.7062612073403253,0.4330510380953084,0.7808848546955349,2546.596671842641,1.1055602571090752,0.17284908765620607,0
0.2997950109100793,0.43166752192498387,0.5849808800189176,0.6787414947800852,0.8026182813513564,0.45158130869320845,548.4989645616683,0.1573587946678728,0.47697801277062074,1
0.492912948873501,0.564096573512414,0.6189165700943111,0.33570865697177654,0.6766153468100664,0.8631176895807022,709.7109614485889,0.01780451548838995,0.29245772703046724,0
0.2815060240910244,0.476710577880501,0.7254632129418189,0.6497850394458158,0.6693335325721257,0.6827340627778267,1107.1275616730625,0.15127387720005872,0.2785453506918458,0
0.29685330414082756,0.5242748527363977,0.2904373350440733,0.388138858529403,0.73909345609466,0.5112984076920242,946.7385928398264,0.16335516169390948,0.33837040949571506,1
0.40017764652283117,0.4052572345978729,0.6847504758109333,0.4651382056185994,0.7139578372515728,0.646113914674527,862.3273615657885,1.2004316334566394,0.3937992941004852,1
0.17290454627902885,0.6861521126384514,0.837111306536636,0.7019521160753,0.9426251373633219,0.6614086779487394,458.4656852162847,0.5238304206459038,0.4396773156751542,1
0.3025117856919123,0.671866344497981,0.5758191656813256,0.5352388369875227,0.6070920384254583,0.3324282341550928,224.62625993197096,0.0426177281275164,0.5167813409071275,1
0.442525056783255,0.32531102276495627,0.8730121891669004,0.4284322763920302,0.8491385619745134,0.522185895893573,2061.1442567013332,0.07273177555567845,0.3299087150289677,1
0.07544998668702999,0.7575781688682947,0.7811766928419664,0.31395332329421993,0.4119466373067639,0.47474447041559453,1843.203472326908,0.08460956024253997,0.39474555525145255,1
0.1616891895186843,0.5188379030091275,0.8666699042653749,0.5562830766842356,0.4975302966289094,0.5207221780633009,593.5555321650726,0.497696391697139,0.15137808147550383,0
0.3095909375797926,0.3830288094432688,0.5027652778970395,0.37677680788325796,0.7945586186202191,0.8088884707882065,1601.800819982861,0.6647945175787161,0.4192312567658286,1
0.46937168872586077,0.6159652719801147,0.6951865407912606,0.5021964663576398,0.5451525296179242,0.5860307259733382,928.4847817658008,0.9817862948113656,0.1679863422494311,0
0.8128374326285992,0.6149586126858725,0.31521123336367074,0.7348224358517886,0.7181009855430074,0.9522529225914116,3314.8635878131577,1.412038287723646,0.1906109267962553,0
0.27137857554058564,0.16626337813377567,0.5550363916261724,0.2617092383291931,0.6869078884907212,0.434941130686749,295.225776202837,0.11263826060553427,0.0956173744541832,0
0.11444968666454716,0.9123033247932215,0.8518640433115906,0.38337337001577604,0.9468077330544089,0.5325628626279433,966.1060960269378,0.18536700172829387,0.44536707302113643,1
0.10835061329829057,0.46269704879380447,0.3945004050896621,0.733893497860275,0.6897530517817007,0.8295654483832331,891.9885226840127,0.13743088952922786,0.28615736912741535,0
0.2801284540673569,0.563115506304662,0.7205561680296547,0.3873186670323017,0.7292391975121741,0.6368196746566002,1288.3478741931192,0.2221769607967047,0.54711774813007,1
0.7251247646742227,0.5694190368366006,0.43842141565041737,0.30262239072445873,0.8279952371603938,0.6376225171395582,5100.724211478817,1.2305859254798428,0.37338170257645,1
0.1006812023256057,0.7256732189724086,0.34522902493467256,0.40706157718118535,0.6559965758768972,0.2426721304041468,969.017653374458,0.42796550426347746,0.17698837393208566,0
0.32753344786832983,0.7557009698403561,0.8290705662452786,0.6997936436769586,0.8192989078391889,0.5188797301747647,2305.682898445883,0.6700717380585256,0.5217534527245247,1
0.4335716694002951,0.6715548740248584,0.7319434516249447,0.5050338255195862,0.95153673770088,0.416586985937386,945.9443445524798,0.33678918846270545,0.3313670418756288,1
0.23358238496218436,0.1513600074450475,0.34028128256009654,0.36446784241958696,0.5732483475842616,0.9994680982648922,3200.0219347528387,0.014641245577588547,0.1128897007708528,0
0.5551886133069682,0.30363385810315197,0.3800947627971742,0.6021412637617853,0.7548075554204554,0.44668405650584825,2328.194448148608,0.03317433843952294,0.46661507750208525,1
0.6065124149754494,0.7083770135126598,0.7257730767215086,0.7541716623435936,0.587220528033069,0.9075972278350908,785.7864044949017,0.38601190139460406,0.35310656581024513,1
0.14348046526929162,0.5771297451182708,0.8148213212990428,0.45767171944414153,0.3115605448975661,0.740986988032382,731.2087152662098,0.6343250627834991,0.3364563585030613,1
0.48843173482006014,0.6144799851044928,0.5028451822426088,0.32587257995995283,0.6519951028135671,0.47273312735367234,1784.619737720239,0.1212463520223284,0.7103076386147793,1
0.45880042986834013,0.6958514756575714,0.8049803755106195,0.6023339252821761,0.8981212231538787,0.6348275026992989,569.4061413261172,0.639904472386224,0.3950079128275258,1
0.324692876431175,0.7088669975752351,0.7419299443671775,0.4501589295698799,0.7718543809661347,0.872428703959355,1326.9423580957314,0.8321207157117816,0.20351651808538074,0
0.22453691704495995,0.7753924386483013,0.6321469661246906,0.33714584462264485,0.43672251830649367,0.9066946384247296,768.3177788186987,0.2654269948774105,0.2855786464412462,0
0.6355838737720279,0.5735632900047273,0.8259980573389836,0.3407994278669182,0.8759425088730812,0.32831510000491615,1584.624339049758,0.6860364492928226,0.3874198532539002,1
0.15151404578090366,0.5631544896033873,0.477051991243409,0.36706234593210024,0.9184617589039165,0.4716585129665357,933.5387049780174,0.2587824327042162,0.33940963196943064,1
0.257987285542402,0.5515531985911017,0.6323080321585445,0.6272214248509717,0.6442284670934193,0.46817854417085736,548.6270159817519,0.5671466190417118,0.15605353866045144,0
0.4802039755971562,0.6545379814720131,0.5570919882059199,0.5253946322535787,0.44491955430059404,0.23363583686075576,3311.9979859683185,0.7219554855756976,0.4033287192646143,1
0.47492656875807726,0.7670581206250092,0.6635085590506524,0.759708220364344,0.6261634003671521,0.6785902078815172,1393.475461128903,2.409591419815641,0.29952250938311586,0
0.6391433783830215,0.6596940999979756,0.5915385757292386,0.7233643557122293,0.8543865564539326,0.8838560423937505,1039.4163416862684,0.2118629088639648,0.29045572619613125,0
0.20753864916139775,0.9079593832527687,0.40694935251686354,0.3187623846503416,0.6135922623807083,0.5052595102604143,1669.0147232468603,0.26469916734816,0.20547820698730848,0
0.5918839233803184,0.5315303630541397,0.7307842366973444,0.27302328855068647,0.8091940337589097,0.7920287559873416,206.19300901484223,0.09053320805244593,0.4120184153798088,1
0.4219542448270688,0.931127065366235,0.9346073097499136,0.28361589531634596,0.882151097959593,0.7021603308805919,8867.824894465606,0.11412393963089458,0.6071452987135991,1
0.4025995573497745,0.34980741757132167,0.7489786226503412,0.4123630375522922,0.8153037203974175,0.5005189883944007,1124.0435372207598,0.5910975066295252,0.4285959910287544,1
0.34768973897114863,0.4733117372816137,0.7420175217851788,0.6922087305701345,0.764063674112385,0.31284783959383766,153.9806723195332,1.2447320505320434,0.34166600777650646,1
0.625135189561761,0.21279437447814328,0.7206674802410287,0.8522114867300985,0.8437129630794673,0.7674590822207739,3630.3869749954247,0.2509370307921478,0.27904636597414756,0
0.1394182794470908,0.3539731398481128,0.8904554386105279,0.5623910125950229,0.46932921057705945,0.8836521351529925,517.2940615892362,0.09913062886668376,0.21617321859329158,0
0.10525145916987037,0.7316430216896712,0.9174992143797187,0.3311379675871051,0.40268510234161975,0.7486835939211935,3114.155706639832,0.16780595297399636,0.22107657166899403,0
0.6784849264159828,0.5939636401122877,0.6705738272963496,0.6433118108612244,0.6688054209809092,0.21430278722785445,1238.3900741116859,0.3035321800135222,0.5540065081152169,1
0.4968065854222729,0.754699261289892,0.6317258163249065,0.6438447191591011,0.733242304749831,0.37298631551279304,228.05462307721297,0.17170334277210855,0.5381494798181563,1
0.6404896552902578,0.5857163341241357,0.7224436123416635,0.7469261559428738,0.7708422190745062,0.25558398790682557,1424.0521430404126,0.13301188016019663,0.44654285049949266,1
0.5499458896171707,0.3007010711765461,0.47108348697872793,0.4969666881912438,0.8283148231433373,0.6563088796609815,1323.069173557478,0.6658737114268896,0.25306968126611945,0
0.2984813160623719,0.5360150893263081,0.4594486275140778,0.11613733132193499,0.7128289030616581,0.80518214307233,3469.5197729008432,0.003937927260448814,0.3848222205047705,1
0.6085351045435589,0.845189388973934,0.8310499982571561,0.1435115424751251,0.46003094055562305,0.2884633496549276,1848.56302015792,0.3874287101775323,0.41755639468152994,1
0.46715800479676517,0.5546260537314726,0.7436503459616106,0.3498232688744722,0.8392730963102866,0.8706702564747082,317.53509667902483,0.7893738728584175,0.27262150602429935,0
0.286661796356397,0.6178190747455649,0.5033591597314185,0.3939769402586057,0.6107413027816834,0.6444071827163866,2987.730274555756,0.15477865776233157,0.5544756638722725,1
0.3891096460916013,0.6859176792698971,0.6014574383526458,0.6735601111341395,0.6514811867197138,0.75197520971338,724.8288566533377,0.4622767758353536,0.6228810427395804,1
0.2082526245647107,0.1838411342177925,0.6703349275473421,0.311345136591363,0.4183265020233063,0.9771214788869169,6125.8041026098035,0.5526675767110473,-0.13979959395024316,0
0.9653686477138645,0.5445338923926962,0.4714770167045728,0.7146251930799525,0.5579482346244258,0.2669447905981579,769.0993174906835,0.5321412241479441,0.5831960098265401,1
0.0949723681550989,0.5926027591708254,0.7180210532777552,0.5596001047482468,0.5609118232095268,0.9209792183822314,887.7663972344251,0.2951596053241502,0.6210421077910175,1
0.0674668842496545,0.5032984554569039,0.6423255812910559,0.39686263450657344,0.4851020341384864,0.30088215678992747,482.06534115556923,0.2127660458966788,0.3340822420651615,1
0.23345851531736267,0.509355449963915,0.8571763185394057,0.6059154477481757,0.49783610155624747,0.5143670453093458,666.0747918603528,0.9037129944762888,0.2445447896712683,0
0.45653567190157596,0.7769886043027209,0.84720493115338,0.5905532971563672,0.8510535565838658,0.8811509570648914,511.352571798269,0.7103310251928877,0.5640922866159864,1
0.16441058869051947,0.3150399682534547,0.8820973203052369,0.6825888378471482,0.7535139080413406,0.9250033893902947,3556.203511195976,0.19375501486782717,0.35278157569747737,1
0.1778739003946401,0.8668413328077953,0.5854571522605515,0.5619656166981727,0.6090701049030987,0.6050973388361163,289.59740517650727,0.05436040781929311,0.5012656622873695,1
0.44693168366631825,0.8613834158908695,0.8114282525399052,0.6055511291244322,0.610882472509865,0.6752837106203402,2451.8046782270353,0.03725809066205044,0.5281380230865877,1
0.35175888930253063,0.8157070300649619,0.7151712519169493,0.23470690835665503,0.8303035615994343,0.7665178676788458,2511.5619301533934,0.049510315355051494,0.4757333515503601,1
0.40594172744038687,0.19387459216003655,0.7137739809089798,0.6381307140532252,0.5703786916257236,0.8662069347621715,4348.33165506769,0.4371779118664843,0.3457434282978136,1
0.5781591355706356,0.45697440963351377,0.5305716334113383,0.5285663687945008,0.770041730325384,0.29720893563013295,1145.6890535078787,0.026522242797784444,0.6219492757812035,1
0.2837636290092098,0.8011129258627558,0.6301893046574036,0.6654779288396666,0.87110539208371,0.848055446583382,392.8022253932594,0.20543500035317086,0.3832209490365496,1
0.3322386316273397,0.7714949168231683,0.7803402284242832,0.3954436511660576,0.9198505071629433,0.5850209204092934,923.5657121339667,0.6995878895743366,0.3082119903545688,0
0.2501170792431812,0.7535970422342272,0.9657693824997233,0.7067371711115134,0.5465735553085613,0.5604987400865352,1987.630550148942,0.17431665841683894,0.24689996614195295,0
0.35280117138461503,0.5218152276454258,0.6774915016760324,0.17355685469537077,0.597476413024998,0.5391198015975986,1193.6008463231462,0.7204979435841757,0.19439721265585447,0
0.3438921817873322,0.591115169675436,0.8549485066455951,0.40946499809550196,0.8002731322419184,0.6073692681968341,1582.4471424828141,0.684162467746092,0.4496273248896397,1
0.4939221086201205,0.6057549896680101,0.7279416063342541,0.6988937866853968,0.8421794157278821,0.9560404427156828,4295.340613331973,0.14106683509357915,0.5519215729701225,1
0.5471660293010695,0.382823064765051,0.7650195522700638,0.6445765889793447,0.6835680730777871,0.6385630182337213,1962.5567264349825,0.6524902556316104,0.2591794130120859,0
0.5238483684800206,0.6295013891143406,0.5673019760526739,0.30632075709125606,0.37262690299328355,0.9625420306105115,1337.3449255455616,0.6887201139945979,0.039088880851428864,0
0.14122055665272354,0.5965392418255361,0.5458366892053601,0.42976378165370704,0.7005384722505741,0.3442321044925125,173.40646333371458,0.25329557230960414,0.30016077649642436,0
0.30387624626668014,0.5012547393434553,0.6958763049200801,0.5663168955827659,0.581748583562812,0.7793087830661065,500.7712526812645,0.11812736656062248,0.48413561100525276,1
0.25194098815810323,0.8871990263967807,0.7105941416466263,0.790940769906035,0.8529818177547098,0.8497916308869977,731.6665532324771,0.3683101001512386,0.3820275556785093,1
0.3571877151778369,0.5766866942673156,0.5223147992716479,0.7232775095070629,0.9272631318022656,0.7433030650678896,151.8490325748993,1.2716764464987051,0.03462673808895278,0
0.6804286474861757,0.5244556859710915,0.5908336652717788,0.6203680223029696,0.6455329543797628,0.6855378241812323,361.6697177814115,0.5102935908588488,0.3675663262944969,1
0.206016181181203,0.6821348483058993,0.9618244372760593,0.3970142600328959,0.6355947586274207,0.6518502248689458,838.4437029372492,0.09492843663376031,0.45332873210339575,1
0.24526075191077804,0.49661428534803265,0.9108708899001141,0.30966023814156096,0.7263756951689406,0.8887443860629569,986.6170550075847,0.5740434999985409,0.4092750114934928,1
0.35774527411740076,0.7511953732143692,0.26745488070700313,0.25577374263628727,0.8466464158293259,0.8573172777316,1818.578199393738,0.27861197420436795,0.29136252966154935,0
0.2903353602842432,0.7465372774305936,0.3612477730890045,0.26311162106077796,0.6724148023427293,0.29783097694447963,893.1079033079736,0.44766693126449225,0.44174358138488296,1
0.24536581429490287,0.8202776208420174,0.4256987141206076,0.4102540954957506,0.9128298357500575,0.8788701256247025,1405.3485691162184,0.6622498661754487,0.38372004269304266,1
0.4235730492997896,0.6752419229210168,0.7817917038972817,0.3538519880782339,0.5485218124192068,0.531254895552354,722.1338798953822,0.36174892017885146,0.26376790899265506,0
0.3833773838280252,0.9417125862670656,0.6112158757785519,0.31096868427969,0.7580231828971916,0.40295746399664867,1143.6877965188287,0.8409612253861615,0.5017278773137857,1
0.23146845196252155,0.9347453036747099,0.3570766040840576,0.22520913266607087,0.903430300038491,0.8958148544111408,1721.5370608046626,0.6403469798883981,0.2882500717965329,0
0.09613873297388933,0.6580244741886234,0.5168963081239099,0.31995462276621695,0.7200899086767885,0.5456198397069933,4782.07700346735,0.4773512281975638,0.09619868363012699,0
0.6301344047249148,0.9173352871459611,0.5185135805516327,0.9445967384287386,0.6828702534101121,0.8466917521414534,655.4730520935294,0.08172604463229997,0.8236759877397724,1
0.24787353518414412,0.6449694968807221,0.7743038245551365,0.7817280514157288,0.4521194774579367,0.4107228895646756,1266.7147178973041,0.9037892999855551,0.2812837167394919,0
0.7896560441926176,0.4308229610339915,0.6397218518198429,0.6473987401854054,0.8698807882646835,0.20314345713777426,2615.2828555772876,1.3736990266632254,0.14056474541757955,0
0.6965138643700532,0.339468808701439,0.2825711024586169,0.7399185721461206,0.8155770721656391,0.5963673543223555,259.92844774753786,0.07365008798990899,0.40603354530895885,1
0.5111239629338078,0.7688154902613252,0.6360546118220551,0.20562511249663182,0.6564919461164191,0.28018260531430744,8085.487968858797,0.3349508604009357,0.3452478627069409,1
0.16946452760070668,0.7308692548564911,0.7231810025510607,0.8177819448162045,0.9831594112071885,0.8035007644199277,3565.3972335151757,0.14980225958400403,0.37009186902785424,1
0.22515190352196196,0.8374225525247606,0.9833672798433879,0.8745196097397452,0.8172384957942638,0.4208601088555283,198.04841373817342,0.7022766374257601,0.388376132192347,1
0.37881589727092807,0.7698080673059162,0.7727044501120564,0.6372329323397304,0.7225023444860954,0.554916517282783,1589.8291579377312,0.6394014036772537,0.3806027437120282,1
0.23153824174606305,0.33827990157727655,0.5871499731536897,0.22235046019294277,0.7426646524153678,0.26962685207324344,623.6233411314455,0.07592631485021287,0.2882947846836114,0
0.3367519729312295,0.44707666696246195,0.8291771619237166,0.5673777868934914,0.8043953472346181,0.4293273987578021,737.0472254458014,1.0478963328834903,0.2550044267736474,0
0.06426442336872981,0.7124866131457946,0.6090465940794021,0.32712406200725735,0.6322680792699218,0.8251921946068577,1556.9771511741355,0.09981915337707402,0.3611502452516714,1
0.6154982972956752,0.9592756997849079,0.7052514043139558,0.7588292481147372,0.4864721822612813,0.3212703295218556,3135.047284957848,0.7979130515605255,0.42109258192756294,1
0.47281746918902084,0.9594198674642516,0.7576683979573633,0.26622322109982777,0.8623834803651927,0.717727648901566,688.2327346421637,0.30530489479407646,0.6278637618092897,1
0.3215326706121974,0.7233422106704175,0.720646203198247,0.7388196064892368,0.7249924866701994,0.9339406822436009,697.5343740102858,0.19895110966071575,0.29024763494561656,0
0.8304722184404253,0.5382793946764179,0.6803105432852592,0.5100643957863581,0.5732970403429528,0.7438694078061763,1591.0775377284065,0.0861297325332597,0.6409844592623237,1
0.25042340585642603,0.4076670682010462,0.34762240517843673,0.48898327153342475,0.7168731842662525,0.8488173514337816,1942.9375774549428,0.09172965558350937,0.4855662382660688,1
0.8285934632219212,0.5270375602307295,0.4920821277562187,0.3619052227131004,0.4920000132490859,0.28717730344313264,400.562026908518,0.5421928166259137,0.43425878859416067,1
0.10208780360226652,0.4181646823992165,0.7129083813119255,0.4695377771673816,0.876245627481055,0.4005854608016436,6146.713954688705,0.399732285768621,0.3166454474687142,0
0.06271301264480453,0.9164973499874227,0.3879911912224767,0.4513487330662912,0.8923482464895988,0.9156310817924729,576.3330312338863,0.06510299062731921,0.22083917548963078,0
0.6083413801668794,0.4610802190988407,0.2141373390326743,0.12357412463203858,0.8192178404530921,0.7720844908944715,2877.491652644684,0.059784861913319345,0.3136848744534579,0
0.25859017930296085,0.5125776489231825,0.5169018760611537,0.6869699587697932,0.5856081082298362,0.7116430611018489,1722.7974101351788,0.03752913665108717,0.5664559193896416,1
0.40562908937617786,0.8924473321366718,0.861840021511501,0.5113749960070645,0.6310395796025496,0.73101338889736,2010.8723703760886,0.6808347239442791,0.49545152026115113,1
0.5394428704266522,0.2458046376407673,0.6504812360130886,0.6400374310973338,0.8571021020564089,0.5313604434437147,587.6012571474589,0.6221927281755364,0.4111638341202293,1
0.6768687942953532,0.7463123358418101,0.44160625212951193,0.667771066592945,0.8411934836282384,0.2356453052941226,195.61526200944675,0.030103818274931235,0.39215441427405406,1
0.23217739653972053,0.4996036550836941,0.8736159980412641,0.6676411079533263,0.9564545658854818,0.8275532336565832,1073.4129263342534,0.4107972743510641,0.28039041485067895,0
0.3965557887272027,0.6691145193582861,0.3667063417723736,0.5862060472245445,0.7448012538323959,0.7429705889722831,1077.845978246559,0.04423867381404432,0.6388474612720181,1
0.3689281564344981,0.8715984235473222,0.8109038326565475,0.612225639361982,0.697422271284368,0.5782435712901798,420.72444410297743,1.1703811825271857,0.3642032697488479,1
0.06314081378193165,0.43635700874752403,0.6562979379936512,0.7565151438281573,0.6805972705576535,0.9198076922946059,2746.1169964654123,1.188209577686797,0.15039549634275012,0
0.44066401827662194,0.45837114977222043,0.33151494946943405,0.5795169067178204,0.6635215950615294,0.46892773198807913,1041.5555145881845,0.5990500244029264,0.3258421820251713,0
0.5200292134820446,0.2976275631795854,0.6859765856283014,0.5708900953262943,0.5277742439893808,0.43545739538498873,488.29871430287693,1.303123221322688,0.12575728532391867,0
0.4767638098130684,0.7727683536682608,0.5258387446649688,0.6012324383873769,0.7395354242404021,0.8982370600635543,1968.5870765554273,0.8342040638044742,0.3729609601174818,1
0.4330001432008056,0.44750435659920834,0.6192924314011404,0.8787184750874587,0.8211658394953777,0.8375901238071883,2021.550360299741,0.881698485098247,0.1295184496260393,0
0.5295483138523914,0.9103190264661909,0.6868012167743497,0.8628548716348368,0.7446547960790285,0.6119838485186758,535.7416565679222,0.4216454418573677,0.3570892938771053,1
0.5422473905703746,0.5093345372731505,0.6934705675293383,0.20080473495036705,0.5935812037667477,0.30458779156628,3764.581325820686,0.18268431106844732,0.3573698273103463,1
0.2164813864622481,0.7242506738767808,0.807228606053082,0.7570937217537472,0.6274306950267341,0.372057177172042,10334.509007331553,0.12282184269300682,0.5101107965181385,1
0.7652502999031201,0.29408566073620795,0.626029740988419,0.2624631335699922,0.8532119618610629,0.7249823923270453,368.69491171195347,0.1981536015402142,0.26446905694756606,0
0.5901646755485291,0.632366583841701,0.9541234735986253,0.5167433445084841,0.6259487233048683,0.5080329902723293,912.6076340496637,0.49509705682961735,0.5044029315550956,1
0.2884704995231145,0.7520331341783144,0.5802644801676432,0.28226629352703697,0.6966826575027069,0.8691785533327769,1536.1119588060812,0.09476767839717344,0.24965955151176988,0
0.26028526482712555,0.5443782819122632,0.8139447084888585,0.3954683205038171,0.7891845151671736,0.9599640074657634,10724.22232093801,0.1496346304486452,0.2621380331827337,0
0.29002930277032835,0.4971823887800292,0.809414321649032,0.16568191672406896,0.7506838521890561,0.8445095402199347,526.4849347437305,0.315613099967987,0.45155033235544156,1
0.5010795983421316,0.5679783846507698,0.6093925689402727,0.6598702892771326,0.9113088608532613,0.5020363383964457,428.55346872360514,0.13266689862546002,0.5184412812625845,1
0.6219686008921986,0.412818428875537,0.4985338177875425,0.6425999136475229,0.8897396766416208,0.8309491433851393,425.6344386844126,0.4441477282199665,0.3002020431755567,0
0.7601853935975739,0.6734022899065568,0.8668327806188124,0.8938372726612297,0.6830969215973199,0.48115333877654676,3719.7940892831375,1.2831192790279546,0.4782420142380953,1
0.30990271671085856,0.6365677257612203,0.7998396724965514,0.6255532299365631,0.6730473787942445,0.3336800702125071,540.323871476267,0.6893404400856861,0.190282936903296,0
0.1515141009805998,0.11760537701883061,0.6352414975441827,0.1762000240001503,0.6905576556701924,0.22671456389268593,468.6544878560135,0.5489461951519345,0.20124860610244508,0
0.2701291226646808,0.7145296963705273,0.5976338414323314,0.6882257467688397,0.7892213988104766,0.508573370208816,1381.5582788834395,0.4370006784222686,0.527978556285263,1
0.22064159056968735,0.6488784434672528,0.7121493402292741,0.36407704277629854,0.7018931483901244,0.9228474429578255,1492.5200986137827,0.33466445969273484,0.38317629996747443,1
0.5362351029702792,0.7185591635055031,0.7878437514203137,0.5325716394155021,0.8127982678939933,0.3911892702045412,3200.3660475745246,0.10324392763126845,0.8367987010998625,1
0.2992993831134169,0.5314160576413325,0.6138203292478378,0.2717806151333903,0.8242868630443254,0.36521053194382724,1202.221094469748,1.1255205782875282,-0.044282747673725836,0
0.2628534099057459,0.7410260735841278,0.7915092781587703,0.8162222090873639,0.7692603163175328,0.9758566281928323,1406.6019440440023,0.14286598890336014,0.47153256786730235,1
0.31152325956518545,0.28023772623171683,0.7109858653239759,0.4108595255389777,0.7463826078119016,0.22000329028047372,987.0585752404404,0.04787502093271783,0.23818614132016178,0
0.2612207180941404,0.8660496145625796,0.8704347342316474,0.3526598217957622,0.7100853169945975,0.8286257203150036,297.5829698852513,0.693177539939009,0.29582206373510395,0
0.21312203048125267,0.6965503506166639,0.7981580583490979,0.7667042461169741,0.5989552909487726,0.4570959645926963,898.2023056668052,0.09655913666991706,0.4663632014503344,1
0.706804153174377,0.5332505424379942,0.9935900981671113,0.3810806510240694,0.7393310023067358,0.2299903654957275,1167.7493852231376,0.2325247601994583,0.8617883759240934,1
0.2000887994055571,0.5025888668482802,0.7503021174586655,0.728493850267882,0.44552779941332793,0.934242032167667,703.576435033116,0.014346326798157095,0.35531296250806227,1
0.5348885780150245,0.6707095484484237,0.9585464538011673,0.4785057363707627,0.8996071147312343,0.3117138641676669,229.418079423765,0.07370965965913989,0.5896794918626515,1
0.12669812585070006,0.758306636172283,0.6006331352422072,0.4324802351199152,0.6474071170783716,0.6414234269805563,352.4855160678358,0.09509842126208295,0.47272992943523984,1
0.4854596995999964,0.4686406047920442,0.8836159263508752,0.2394676306755582,0.8972435142959496,0.41924336594363826,1054.2856442449272,0.02797317139168213,0.49117354372629807,1
0.7702221997736759,0.8611776497523269,0.9444853053192711,0.7099144948526052,0.5524144309732901,0.25215424174775286,2787.08937612884,0.5345126025727255,0.8592781234316031,1
0.22154248599301915,0.6320631892775848,0.4971435697346823,0.853259723159027,0.6972636327723112,0.23993798853070328,5897.501679852308,0.907026453166056,0.3801439265463102,1
0.1913645491154335,0.5825384870613021,0.7899714267003373,0.5003838303542975,0.6971180152564408,0.29244535906907104,912.4829676376602,0.2336559526862801,0.49291923858898934,1
0.32659683535655926,0.2617056350895136,0.25535763817765605,0.7924925143947626,0.6143062708197831,0.2570936111115041,535.4597530110641,1.038029541198053,-0.05121480055763866,0
0.14492342817007386,0.8791872148762487,0.7161108214399758,0.3067203801904843,0.9170172102293274,0.8084464924159385,755.5836534046514,0.11998375092010463,0.6271672266258221,1
0.17815612665276545,0.6225428722389632,0.8214578263342862,0.543828358581848,0.6113784454516309,0.5884529618267433,385.13147280769573,0.19681058036318977,0.29566543474928897,0
0.8878273298841941,0.6311522700119442,0.491461754850534,0.3544654197160462,0.6311592841489395,0.47431367307918376,2410.8762299840673,0.08169317811424477,0.587997935170842,1
0.5849521848254172,0.5645268231741601,0.5344404503811692,0.7207954225595413,0.6785726936540721,0.5346951281056058,9298.530253361865,0.4845283384858852,0.3755406943978441,1
0.17274959889390795,0.2634219194703134,0.6727448579602963,0.4054952689506722,0.8181593095823146,0.9431573884580986,548.6524141795344,0.2722511786940437,0.10605351532260245,0
0.6394960911919297,0.7958356475735715,0.7953562887563619,0.5696112861086982,0.790488059346102,0.9286014501905178,332.93872226935906,0.4750315082481496,0.35402791123294086,1
0.27486291973767324,0.6442216133566792,0.4372371816859666,0.6921310650700003,0.6044712013911487,0.7725411840980616,3000.3473071222697,0.7170597968206064,0.27331101156602094,0
0.44578159946662627,0.4522460133956507,0.602242809348936,0.8081367413133557,0.6762531093166566,0.9077459019373502,1507.2642749451331,0.3945020725481432,0.14398810204672663,0
0.3536606382434299,0.6156160981405062,0.40427771415200575,0.8038573426844849,0.907855230312278,0.4557184220700998,1532.9189785284243,0.4939341242264985,0.3698672202516131,1
0.5926253815330851,0.4868924549025166,0.9379795410340871,0.15715778541029216,0.7846124892025065,0.5048874608066263,5367.802727045298,1.3686132169626055,0.37887793796303226,1
0.4685208666726514,0.6309102573772087,0.6874728916604645,0.6534191101775805,0.6840529736716345,0.6909697454833825,279.64296915522107,0.17766956798440064,0.54969591046782,1
0.22700214373887528,0.739154225604295,0.5466542900866181,0.5380238765152546,0.7041751586683699,0.6989007578378114,271.9405387173595,0.2224908046356866,0.41660235930961026,1
0.1783136037865479,0.47801595853352846,0.8368743015652054,0.5454765711767621,0.781867495348249,0.5853598704098728,932.8884972762934,0.6323984260401515,0.1738883729966832,0
0.12896098997411476,0.602618061190285,0.6256816035444871,0.6191878536566396,0.5867006344189454,0.5205262787503626,1168.4151195991521,0.4724808174162897,0.09772775633123965,0
0.5199648029053999,0.8706517095391184,0.8812599860914692,0.29934934844855365,0.6877416611216024,0.9889442492869562,768.969827918517,0.09833169826227642,0.6305926233511798,1
0.12429073385249477,0.4831674530015402,0.4660390237230899,0.6490598656347255,0.38248841619953877,0.8568989008941796,12845.552593052636,0.23592050610862986,0.1904358558271205,0
0.36739844279058403,0.40969991243720344,0.6772997667463652,0.37250576005996505,0.615319194367601,0.5479841583104361,804.1275829203172,0.3154036746897267,0.3239869580804011,0
0.3626600147192707,0.534439918230908,0.7706907130607703,0.2324491292456564,0.9322433078332244,0.7818339817916549,632.2435714270401,0.2718378624533989,0.3427548274677382,1
0.31795004220798584,0.2726431272812568,0.8412581107248136,0.6883078956292334,0.511172659885025,0.4156493546019676,1241.8327416687598,0.09817462825786079,0.4896010975187739,1
0.4587024461631462,0.8961852867936771,0.7528890136984489,0.7046437965635356,0.15667259847852189,0.2801354609898639,2895.4242122855712,1.2913485572548788,0.5355655369712091,1
0.1476335857893545,0.3802991567672462,0.5092002886743998,0.7364460939520162,0.43190328028488134,0.48194482044219256,530.8992446503403,0.7184124189349325,0.36229831774728005,1
0.1588352786669392,0.9268316880581107,0.7604585173770836,0.4600663128451242,0.48681518949337643,0.5223782400987154,946.7294397037911,0.32826862097636955,0.09780565546689551,0
0.4923670945381023,0.31030188676842524,0.44661845577897386,0.791567504952108,0.719370089893516,0.21322969964853666,2978.8262921904484,0.5698125074176766,0.34640901649325834,1
0.23791011371752102,0.6269242384506268,0.6607622747756586,0.624931122807638,0.4049012123849966,0.8518336013087169,3148.893603365315,1.137887226579621,-0.005522096119969372,0
0.5094639219664361,0.660660120064607,0.6768128007092419,0.7207351930678886,0.5008684854703419,0.4873547219113452,1363.2517263073069,0.07319204207598792,0.6434622311895839,1
0.36685039274302544,0.6848476042607329,0.44280090549531587,0.7260236094978054,0.8583384141689908,0.6643345326241177,12312.757762104886,0.14408979856965115,0.4631461899083889,1
0.4931802960520734,0.740334717769519,0.9378252380273202,0.429476209743535,0.820969223535952,0.2591705498167648,7947.804823550537,0.3912091878791009,0.6063874415837209,1
0.2863351107160408,0.5878167599777018,0.35330658618382355,0.400858987711051,0.655750213209717,0.3399974630004672,268.7774782698503,0.8022509855111385,0.17339427649761538,0
0.2138427255566912,0.5370279746603787,0.7888443142933361,0.5684415154130629,0.45322669301642515,0.9117549802620479,201.95376404036907,0.018464216846831097,0.22928308582640433,0
0.8015673746907723,0.7447132725220653,0.8869564303637638,0.8287173037612074,0.7777933942092697,0.6869500223062406,2430.1650306234346,2.068150793959567,0.20408987254036393,0
0.8356382413698962,0.7191507333319923,0.6260575140021505,0.5179650966943462,0.8867533133265977,0.9602272401363885,4295.682144071232,0.3033990640716071,0.3838035252155998,1
0.7258282511419661,0.569580036557377,0.6713814601955858,0.53768662284906,0.8974900200653035,0.9990000275130535,875.8904404555238,0.22254324044234097,0.3656083106917757,1
0.4390802716014603,0.827352997563824,0.7144784942948733,0.628040972902539,0.6992332770485967,0.4974880922664755,663.6827228689714,0.1731674632102039,0.35081683988915435,1
0.36851622783961213,0.6084078130466867,0.8573174740000982,0.4002008915760063,0.8345256322128759,0.4390424512666197,482.85162222487924,0.09579622409562548,0.3560006767744267,1
0.08942328063760928,0.5930336657369825,0.9307308576724711,0.7753051337268125,0.5917455044355132,0.8866848441272774,341.0360111169504,0.7840853899333109,0.10787560853148168,0
0.4339357233916055,0.7648536852422518,0.4509569538201775,0.41144770846194345,0.6158192592285279,0.9988891416299635,3416.4005187457274,1.5551695328020572,0.15928133557669377,0
0.22086687120191514,0.7956254300123893,0.9811312484426583,0.6679771519775725,0.8352712806731675,0.703712987385966,748.9745761344756,0.26691472634106905,0.5082178300968502,1
0.12835577061397604,0.48808239164475714,0.8294330819197218,0.6799255302951414,0.8411323054151058,0.836112578009218,1482.9679896022044,1.5226786880049934,0.13641311268246403,0
0.43108478664177624,0.43641173004551426,0.8007379792230943,0.6752668155305896,0.6550798029637674,0.8253966870522196,176.65421921230933,0.8680610161428937,0.42718442262062506,1
0.8350789220957977,0.7600294104554421,0.6126810932248951,0.6130085194394606,0.4828848315039507,0.4842717665756376,2987.735542099466,0.32797495609194527,0.5796780673046469,1
0.12190552820110218,0.7994143153912302,0.6980997725735939,0.3296351653262006,0.8227936052401608,0.6594163042056698,1973.9230310877413,0.5604691024539328,0.1925504789462295,0
0.3334759171519496,0.7876315476371775,0.7842399789530595,0.7930589257872585,0.826606480557786,0.8664455530113708,285.80529713896226,0.2854507733797614,0.733994762026499,1
0.23912817572010373,0.40334615683249897,0.3773800055218006,0.08887822408025188,0.8365808746528351,0.7504911010088444,1420.875942717968,0.4090417039381854,0.2939800801658933,0
0.49101342630054967,0.6374642594433376,0.7086445692559352,0.5097502918319615,0.3442454352630252,0.2169310511856306,1101.8472401246406,0.029899597828259135,0.5304888426662175,1
0.511211412223011,0.24761810949471982,0.8022302701495493,0.5991227423640085,0.9658987038363654,0.46936453511802684,699.1358554090008,0.5957973242203893,0.40092703587876133,1
0.2671401804991139,0.3746755820208725,0.6918576908924768,0.5455035466851605,0.8322602778648315,0.3155805572756843,60.16391043425003,0.027135516719243417,0.4487495141612481,1
0.25930882747352907,0.8071554598627161,0.8977058203424161,0.4174480359319036,0.8017342253919815,0.3863777696624313,566.6097177561961,0.8493667123641913,0.31801052304011,0
0.5633483274837263,0.9159277610893963,0.24601256909030178,0.6160742643946284,0.8720541889921196,0.9243915819930606,1483.9031306821623,0.8713330454036624,0.3699007711837058,1
0.21429159425545574,0.738313586150056,0.9589375196491005,0.6506604874924471,0.8695451067757012,0.22951463112861453,633.6109036798887,0.1352992735676301,0.5824832686189784,1
0.12091171166032434,0.6140110337782212,0.6739004095320461,0.7000808278311754,0.8895375841106196,0.37584056956953904,878.5782388405539,0.19553174134959547,0.31889564067802767,0
0.4382396279697666,0.47778377444777026,0.8460283552096586,0.6630174059778076,0.5704024198764849,0.4476554817905852,4898.855013065456,0.3282248033064397,0.25415652276558565,0
0.376975564187992,0.2973569819176223,0.904511987576393,0.6250013876819126,0.9304211388694741,0.6935072575731158,1014.8458305481616,0.45399130372395086,0.12773410162628612,0
0.404665808769787,0.929868308002265,0.4972602496868154,0.707504463323192,0.8046734121708552,0.6272813520686924,134.72026522056277,0.16938500044979157,0.6151001187939787,1
0.606987437278647,0.7948990416108392,0.5598947817306427,0.5997833517811314,0.6755879808592704,0.3746155862827089,911.5529097633957,0.448840491995653,0.318476193152485,0
0.5685424169743103,0.4328647517606205,0.6406597585868606,0.3361224477132486,0.6801930044176503,0.33139285377852357,1211.2329534192083,0.17675930322934377,0.5111169587776432,1
0.3753230187186548,0.6676207231611483,0.5526777078616633,0.32832257932079745,0.8813164307089608,0.38943842767689507,480.4126120261703,0.028544883959216668,0.3225824427788738,0
0.3496972339426674,0.3199349153770596,0.5123292678649698,0.5500542812930393,0.661456357305214,0.6020237013613245,2286.4338128259637,0.0012653747393167548,0.24062317732320535,0
0.1971549165598044,0.6268797965359687,0.7529477699416159,0.3349917039216198,0.8027669133957042,0.4169422285689628,254.110961386955,0.053320143729614945,0.3177780183026879,0
0.11564662621161198,0.7660815223794017,0.763317182850092,0.13778400543459057,0.7987965198796653,0.9580820012861777,955.5230634322737,0.7857116077380866,0.2019604734480813,0
0.3820814096836399,0.5747927173114408,0.347637132088521,0.7526785928757769,0.668588177864915,0.5710921771430781,251.19790602124226,1.627657266677153,-0.03824441560352984,0
0.5250642812117821,0.6566040043888495,0.5452711455381372,0.8471288042981091,0.8918523798498292,0.24703681323570967,815.9167131546566,0.2784052874845853,0.481073684997799,1
0.6442504342419522,0.41322058824687086,0.8224617156673258,0.38284637300785657,0.9494513402685133,0.7834131246693068,2226.3747311348043,0.3594212000825906,0.45625653888486417,1
0.6785352928743399,0.8801239169321989,0.7099660663505101,0.4301267631493313,0.6928500067081175,0.4630762305671917,932.9205788988338,0.07940887546650786,0.4691882192743079,1
0.6802563009155161,0.8092720903161386,0.5234291199803063,0.38306931660762783,0.8490756280765016,0.7227911456465981,880.0216352032779,0.40040111073670337,0.6624588279817498,1
0.4978758056806321,0.5849554099679427,0.6956417849304086,0.5627469717907309,0.796648512640361,0.4236754964185856,1127.5135381524658,0.07812513404786511,0.31840252850058304,0
0.24758339801843504,0.5638431975310462,0.5005247635718041,0.34219584453680074,0.7810137896374585,0.656594993386656,1185.3193002631817,0.4723635335772489,0.24121516027057807,0
0.3008760967845904,0.8628090941838652,0.46891741472856413,0.4233484342192699,0.9880717553407828,0.8177220038459718,2194.5930741826733,1.3534654207658803,0.33640245523433043,1
0.5350341647961923,0.6946846014724952,0.9139282039803291,0.6515347609686893,0.8535439316448029,0.9424069934196433,2207.941081869428,0.10889056448207576,0.39708547774544023,1
0.4285536042063098,0.5892257175573832,0.8153699562682902,0.2921578319042935,0.4912800577949642,0.40890171554646165,4544.604041728864,0.7231574835666437,0.3124923616634063,0
0.5762687756058548,0.3165791508286751,0.8629725538914467,0.487343231686376,0.9041817432307285,0.467885560799185,1296.7507421274731,0.011891504896618613,0.5486462548035721,1
0.3788974160591878,0.548746539423585,0.5314500903609609,0.24674199338520225,0.6791308120663897,0.5714131362287518,208.36169856035036,0.23539976600345977,0.2437851207811176,0
0.3939769007206501,0.8470640966148985,0.7196261705523418,0.28143920392029986,0.757731564330647,0.9417398701887911,2586.2095786885548,0.058687595072997076,0.44422270886304277,1
0.35675244305010617,0.21000871579809713,0.5383400370134398,0.227092021320313,0.6740438123746069,0.9211094854485258,4229.43823901021,0.21729927904508212,0.30872035539492815,0
0.30165483367553575,0.23701631593048503,0.6196732058260115,0.5403634880046464,0.6009737900694436,0.27190262408051047,12857.65994232573,0.09530001628914712,0.31631743121941813,0
0.7453134388760781,0.5075431604373005,0.6114651448636149,0.47869750508452164,0.6846611718453293,0.3055438606030487,4683.054658390317,0.23364764216086178,0.6369675542200736,1
0.2775652102142416,0.5305046875300796,0.7767680006858232,0.11241741677790887,0.7462348408035226,0.5964073418645106,671.6259676044086,0.2702326232123387,0.36639447648569295,1
0.47224039020888076,0.8502927544827295,0.5977798566988548,0.48505941880232895,0.9294751642416985,0.2852954182443388,1322.3741883022026,0.17875988090623884,0.48044635293260446,1
0.24193215672004803,0.5171485600187552,0.502737801323673,0.22686978528483337,0.8617175648569251,0.476464698678958,836.6227511875976,0.5344616253272948,0.38690981652589185,1
0.7324688482988868,0.6882885848426298,0.6642691469413943,0.8187321775352966,0.48208501733845877,0.31870830257398214,730.3129017915101,1.2557406313575665,0.31473190882223456,0
0.17518347123494732,0.7118653844971742,0.6235987311694401,0.6633777021596962,0.6942975913755149,0.7088322841055088,978.9833244755897,0.25590920329363304,0.46976409540019853,1
0.21362332506949522,0.7080690732268451,0.7981597116733312,0.6689375315679973,0.7645387771704707,0.9595963453913294,3966.9114639695144,0.10680900463936871,0.3364371072137643,1
0.5885952054469751,0.7917422540837133,0.5302467018793231,0.664407020181464,0.5224867922278806,0.9973870162355052,223.81699145389118,0.15785065750645172,0.4446168297356489,1
0.4552906053015979,0.7184435115299627,0.44137581306152285,0.474426487057518,0.6499710538847225,0.5001929059975319,402.40311813924035,0.9620771488378982,0.2634556172777446,0
0.30020339884746133,0.3076496798478107,0.647947560920888,0.6640410686187102,0.9623139193738526,0.6792101096916898,3712.6196909085656,0.4238953347139896,0.37495991272184004,1
0.5246563455568706,0.5530377068235464,0.9556325049176881,0.36400522953627423,0.9436096626317548,0.8850141228192652,4692.253207330366,0.30349486364441985,0.175909327524711,0
0.35982282857973474,0.8695335031284849,0.5461191415196671,0.5033860654336004,0.6856436344030797,0.2939696582371072,567.0822141301607,0.08104581717063407,0.5563314592042933,1
0.28780111305753925,0.8142504863040716,0.684991100107611,0.2748842758077511,0.7372056030325147,0.7516515288415719,5714.421488838483,0.2986706602888356,0.36292197288528627,1
0.30883596773519334,0.5935308411608768,0.5138918185398494,0.8872222389196645,0.725660469581036,0.5270749293800546,2909.9235353484723,0.163205908735943,0.48505947610423644,1
0.6709110003418132,0.8276935612842157,0.757292783747823,0.18134779546162888,0.7133588348818073,0.3649169282241313,839.0236244643637,1.4337850031775847,0.3719842048421459,1
0.5508477402063013,0.5008287654874848,0.8744744162250369,0.38711255734315053,0.6660425118717208,0.5222028949979536,96.0370858694241,1.0773848310544374,0.34361487502032206,1
0.4894569314968961,0.6679332420307893,0.8861485095943814,0.32668335109402297,0.7055901006495253,0.2607682295719335,206.84813079288077,0.04381626229176546,0.2994463448203191,0
0.40043583581665615,0.5231457973681556,0.9128530393537487,0.8517824224484356,0.6794526500746205,0.7563257188714447,567.8307008399382,0.3635107345049216,0.3229115718171798,0
0.3307580505369147,0.8418777717614012,0.8105542526004914,0.48860006027996145,0.5266564579308204,0.4021941349987625,2344.756838639309,0.12748376849893683,0.5317692875998064,1
0.264427484282743,0.5905433622612897,0.668363929337205,0.3287279523700078,0.8201074926130157,0.4491245160359024,2352.185146211987,0.26447535555537216,0.3942672612516673,1
0.62942426566283,0.689196922338847,0.6331690366330789,0.6143007339915741,0.5481668159115242,0.2968650385931702,687.8362549588093,1.04716794999596,0.2879918338030959,0
0.14265316365533373,0.31768321016717854,0.6399124486360128,0.7998570412651441,0.43939829047926704,0.8917272911119134,870.2023185211931,0.3748741312216798,0.32030589794059894,0
0.10287446661922546,0.8221558441355848,0.7380849543522066,0.48412624876134874,0.8498454084411422,0.5947554234261909,1061.585315031357,0.20339446201102848,0.361056199061656,1
0.5142275729647947,0.5112011395359065,0.5924123897703135,0.2637716450896409,0.7882976697609916,0.6577175022291202,881.1800605386135,0.11652646503174274,0.5292953571713188,1
0.28721810145061505,0.572483982420527,0.8498735501571891,0.32302966549331374,0.48606770136962424,0.6555461464758837,1291.5957697388121,0.8055317650335985,0.38198833319603054,1
0.6628476793886204,0.7278298138472571,0.4423255326264064,0.727870809885978,0.8300708048065335,0.5283944916330734,1064.1789514916786,0.4897723929655684,0.5419378278227992,1
0.5689692399510722,0.8689247831857716,0.3981887628934503,0.6771645162878702,0.8695018105013872,0.3540239323505116,205.56717186354751,0.3156174215626153,0.6070865359763037,1
0.37627642451334165,0.6229351425693407,0.8276228773134096,0.3712985701875276,0.3315925267376647,0.7961061987987199,891.0837635592294,0.12262068085222026,0.3147764811819461,0
0.5737422142149315,0.5204426974541283,0.903416900723201,0.44205552933244735,0.6766262294255498,0.3016450122861395,1072.1295325729534,0.20341780402501272,0.6338600394717248,1
0.6177611153946437,0.6375501109668482,0.7176837908967432,0.5789704763548866,0.5922887129571828,0.28309903222304844,2950.7048291385427,1.6074845671967888,0.30045532563365474,0
0.6452270584349333,0.7648343813977769,0.7274196271654444,0.6601035055083659,0.7618088814965823,0.7681160300772027,477.56193979655944,0.3670782813241545,0.4980824063429137,1
0.31784002116188664,0.782465599117748,0.8683011352139045,0.6059836765636799,0.8288450735762977,0.3670696163615871,1344.671939785802,0.25599588609579493,0.3616155133489395,1
0.10092718255948747,0.76718302608442,0.7441166534543459,0.651170664236254,0.7638118465489462,0.4454182010822659,1925.3056172371255,0.3684680802285763,0.3231581985065548,0
0.020521665464050796,0.5041648906255963,0.7032615517597817,0.3419558706275563,0.6006623510098554,0.5801819736013922,945.4422630029896,0.7547702846563992,0.005597456385313948,0
0.6230024563937469,0.8288031779609135,0.43535056192205923,0.737259178499286,0.868544938628346,0.559481053383637,189.65414323281553,0.20784025644608453,0.657921599028537,1
0.3763702905238614,0.7589278680196052,0.7402890535357771,0.8677740398737419,0.7861361231903463,0.7668633000519993,3011.124935340762,0.09843714050020501,0.6801174195540124,1
0.1981868143950164,0.718164184049343,0.5740827192384585,0.5716054442836086,0.5993445770471991,0.6987454347546889,2314.9450552990575,0.4396614194422857,0.4227566243036372,1
0.4270412198312654,0.700765095972912,0.9320322483592698,0.4968837140844133,0.8732273245570461,0.7155169298254926,1378.530533507756,0.547117098478233,0.7327232182567809,1
0.4097754356691024,0.7162928299904545,0.4375213872077048,0.18208625563582123,0.8728737486292221,0.771243464524366,1141.764784415563,0.6236454887689461,0.23327690116821415,0
0.4196654890027737,0.7287582577165999,0.4955916883992389,0.4468381529961566,0.3472726935980492,0.4340901819387723,184.6708590851001,1.0684827485234059,0.3006226835220554,0
0.307862279444598,0.6696338903139073,0.5512791784163452,0.723245353880416,0.8936645763050604,0.4578666494403789,2379.5261159384563,0.23195044102457799,0.3142012871090259,0
0.533943598018742,0.3142640769761569,0.4521173307437829,0.6042032488982619,0.7203926838605537,0.5503981983164433,4848.361264987856,0.039172643344646534,0.42196467894903,1
0.17919895769844274,0.2885786194321774,0.8335015165283579,0.6895332342840224,0.2886865467328859,0.44596973842682086,360.0541654005086,1.5892099522437606,-0.14233154967885575,0
0.32543741928116404,0.7519699287321173,0.7040798181785333,0.48735901700528816,0.6417691149949354,0.9879502951766908,4209.1611551768465,0.2854753292836658,0.44730056265768076,1
0.22606070242179588,0.30900838738583164,0.3452723091963275,0.7369262126507155,0.7848864087214631,0.8512415411371437,3399.75210055756,0.4880966872247955,0.18344469100624716,0
0.5268627733425103,0.5551364684743144,0.6814478098517681,0.4171940432394151,0.8347618305836806,0.3317237506048237,349.60525553035865,0.548764422594948,0.1737588260321467,0
0.23602468787738498,0.7554345240543434,0.42213148214525553,0.7691572253132191,0.8900938301162777,0.20447532470549562,739.4128317658387,0.39539511927621335,0.3416934915917033,1
0.13503875413068298,0.7715623181579875,0.817776222763713,0.6244762574359403,0.6247470451918544,0.2342266145978143,271.66300797091225,0.11486857679091918,0.6678600687202211,1
0.45687489393324293,0.6830841272958588,0.3788054040159995,0.4447815400967069,0.9400987641006494,0.39525076083434024,1027.4771053980626,0.7035405584928155,0.4062088032130843,1
0.4460760411009474,0.6110390131272253,0.7482477569216512,0.11866450461966041,0.9309344437405874,0.2914330286694853,1716.9720157596648,0.8141879912592047,0.4266045850971455,1
0.135967393823498,0.4718487947882363,0.5770972692299944,0.7309727013161567,0.813029221033624,0.6266704919140578,292.81232330146787,0.4025710342246977,0.31029907931873363,0
0.6031738465403812,0.969637729929604,0.5631312914434136,0.5449777934777162,0.8894357468926126,0.886396178181887,1612.9220891418563,0.3352636358877502,0.5073403227011769,1
0.4135981319395521,0.7148820735990554,0.6638508397026315,0.4564132475439195,0.4117333663057849,0.789400176730582,2077.926423103169,0.060484280037506236,0.4332466749151655,1
0.2942153090339949,0.9320099118492814,0.9069830741903973,0.4944234885563917,0.8621823356950847,0.3724872504657524,2107.965738021607,0.043843072205958324,0.5947543223815118,1
0.0558235479710247,0.3063712496828278,0.3780629633539147,0.1913156332598815,0.7476790882082811,0.5194394048206288,1727.6244128865035,0.2074281681585474,0.040809593233903624,0
0.5389538184958405,0.3121719779107228,0.5147768844615181,0.298769490929512,0.6918478111487837,0.6063153676250221,321.02189310354527,0.1861453731355777,0.45524053175902346,1
0.43563368349829273,0.5462062127488211,0.7825841601359043,0.7592505987538608,0.7485797627841438,0.8481646796026685,971.1937466038854,1.5358365880076106,0.3334135857373514,1
0.47120494439831495,0.7559830286570041,0.7350991840554004,0.7811999413089971,0.3580273226496802,0.8712972824849319,1559.8611818867332,0.7653659160015921,0.3400822748836297,1
0.503422309039824,0.6878410524638527,0.33793460848521795,0.2528091186072598,0.6563657992312305,0.9277746495262209,4726.903530221686,0.5392935125772236,0.23281726247147433,0
0.08877872662765274,0.4635836837034223,0.6979182654650565,0.5764609165395744,0.9340882984135588,0.6073962004023001,1099.3406054870554,0.36454066277824754,0.20902274915652194,0
0.31317131930543674,0.7753322790854004,0.695519486669216,0.5469708394349978,0.3575359865528619,0.7554197971486905,1678.3077855873908,0.09158147376793596,0.6288050729542703,1
0.6224372094901374,0.46438441889624016,0.6146103899109069,0.6621340343638915,0.8715472227783906,0.28944029698714974,431.80460658532485,1.9188445622463148,0.14264513807250695,0
0.14960546627747115,0.4236602904893404,0.8350686545060904,0.4108360365417721,0.8804251680530886,0.6522311679631857,345.53915449488653,0.23503437427514373,0.3976832371859727,1
0.3702546860928831,0.41668081128123075,0.6329727597867206,0.6729598145127806,0.6010260264829688,0.3989534475769081,303.9696954050455,0.056542694823353445,0.4140324387095079,1
0.14303275421367395,0.598322180237682,0.8739488740548199,0.6897095670297312,0.8200700956715719,0.5453735080212889,720.3460531279187,0.3404106246779022,0.3563636566111983,1
0.523694797644055,0.558752505650087,0.6056314377277434,0.6511035420617501,0.6723550146093619,0.7072404066453755,8621.817195705438,1.0357287956533148,0.21135688868527935,0
0.3768115181074453,0.7917267776938883,0.49925987301939945,0.7420958143186394,0.5898333784403407,0.4055887502830249,733.5705242638647,1.0914730094319545,0.18212428140081988,0
0.5248783201255401,0.3116756867041471,0.8017503282945008,0.36864386159395807,0.7433887211505383,0.24174804623740886,1579.1252823347047,0.005513242458151228,0.5840044528156207,1
0.4905181698328544,0.4991937282487849,0.7364603110975287,0.6927187821540162,0.6229506736133168,0.208187085127006,1914.2821186619344,1.0870772268481996,0.21599925232508477,0
0.7131103083243222,0.5642851162014639,0.7337678397912989,0.2798588284005492,0.7118411286227072,0.21772762843561724,368.1427943254647,0.15837299460124596,0.6074326363843459,1
0.7311986379480364,0.8038520721634825,0.8182029401620796,0.6910841648353695,0.8462814266572349,0.20667979001101575,709.7360564131534,0.019876056424126293,0.7358256971023939,1
0.12065300366272394,0.7290739683507556,0.6600742218018782,0.6773708062694215,0.7181202266357927,0.2882840452463004,2047.5825634274509,0.9412479544706157,0.3591270952134951,1
0.46227537205739005,0.847678538952359,0.8667918417164594,0.5680020500227165,0.6976706693789906,0.3915909716561039,1682.9902722521251,0.9970605687463627,0.3293156299176282,1
0.7337638522728078,0.42763182415030127,0.5520436266791295,0.40422021625197035,0.6518247727252209,0.3769772113458394,149.30711711783005,0.4534562722358188,0.5689030267330089,1
0.40912478344413544,0.8525844415468748,0.6716319514782013,0.40177145278726717,0.5492356627164978,0.9894372753439173,1987.057845204573,0.42716733052809386,0.3536409542153702,1
0.7998519047686714,0.6487905073591039,0.6936823448827508,0.6187094168642239,0.8773585170798112,0.4448048841671546,632.0759804528182,0.8386450190740116,0.8145967265940189,1
0.32850412460003725,0.5356179290890369,0.7594904700147272,0.23407037886794294,0.83658440065225,0.3019366266875193,648.8378267304241,0.7716134095774563,0.09816416816016268,0
0.5767097185341272,0.3728293788188368,0.33739122099531704,0.3320909315426149,0.8351591693856683,0.6364500353342064,1643.964025312876,1.1041171113295376,0.4920411724860342,1
0.7683218722099432,0.8948061345637881,0.9503662419781977,0.6585296853166166,0.6385419531318708,0.8863659643180066,5028.796270846918,0.4023159248634363,0.5972092146206217,1
0.1896446439556933,0.4486081523569251,0.6874747463503608,0.348266960612644,0.7303398932648273,0.7424483014301402,897.4571480395615,1.715525696458691,0.016547714039352054,0
0.3505375348194702,0.5349761032128634,0.638444272112506,0.4796029238145777,0.945835087876823,0.4368656713083603,3565.4666273290068,2.779429667536901,-0.15284885094380396,0
0.7565421990389096,0.5175603186822987,0.30487852396385606,0.6269048600581448,0.7876939028362607,0.6492929278331641,259.58319074024996,0.061957240427776186,0.3397953091235343,1
0.4833908890022783,0.6766424420208473,0.724937726939971,0.5180760953147638,0.774644719302151,0.7718847793603274,1249.805659628568,0.9470414991146925,0.26219926492324397,0
0.5070218892741771,0.3859022354940285,0.2443179789023744,0.3234076711258953,0.8591714536731179,0.7824835938941939,638.3869435360638,0.3463958796133845,0.2558391604413581,0
0.601953769603217,0.840773755755228,0.522311126990292,0.4309392640019574,0.8136501646728445,0.733230764238151,1453.903063106907,0.2451573249286127,0.5270484582600845,1
0.35999917111136204,0.5667961306392978,0.5267420764369694,0.525356846886694,0.7838520622932736,0.8966483398204945,815.4112581666939,0.47475872532631674,0.4478287305014882,1
0.5299382611357116,0.9174897040052402,0.5512320576793401,0.7392357621280186,0.8763876864370327,0.8960843666752836,286.8440192364979,0.028796313775484375,0.5965799906953977,1
0.4748704034040624,0.557105274482936,0.7986487639494995,0.8644127642696912,0.8493053732486262,0.6631492475256027,451.5068919029309,0.353076818259631,0.5204448624810096,1
0.28039044322380785,0.7489718981728257,0.6963568822714952,0.6331979569541004,0.8917187599096872,0.5438850952889698,212.045085633395,1.0235474699259288,0.34143393848214304,1
0.3569981069181031,0.3554255419877688,0.5671636893919217,0.13632819627882506,0.7944720023388677,0.7132562364520798,296.8119493367284,0.12005681357594926,0.09406502685177465,0
0.7904865795297585,0.8427070853431674,0.39540824953576414,0.8741080316848658,0.5085863871453916,0.8545696010963706,1772.8157395592593,0.27790268632189624,0.37089365747219916,1
0.23023550660784525,0.9269601501564136,0.4183771902091992,0.6268668431681924,0.8423935911807535,0.20452168387294778,853.1734518541344,1.4023980291468707,0.04893041618293159,0
0.6374137340284701,0.050743062274206746,0.814965235898095,0.4996276256770678,0.7890259448787688,0.9935976072118808,1381.4160982016988,0.27980125209181117,0.3333273624669416,1
0.4302241373661936,0.6199162888879703,0.7434230642554256,0.5005834891504969,0.35279227173666566,0.3463150178633594,6738.3979420519745,0.22186988767128984,0.22221637526554294,0
0.5893469397817895,0.5634522871963941,0.5838931462145825,0.6338508409130281,0.6434562133413397,0.5761991885279809,815.6849639173028,0.2903886274682379,0.3898478007836304,1
0.5957516951355455,0.2500126877244912,0.9605695151213527,0.3182984343730095,0.4437068301117259,0.8976237878742934,2067.889773479201,0.366414877355558,0.19293046729161184,0
0.4614536290018028,0.5444616066344703,0.7248333545478648,0.3121518054254307,0.7208017760369863,0.3800323192353595,1127.9256448523536,0.4998244098539757,0.44201685266900426,1
0.29419903173143275,0.494518572674929,0.6555276746808324,0.5337332074366847,0.6821033991720009,0.5814361791203067,17373.2080748457,0.8064539652864859,0.3140995860120375,0
0.7168030181234419,0.4796622899576194,0.5638542725753288,0.8636472928246788,0.5920399896686486,0.30606574414494336,53.64311383010744,0.3008332581489385,0.5066283146381457,1
0.6194641400561441,0.7989198926995535,0.8375733519609516,0.5859029227232232,0.5115200722524182,0.5160610603105541,535.0379741131824,0.8504503230781004,0.21252574518001177,0
0.45210250073903496,0.5228650516385169,0.5943625699437962,0.2889387335699257,0.8933497037936846,0.34170836383440206,2109.115563190499,0.3814851926448762,0.3712289007622188,1
0.4443172701621054,0.8937450892217716,0.7856091159097733,0.12602867193833828,0.5414347721818198,0.4909021990169256,516.5099768167436,0.20660791653826585,0.49500263444503206,1
0.22411665169541253,0.48716646308428546,0.7635622749208575,0.2984995908384512,0.6483424966254092,0.49877137343417766,1931.5374235683844,0.5364003874129512,0.3653695992981603,1
0.564420129766094,0.7012273237104515,0.7964131239538331,0.5459271587739558,0.8380505932276998,0.9945366316786661,1032.6884301338935,0.6324318902473705,0.6305534215685064,1
0.723543879188618,0.2934363974407748,0.43548937314754854,0.3895032743835653,0.8761150244579569,0.9958504234430179,2604.3771768284773,0.40827810381766094,0.5024849310999884,1
0.19745545713418491,0.5277782228456191,0.5881452771049285,0.7049003120829609,0.8532403345370475,0.29182902292848995,353.4977673843751,0.029140389858624837,0.45827713644830076,1
0.21843429142005769,0.38618099027600383,0.48982494509226837,0.31736588121611453,0.9487248402885807,0.7807750234626778,1303.5444204428468,0.09309423694155412,0.2626260279748635,0
0.39087947819855406,0.6248645988099953,0.3347072475293172,0.48966989407284983,0.4504066422768566,0.24139638373528094,1747.6341360925226,0.16794460792858615,0.3084859553136793,0
0.2545327926289054,0.7351187088809221,0.8114331405709916,0.8049506474386487,0.8307656822668305,0.22415361226975092,1251.1134054681738,0.16607870361641072,0.6924679749376491,1
0.38092968236667446,0.5307072682517802,0.545237319074921,0.3239489886355714,0.36019328287207153,0.2842671153959715,1273.35761856345,0.5595413938481979,0.3093539878506312,0
0.37433597070330105,0.23811691798126358,0.6648987215622143,0.4218076189883355,0.7075755320497623,0.9723885256063471,3649.811880938976,0.009259543147291806,0.4163213709984744,1
0.20678121803837288,0.5257264938086602,0.6227757864880579,0.42973720867725446,0.8794217749317503,0.952690838315758,204.40314679606223,0.704641855494575,0.13406394375348224,0
0.7535796736902628,0.6518932121447424,0.8289205213341561,0.49210955091831887,0.5683436439585019,0.3551422562245444,1242.6073974212334,0.154175420238499,0.45761457801146305,1
0.1995028733112521,0.35520104876950853,0.4065891536509785,0.5163507485225712,0.8517020100537555,0.3293378684429692,327.29171470619576,0.18554767153740745,0.2657065630238409,0
0.38283087191227944,0.6475780956811014,0.4695877175034706,0.16844735337404215,0.942235403952442,0.39242806921275764,2339.30916686114,0.37529263457559436,0.3286426273400346,1
0.24516747912833486,0.2967273291635956,0.6360104629051793,0.2781342585096092,0.5027388941894164,0.6124375952601138,474.40738644025015,0.12162568318630414,0.2905407173398935,0
0.671922948224706,0.4714506051967826,0.7898318027916138,0.3983667302145955,0.7660258891935141,0.6557637056283279,92.53198253614383,1.0791182062734468,0.22953112141607346,0
0.41960320229093284,0.6249217323374522,0.8067812624415199,0.40629413313580476,0.7069009427460577,0.3772747443515579,2395.787855601315,0.04461716623171833,0.5067819625594844,1
0.41842212463682305,0.4960788434289278,0.5344893414754941,0.715702767479911,0.9808011234487294,0.8052982304719563,838.5118437098032,0.2938374616436813,0.5557426234250951,1
0.7253448401184174,0.7403251514009344,0.9784407028364694,0.7982713169843153,0.6706627049569766,0.44764253552212063,1566.5477879226048,0.9466379230484165,0.3251857923466145,0
0.3302555759950481,0.13118704859351524,0.5360168644609749,0.6990345068097905,0.4503540356679504,0.9377050604235284,4568.813867920853,0.4783531420292947,-0.043258715728798386,0
0.4696557317055041,0.6092354167967042,0.4906775068148551,0.287288763391595,0.8223468851425823,0.7253781651653846,1589.859753427169,0.17288835574287598,0.5521238255855971,1
0.24260604717311512,0.5424730012651203,0.9313797112286163,0.8153587797401232,0.9590650925290248,0.5490809554428894,1299.1014133010926,0.2730193691135521,0.29007751383308267,0
0.3865801474690239,0.7234422316996847,0.810953829595055,0.6070724685477347,0.9451630029903162,0.8319296013622763,1046.0010210489013,0.6132700715408772,0.35893508312332756,1
0.524571522287198,0.7142784160523534,0.837859733977338,0.5061407256100795,0.5322236980538343,0.8543317008373319,348.17092265502157,1.8108112536959085,0.22621883419515637,0
0.21213229367996544,0.6483022563633677,0.5175875952901624,0.4498382053994643,0.6044261540339103,0.43238528448715496,884.2608885615066,1.1181118595348791,0.15811480694098282,0
0.3423283656545795,0.7670001444553322,0.9078212884532224,0.7318086257769767,0.42923512333476055,0.4717716350688675,7894.318310020466,0.20960416378859548,0.4941038320724815,1
0.46887378945106245,0.12738172192640182,0.5974974464179938,0.04495039873698087,0.8100570355994784,0.9487641229828827,753.5389959900099,3.1593955670845855,-0.3290258537459354,0
0.14683320649303697,0.38060346585015314,0.6208189834172049,0.4088140458160967,0.8572635198663384,0.33179283069061755,938.2217615033901,0.0017554096254921707,0.6592157874655991,1
0.5239016371196478,0.4352795530511514,0.6486794659609927,0.8296271727559801,0.5531275469754686,0.23372033357034738,3854.8404298486507,0.01400931869362093,0.762505812630085,1
0.4642774344868696,0.8130687035621883,0.41946319870464716,0.3479758574024141,0.8983159335425082,0.5632442580876393,234.79465862939014,0.868182765231254,0.23506014975301004,0
0.3108615993962482,0.6794183869472666,0.9261953872858308,0.801496495693633,0.7792454690864524,0.8409679201949032,2038.81503109016,0.11123606765285357,0.6269281979362455,1
0.4133830137945815,0.2655479531846632,0.793359288076116,0.21269849151675682,0.869576749571521,0.8173344850485966,223.8822133270812,0.031347054700220964,0.42636998138992516,1
0.7809441685132803,0.6062104117696737,0.37007971269914114,0.38554224875909204,0.5758614901391479,0.9356245031302661,1634.6577216864712,0.1353456668412627,0.4671946254837518,1
0.16314759207211108,0.6546892948566839,0.5032162750382775,0.40445123421689255,0.5364159641413384,0.6265605314952323,1072.3315243416412,0.27765019108696887,0.1739626328296887,0
0.3752793494270543,0.493014745840237,0.3645854941800854,0.6206550476199502,0.7874475970335074,0.2800517372532267,2023.1281077601147,0.6557164101472248,0.37687358486873496,1
0.7865911307604185,0.27028475831953896,0.5788792595346766,0.47330306026762786,0.869714961714991,0.6709511794688129,398.42753203872803,0.4895294459147398,0.39240300314134957,1
0.23922744743896407,0.4530457942816184,0.8155284607908818,0.22852667323654627,0.7072570295408954,0.8227164914825693,642.2431146791741,0.13565587849399197,0.26827778050343315,0
0.306363879760989,0.8945674028567215,0.5054798056117286,0.8147235897243378,0.9314640913807277,0.27466249621586114,2130.3742623794756,0.3498547810815537,0.4133803964108815,1
0.6073924723644616,0.9466170087207889,0.6607603551029793,0.4919796912793036,0.8552404760846983,0.3381259208780718,658.6336642482814,1.3032938478526477,0.5074922312625249,1
0.4410071212264532,0.5667581249431505,0.41997985962460105,0.540118972444115,0.9139840910182209,0.20983252892453674,2334.411865225055,0.8437207462687324,0.24711453208904288,0
0.35817146287291873,0.5981879320662797,0.7484232922337932,0.4093196810954874,0.9636117310188885,0.6749220635574483,1351.7695767619666,0.19518218873519408,0.341127175772462,1
0.16569564918712776,0.6560098467655818,0.3182239268692816,0.4627735717690652,0.897659063812464,0.9093875135567235,702.2210511027301,2.016095228902966,0.017157950325900118,0
0.5814265752168816,0.587516577391849,0.8005137657598755,0.10874403815035073,0.8002900867990056,0.7365306528016797,800.0272759060915,0.6165641980141964,0.34542105171402027,1
0.7780339392511789,0.41783437174295823,0.9498651792095703,0.6287746203537978,0.44933200739380913,0.9856320700727856,1100.483416362616,0.0322422509872665,0.5418540874034277,1
0.3939459110590598,0.3122399589657511,0.7996589573470491,0.6687492617273817,0.9640089371525922,0.25042692199980926,879.9084658288288,0.017896866890436975,0.6349195188281798,1
0.5777021405786177,0.8208776859819523,0.6807649358060178,0.43367686623434265,0.568070131414278,0.922400868121197,2276.170611910118,0.09220664086904178,0.6630761915809322,1
0.29354189989645546,0.28125142467802655,0.42476039264337456,0.32595673370857026,0.654829098465105,0.8512546299093446,756.5137209521677,0.6507117280787256,-0.11142872770440965,0
0.2517758523279646,0.9186101024866025,0.9122201907961612,0.38999947025675313,0.5479279881028558,0.45139321639960395,618.2970922799765,0.10151051568429294,0.46250359847193906,1
0.15093813031248748,0.18643093215680903,0.9405604020174787,0.24365278072060065,0.6894183590161296,0.9788212414698014,2725.0762314030426,0.35819436166981883,0.02430433407933391,0
0.4801184139952422,0.900770762270716,0.6130015296449988,0.3039096153843198,0.5938053022461133,0.4303501985371321,719.0068148625271,0.04894983090987008,0.46780348167642793,1
0.6726107217900958,0.48262161677291043,0.36852500981028824,0.5247397932897128,0.762215585954769,0.9114437790625749,638.8236126525715,1.2684337118464566,0.21804720447614243,0
0.3604746800899874,0.181790905504643,0.7081730052960189,0.3738669141069795,0.8504108760319095,0.9045988616593517,91.31692957801212,0.21076722578572046,0.24975960636653416,0
0.5710931884791243,0.7954886201223426,0.7502999548376508,0.7850559058664657,0.7511531685616403,0.8061260932823779,387.802671403441,1.1937015652504899,0.2418899683734313,0
0.34516325033510786,0.6447148669042685,0.7432589457696555,0.379251716512389,0.5946315448028936,0.6507763790502815,474.0783110984763,1.4490817949593253,0.014120003584456475,0
0.5329217012841715,0.6398023997295669,0.8679792377099581,0.3889235048263887,0.8881333099206082,0.2960021996935105,638.9776054325916,0.0030737522791874023,0.6705079246406674,1
0.3815336814674834,0.6188912204230721,0.4410901817021159,0.3143533275718285,0.8986537218376736,0.6255773875971986,532.6479947437398,0.31193668232293764,0.5406614874670099,1
0.07889707520749456,0.5707973454110358,0.5682078271188163,0.7937235023442937,0.4541972623381747,0.48543700452394767,2930.856994043185,0.0124825534065577,0.11979673274444205,0
0.23542684596049232,0.40932745736826315,0.9328589172566522,0.3970082120989927,0.7807809200892875,0.8337736265242814,505.1484545844293,1.1967626322703089,0.10053501998696274,0
0.29830655439070336,0.5362805801809379,0.5245074660635125,0.4096822999825669,0.9160215321759939,0.806503365197476,544.2309132949435,0.3653285255436739,0.39851771438644534,1
0.3669636588258833,0.6116086774938951,0.5287839218708871,0.1174236500220423,0.668034123213364,0.9284900058980843,1281.3304063583166,0.038950508244474796,0.33379679181145283,1
0.4855936818638486,0.2589470020682235,0.46007620073882827,0.25638463843143333,0.7490202898448496,0.2118641299453663,364.42403467999304,0.05842239762636786,0.25727525150465896,0
0.1269195222811448,0.7330846877401205,0.8089503646909726,0.24181612176058834,0.768986827832609,0.8472825734584368,5239.556597027238,0.2418557973768586,0.2636655574301776,0
0.1546644684682807,0.4666648368531537,0.5617830790708995,0.5759524892843546,0.676482447436275,0.9507696424997352,2445.8715270178445,1.4086607843651204,0.07123157056635,0
0.35491717282501184,0.1590375223942887,0.2427052902089617,0.6216572514226311,0.7811676476877288,0.83144035928652,341.010424736889,0.590305825970288,0.1451808774603876,0
0.655317075735224,0.5721150358762757,0.9043153477093198,0.4001450100839212,0.802394943249713,0.3041555678962934,3021.978673924457,1.0110350697540342,0.40802569533303784,1
0.4744243384968679,0.5933939496295259,0.5759888282354048,0.5057694336263272,0.9591457639062969,0.26502328387271024,3720.8526928918445,0.22821342321218344,0.49586794086023434,1
0.18556673172511903,0.39919741401757525,0.714483158456399,0.25121013601442727,0.7884017711424025,0.21667619184616066,349.9832384106457,0.02208760698991402,0.2990188713456093,0
0.10969952631079619,0.395392330610727,0.6980954087879468,0.8183966654245463,0.9566210096431114,0.702996180662457,342.0077454227767,1.8309753976095278,0.1215619744765438,0
0.30269192346697316,0.2853601388753538,0.5263697017237803,0.7183092965733263,0.6159546843438954,0.7037381214879099,595.6104548324805,0.008661078342108008,0.30321071438249125,0
0.3869574950795352,0.48346495982970983,0.8926880835686416,0.6744935546251126,0.7688981522195986,0.9895309713745699,266.34564438532044,1.4749174598221904,0.048130902589887295,0
0.6442572519871271,0.3051618800549688,0.8860195441269915,0.6900614139943696,0.73498258245365,0.5184345392832765,502.5582057569025,0.22996916644059417,0.7868912586569778,1
0.14988960709246477,0.4540642137080985,0.5798766278982826,0.2682308689182895,0.8333109729140478,0.46552502791799744,735.0036133191702,0.005070829113591603,0.31892358445125785,0
0.5569350045184208,0.4134919536230748,0.6693480756179699,0.5533728884485141,0.6388861240627407,0.699539941747514,1815.5656687704852,0.5842340314458132,0.05112279150875515,0
0.23693827383332092,0.2902159042118527,0.6577003899417946,0.6571679795711701,0.9352316929907271,0.8604869380060751,1189.425270115446,1.9697049128729098,0.12591159182240952,0
0.6759083732898877,0.8508851911520127,0.6879917060261098,0.5421659509112992,0.7981484368206196,0.9494191596184016,945.7502174772864,1.6852233756095922,0.41212378531474964,1
0.5573426115986178,0.4775652615129913,0.6580353122132401,0.12826632560247955,0.6232732081114306,0.8424993329432309,676.428468956565,0.087734749646485,0.4456473932485187,1
0.5529631279197922,0.8915870731078628,0.6251861004229252,0.3461166681702476,0.5425549955584757,0.5413391844926438,296.49911987036336,0.09998690621120451,0.5924550539471727,1
0.6237010874102195,0.46877961346829683,0.7236726926311507,0.3484642633886031,0.5227298794709063,0.7079313882496514,1981.7146361150458,0.416824450064003,0.6554632906964617,1
0.29497250939279435,0.7757849389393066,0.8345775321604536,0.2923131969339668,0.5017176206616485,0.8850394613728936,1937.9270635273886,0.5070962698625449,0.1973762925164021,0
0.7285708770477334,0.7975090300136112,0.7091406763924745,0.3642176678177924,0.5605741084987386,0.5924877506493915,591.7897436280361,0.6724186783690025,0.4751018704299473,1
0.36058444135114115,0.851383253942256,0.9265734456501893,0.5054302121602288,0.8739469945796484,0.37334931496431417,364.61604152455186,0.09986634360882483,0.797404520378392,1
0.5343909560908972,0.6798155577303279,0.5755801822494062,0.5862049533220556,0.547962042169328,0.3357787517982984,5198.391020355259,1.5971780375653937,0.48935971704127895,1
0.6996301440197464,0.5078484197318346,0.848880512567361,0.7692047285462195,0.7825184635070559,0.20012619566244538,1403.5084986182205,0.5090776498109596,0.5258037821187158,1
0.0910901599401389,0.7029102236588288,0.6742912274185275,0.2649768126441998,0.538997455513186,0.7745903959850275,1631.0321125923974,0.9388120319519735,0.3679088123338875,1
0.6108916481316014,0.7445106928606605,0.6529933814743929,0.6104382562470192,0.6810705214260466,0.2888777670767924,1703.0020096043158,0.3883358295088885,0.6348992043908321,1
0.5809802925242799,0.4840264107923116,0.8008898964452736,0.43264748431985567,0.6890308811928142,0.3950712797567524,329.4802132875167,0.26745401859922874,0.659845043786303,1
0.5619108017545376,0.5699691464284818,0.8107208289880087,0.2059039536251225,0.6506537250798645,0.4383010652182347,4911.214703681275,1.8901226565843343,0.22707717093633323,0
0.19501845699709397,0.4000300957657978,0.8776651658776234,0.6385968389225802,0.7005242624708561,0.6483038881094147,732.5283674648084,0.4362821247166242,0.35231382914807763,1
0.22250125593055334,0.8371233070163209,0.780373377029818,0.6739922909734343,0.7540940435299326,0.5183658218366154,2494.994999384605,1.0082280484675707,0.5765834278503987,1
0.35456247851118877,0.17947139678583474,0.8303568214444854,0.7214361824867158,0.7399303117933508,0.7397391936185296,4714.662928962749,1.5319241544259088,0.05115666526678912,0
0.3962266921884106,0.5912397434897585,0.8077864211072247,0.4538672137662897,0.8455533755341779,0.24451092746296219,1189.6043264311018,0.562510926213778,0.6456587602502214,1
0.29573293722955707,0.3776537322218889,0.9376195694219962,0.44739299328978543,0.5578544311138992,0.2991513554115516,336.47423927970897,0.3980759904572136,0.5997319043387633,1
0.6634676096153171,0.6483575823780383,0.7850958616848058,0.14667812974763456,0.7953548623976918,0.5993692028266133,90.60682003263945,0.0017585142054009476,0.6995222926364503,1
0.019499204234120906,0.513799871433418,0.7545578924493225,0.269303502031112,0.7949275944676922,0.46957183027746385,1055.3040365523998,0.020421226916338336,0.30621619594655614,0
0.3276243817652744,0.47045095073617593,0.5939439249708116,0.6361062721050084,0.7680364731359623,0.4366506902010878,1408.3082604480817,0.11210406892465674,0.4574857738177059,1
0.15750290939996187,0.515949299244625,0.605866783412143,0.5535790387227677,0.542893063181009,0.2536224632300182,613.527364037498,0.10290263578934779,0.20900545532559342,0
0.7264920105034072,0.5221956579308292,0.47444978706861735,0.3862123483096749,0.8655485360752754,0.9165753397984011,1255.9976216767907,0.14702367408533928,0.4227819150416238,1
0.47328651000423977,0.7119816435012996,0.6949942317630439,0.5976181123971439,0.5771174267054607,0.7534548689000407,1686.3890044110647,0.18187469568062592,0.5471849779942087,1
0.3638789160067103,0.6619538187203978,0.3484752428743261,0.45898671741897834,0.9105991660327397,0.29729452545571955,2962.9118319758354,0.22319472076893998,0.25300127240126424,0
0.1946414873457971,0.8315820781605447,0.8543407031997831,0.5484865095532571,0.7356224183703731,0.2520367661897125,872.5627828192997,0.27282732863144216,0.42548402492143295,1
0.47433966571709213,0.4531554202256997,0.6043344787819914,0.23234659626246004,0.7427791936148864,0.9798980267449944,1048.0203960170484,0.052050842190365355,0.6045948870448881,1
0.1546736541031651,0.6286035727258437,0.5950767306262145,0.861689975830336,0.5958800329324698,0.7449380403516039,917.2679850007277,0.0216426859643377,0.3833551036843726,1
0.4507278041213972,0.7058863371487732,0.297496292118499,0.25552074442810047,0.9133422157524486,0.5339648568749933,1134.0999654162615,0.5603437552578217,0.45523719278656244,1
0.7155269826292148,0.45346503638889635,0.8131418886638788,0.36946913066213116,0.5784131998001011,0.761384832604628,656.4297092445486,0.38537582515646224,0.5127548632326041,1
0.7038247724217426,0.8987640899379,0.7803615356189446,0.24529305279592512,0.8848425465645193,0.8050654291841273,653.2988068523907,0.29362318744063876,0.5138818989275896,1
0.22486474115484137,0.6310768974289498,0.7061752682597501,0.3547433078868537,0.5295081524849873,0.8239697619110236,695.7407885547998,0.503162346821234,0.23719273409521527,0
0.6824665277786656,0.8022229252347912,0.6649518139954861,0.5370771660012634,0.8064693001419327,0.5823018445224462,1282.1148776527252,0.8791993127445505,0.4700697491381011,1
0.07461831487347118,0.5808747712056562,0.79688580361021,0.0903263577311005,0.7830646374398563,0.5439062064998784,469.97804091203324,0.27903977974608857,0.017874415405231492,0
0.32993108206501265,0.15526233281688318,0.18678253133335546,0.7035620452961958,0.6226861084532436,0.20882246741512028,698.5495171464057,0.5123828588035954,0.35446158883186596,1
0.23397372528730406,0.8266902322983664,0.6502995060187077,0.5783529926045963,0.3071215874388056,0.9412456921134704,6691.477408764474,1.534928687305838,0.07628543283454199,0
0.05551255663123692,0.5413156961344942,0.8542329270006789,0.3124106944952473,0.5118680729061208,0.6826463027111545,2687.5877968680675,0.9151186562768023,0.24674015380251502,0
0.5564218557626194,0.8635949171426622,0.37290392852825976,0.2583792458626567,0.6029954863325684,0.3625231497519745,421.1204607208968,0.2775636473443356,0.49742865600367253,1
0.6340190940740849,0.5871548265886456,0.3984227214899642,0.589035108560793,0.9463039106805294,0.9356827355371493,2603.658708965805,0.5174200837469715,0.39174412585844665,1
0.610586200777149,0.811810826977069,0.7474724241394043,0.6040629928189325,0.7868502062427791,0.9319455214162371,2053.687165929987,0.09744262844290949,0.5939316893200934,1
0.4626728396032933,0.9667412236187379,0.4905074237927394,0.3747801604647671,0.6712147220852495,0.9913473314928767,988.3930954637042,0.4110840203539687,0.41794642942558213,1
0.4567548292246985,0.5464740999986946,0.7733436485843191,0.3880213450898921,0.8978007637830253,0.8992452505111832,540.2473298785654,1.9903728979034305,0.24326713081377227,0
0.7678100742707674,0.5720687372144303,0.455400888425763,0.15251951652878432,0.8072995828221484,0.9982275102560518,482.2612055604577,0.3652325723550198,0.4103164237856671,1
0.3086568243334627,0.6921386370225017,0.6671088602379691,0.7958428396226773,0.6401352198628608,0.3957489504986181,1371.7467034749263,1.313039056948193,0.2863929437133244,0
0.4753624645266452,0.6065478692313419,0.5727210481149503,0.485304410550994,0.6387842116507655,0.8737996681593874,470.4860634214868,0.2615629147972417,0.23966898450521526,0
0.2579118654925192,0.38989141065505134,0.7170719771023131,0.5622621634371959,0.6728640929242197,0.8584226470366116,3285.3265411326024,3.3817526612524746,-0.31341229309955804,0
0.6180704961471891,0.6560037497683798,0.47796689612924886,0.19551615145920526,0.7932502998149824,0.384752287376587,4362.526270811224,0.4328226154624624,0.6052871570676115,1
0.6012228353462182,0.6125803970837762,0.7750862781667361,0.3510398582697572,0.4010136119707568,0.27875003920079267,1050.682784145396,0.021594163871028815,0.5844228601837975,1
0.45062981581591777,0.670217167957198,0.45341620442883157,0.17314366619357624,0.8692993073424229,0.9835364109420797,3424.7399195735934,0.4418570747935283,0.18336151857111394,0
0.45906590323395147,0.8707428406962766,0.6531707924500417,0.5823112932624538,0.7932401661339586,0.4368196412164883,726.6544475658197,0.1604972062386113,0.42879324564829596,1
0.38663631955244265,0.5933250162634462,0.5123454309267071,0.6685678884658688,0.7181553135510255,0.896713432374245,536.81214848962,0.01651027443764535,0.34194575938850896,1
0.4606637033251492,0.40768290698644605,0.8822112324826691,0.48961606863915486,0.6538946517437563,0.20330172373968314,3295.374772234061,0.8597751409623462,0.4686048912009662,1
0.09883133502562484,0.9793571494045487,0.7592358371941261,0.600137601544398,0.6943275000130085,0.21681984577568178,5323.397230030476,0.1612952633596517,0.5836451698039758,1
0.47618441786883003,0.2240931033259755,0.5844239083842446,0.5334355826706136,0.6670563877296092,0.5726970469570947,7809.98238189764,0.7961639486954245,-0.1552677273583803,0
0.7507178473632916,0.7638778495250613,0.9440807692468683,0.6553458372721634,0.6094997440259539,0.3909717471480509,1529.4371509031757,0.16999150415633688,0.6579733853128507,1
0.28502430308194404,0.5038494727784714,0.5283663505766619,0.6705630592677714,0.45643586803287234,0.7518730267487714,2596.9952826235817,0.10803826201124213,0.37314133382182,1
0.4491217673833342,0.8267304880515685,0.683202512802663,0.19083205593657215,0.9012438905436297,0.6524514604543634,1496.1003399827214,1.8235919434397354,0.022718483728394342,0
0.34813463004715883,0.8271604822931068,0.514226276043747,0.38698901186640033,0.7957954187861261,0.2619886379603932,4462.117270513703,0.2244306187449162,0.4121110739967944,1
0.2743202032900744,0.4283634987382056,0.466583034025473,0.5254511882536437,0.7779518684450557,0.3301026370525737,1691.3530915170304,0.4598685963555924,0.4678005180091434,1
0.5887712853293892,0.7270341061896215,0.38535093861863157,0.43488118639274886,0.8562434481044091,0.5104394160467314,2453.0410743657753,0.4707805433312489,0.4900153743550132,1
0.29727361267041297,0.4318863775078728,0.959374320445605,0.3365067108003566,0.6727127910725418,0.34848325116434653,352.33468897191506,0.41102861366276905,0.29463056149443706,0
0.577836545364866,0.3048262141073741,0.6932622607038683,0.6124722060452195,0.7187936976060043,0.833777877795143,870.2993427817669,1.2307654628132394,0.20150630838681705,0
0.42526239982237596,0.2854063621001908,0.5218375754413099,0.33800976905357005,0.5149838114927157,0.5328561884426241,2474.110332196722,0.5611058966858885,0.21959382236271408,0
0.13010556305547985,0.6780435586124227,0.6420329394165133,0.5320728572678876,0.5710257199923331,0.27474549347399946,2261.927814835464,0.25853336627000817,0.3947655506317508,1
0.23975308254170255,0.7792818578802018,0.6630899531965998,0.4249891045888228,0.7588252532421038,0.5874743218176999,2694.325597383665,0.9916309046566963,0.07655395690090067,0
0.4271640071507362,0.7243755428213131,0.8960261487167769,0.3005677597711344,0.8337276287964589,0.27267054484913134,1237.2601372748172,0.09987399898786159,0.4533700784899417,1
0.33513575777054927,0.4682055317971923,0.3752625376210731,0.43671087116706797,0.5530131859871288,0.3031498443358538,571.3362964899942,0.39289090479374583,0.4245561159121083,1
0.3295557604340685,0.35591310033263424,0.5513847112524947,0.6392774689509568,0.990769209532324,0.39168786562256425,1033.8587770456438,1.503400371277286,0.13878661244635376,0
0.390118163534357,0.3441850376642722,0.6180937077156247,0.35357812151324325,0.9443998538648304,0.8876221641979918,1149.444848089265,0.49094508096219647,0.1801219148338573,0
0.25832366614776003,0.7088608430807409,0.8258576081704467,0.5813507085106961,0.6285401789523131,0.9396900258663776,1396.5229351135984,0.8490483696117809,0.16944435771209704,0
0.19253199667083712,0.9308944226863708,0.30756182582038133,0.511189446428393,0.8399886414941705,0.8610061834656553,416.6033512638773,0.5300238649048269,0.3748875861589298,1
0.4779080850799207,0.8497497912679282,0.7651297756833573,0.19554846016620991,0.7530063864453667,0.4672617739342778,840.6147036866574,0.9143285356854739,0.2873427200598644,0
0.011538046127558696,0.8131293358567584,0.9361360013809833,0.177199055766869,0.5843194927977614,0.41795715288706536,1003.5835170226112,1.4455769504523315,0.1455347856914298,0
0.3016238149928938,0.6518048395765796,0.3273700231968959,0.341322617327649,0.5990022955057938,0.6393245526321913,116.48684419401822,0.15936057111360571,0.24099649534253748,0
0.4652642806959911,0.955638713849553,0.9024453018700882,0.22916166897336143,0.8073364210252524,0.7774825284264899,2521.2366175061225,0.09296066285130201,0.39861842732130304,1
0.6847946511485223,0.2915328309587598,0.9605887548220144,0.9229849883464204,0.8032307122100799,0.99469823052814,1292.089502909099,0.330815293974553,0.5484273319536341,1
0.34614732940741194,0.7007105261206943,0.6362504659446441,0.6839412722217123,0.5993692009741056,0.305256569503141,1429.841489273642,0.6051001220271495,0.38024800928780456,1
0.7525207005593921,0.8202581325886106,0.9125697221487068,0.4295751070703575,0.7517449290537518,0.23943359921904356,654.9138426023692,0.12886183890094358,0.7580493800522283,1
