grim_fail_rate,p_boundary_ratio,text_similarity_score,n_figure_anomalies,method_detail_score,data_availability,stat_reporting_quality,preregistered,sample_size,effect_size_magnitude,label
0.2691482854501679,0.48704621966776995,0.0,0.09594958041988969,0.9442283648803755,1.0,0.8808151631086837,1.0,82.60695425880385,0.0,1.0
1.0,3.287313077669,1.0,1.1833596991959678,0.2814047620360111,0.0,0.0,0.0,43.60093980154784,0.4763633883086742,1.0
0.7053787006905888,1.1211294941725907,0.0,0.4403182022450682,1.0,1.0,0.7959424529429213,1.0,46.33648436058739,0.3913909702854746,1.0
0.0,0.9981171982989698,0.3944531352096195,0.5043264057403354,1.0,0.0,0.7813580715598569,0.0,123.47948756287364,0.23961056341734366,0.0
0.47742142975029594,4.219396623402014,0.44144270644379,3.143489893721492,0.5660457064506654,0.0,0.7071804564057158,0.0,56.308004637832965,0.15032478873188804,1.0
0.12330484381406934,1.9755657604213894,0.1392245610259268,0.9000394782134307,1.0,1.0,0.7048194077495372,1.0,90.05070944936273,0.5000651253514812,0.0
0.2895018647485198,1.3865729050108013,0.5139261064205921,0.4945795978339643,0.9297431019585866,1.0,1.0,1.0,168.7279172883978,0.9187321693457855,0.0
0.8140856922101216,3.8074725664414335,1.0,0.14064032284279682,1.0,0.0,0.2305513070399804,0.0,85.02279371902932,0.8901543101627357,1.0
0.7127362112714354,1.3313918319320182,0.5958748586197989,1.693055952584654,0.0,0.0,0.36381290183095333,0.0,39.269362232170515,0.195982191091997,1.0
0.0,1.114158284796617,0.284083040892139,0.0,0.7277492276338142,0.0,0.7263630411657396,0.0,18.084243947537033,0.7781674995707211,1.0
0.7941520196136842,1.8208636486492955,0.7985853240432016,0.8890408061355626,0.006072447615033005,0.0,1.0,0.0,61.27011272765537,0.6093352489627539,1.0
0.04880809881866956,2.149908841251801,0.0,0.403633664699472,0.37156088275565696,1.0,0.7216513665197645,0.0,61.404209741484365,0.703746396204239,1.0
0.32983293717144524,1.0925530068235618,0.34442192678996797,0.6257609956697529,0.5039895835621206,1.0,0.45476081389103973,0.0,66.41675687537527,0.12073348160750097,0.0
0.18617787869806562,8.979097235982081,0.888803880037988,0.362546528893382,0.46183981477632285,0.0,0.6634765573863607,0.0,46.73355455679916,0.12411043856508785,1.0
0.18948742783476685,1.5535525196555273,0.5859783247020172,0.0,0.9913487662230336,0.0,0.9472427252493676,1.0,5.0,0.3226544170361332,0.0
0.20880109421017073,0.7610200738072308,0.16512016170918994,0.2785883093442125,0.5916709425569219,1.0,0.7346167097795131,0.0,67.7876272018143,0.21958329496740442,0.0
0.22494674604754344,1.158885021129211,0.17874089576346452,0.9644666597677047,0.5550675760071023,0.0,0.6451117549324327,0.0,128.2022423655724,0.3848453094245063,0.0
0.2792320244967714,2.1284728729604483,0.5010828053630616,2.5474199188169986,0.6673666064498183,1.0,0.48056655844703433,0.0,39.891923827282945,1.369910973853375,1.0
0.1615530688196044,1.234881957097963,0.5152192736854685,0.387605709454256,1.0,1.0,0.9018340557413981,1.0,12.845488297505398,0.37797169959706245,1.0
0.0,1.8347909764417705,0.0,0.199254233026241,0.7410087842122465,0.0,1.0,1.0,15.171702685613923,0.18096579920337616,0.0
0.0009631475970836578,1.6972575118848408,0.0,0.4669299832842673,0.8758626199012933,1.0,0.3929509412549051,0.0,63.690980071323864,0.6373532752388316,0.0
0.2987095529149111,0.9043117311650928,0.2788877768895509,1.0156833909155918,0.43440063827699266,0.0,0.6180569196792491,0.0,118.58655457724755,0.5791754817676855,0.0
0.16125598195031002,1.83995352155364,0.3157171719935272,0.025221432045709924,0.7636742169645054,1.0,1.0,0.0,61.60369386328921,0.24558856055504588,1.0
0.1835804888598674,0.8135511586532483,0.5250225827916732,0.0,1.0,1.0,0.603380404214106,1.0,49.48921953845837,0.21019233670176124,0.0
0.5891711807071771,4.041176789552352,0.9711498930750306,2.946170784601486,0.4860265511488547,0.0,0.4607431243688599,0.0,32.27870387729965,1.0534359812699219,1.0
0.11380914636360684,0.7658609602127826,0.5712524243544552,0.0,0.857298638157575,1.0,0.7598324819770811,0.0,61.13483765553079,0.5553736954811787,0.0
0.0,2.2095372005711935,0.0,0.8454902125929835,0.8944099861578262,0.0,0.8765916025348783,1.0,104.49220948179979,0.5756574565791295,0.0
0.20743018601946692,1.1817055501608942,0.023689545504961884,0.435747655412824,0.8538816298130021,0.0,0.679432688812645,0.0,150.18568524451194,0.38033142218360183,0.0
0.36070960475558844,3.2964200286431944,1.0,2.4918683556669197,0.0,0.0,0.0,0.0,19.851298961858454,0.7629629529037174,1.0
0.6071255276027439,1.4553396083353443,0.436533533667285,0.0,0.8905324162328143,1.0,0.8275764321969485,1.0,71.10790844168628,0.7404862514504724,0.0
0.06904224932215647,2.766677963376475,0.629025185201392,0.16827589195887543,1.0,1.0,0.6240652388617929,0.0,96.81119762483473,0.27827868887390633,1.0
0.3287640288182784,0.0,0.0,0.0,1.0,1.0,0.3599067440784709,1.0,81.87077363765928,0.3939659849611242,0.0
0.5371708274251923,1.1293096326357317,0.16165739855212968,0.0,0.844141679979957,1.0,0.5765587697527482,0.0,126.00436610327094,0.5607067237463781,0.0
0.0,2.2248130893880904,0.0017055177750087136,0.0,0.6151937469484133,0.0,0.8999637263219189,0.0,70.47533355377735,0.25560687542269656,1.0
0.8414598421453117,2.3505534055958424,1.0,2.0200104068860223,0.0,0.0,0.4453678400143235,0.0,50.281760391331126,0.5777598034885498,1.0
0.22257474871836172,0.5982748755275333,0.29209989341177667,0.7592272219712068,0.5555348379640185,0.0,0.5414264861549924,1.0,142.40349596888942,0.0,0.0
0.0,0.0,0.08841682959147439,0.29673934238527094,0.4657041619483671,0.0,0.7119863311101637,0.0,104.7882261510013,0.1424841256334682,0.0
0.7126280224787863,3.7779760695932554,0.4936481842467232,2.603607058596046,0.38828827063529825,0.0,0.7989328356560744,0.0,91.82629510302134,0.40356352808858525,1.0
0.0,0.713742410324454,0.17424577975680125,0.0,0.6173728138183077,1.0,0.5866625699069196,0.0,147.35156737987575,0.23551980579182236,0.0
0.011707019163698207,1.9298094228973928,0.8160793362002874,0.0,0.2332894105244715,1.0,0.7683181305873429,0.0,25.48342497837035,0.6474805445386156,0.0
0.0,1.1734160074844313,0.07827967511255692,0.0,0.4822745303789431,0.0,0.5971919138747408,0.0,92.42754321674956,0.23860590803150242,0.0
0.40255203403100437,2.471954678256345,0.2218755710829916,1.163398622867367,0.5301479473791267,0.0,0.0,0.0,5.0,0.7364703863831565,1.0
0.2857898768457975,1.2783865227767164,0.32983295671225377,0.6062343970068012,0.3792441804343274,1.0,0.33374380072235327,0.0,90.83345880861536,0.47605051800147413,0.0
0.15810618540811755,0.34597366859658163,0.3666318394346434,0.8176246673618763,0.7769621785585458,1.0,0.9818782589540517,1.0,130.58222144101876,0.6707096443837465,0.0
0.0740300819698449,1.4130447541960272,0.0,1.9443547580542786,0.0,0.0,0.3975985881235016,0.0,66.32086871727014,1.0045237057410639,1.0
0.4154466922903597,4.824576864762916,0.8062482122833212,0.6171287443973477,0.7268893372491351,0.0,0.5856566784898551,0.0,5.0,0.4591473791877967,1.0
0.7735213688550547,6.485683438714968,0.0,0.8791829245343407,0.7967798963892386,1.0,0.1699529456059667,0.0,37.535464648222934,0.9975776097397224,0.0
0.34042161089338446,2.0251200614956444,0.42321358977219,2.2101071709325915,0.3573928507478884,0.0,0.0,0.0,83.20351646348419,0.6749395592050775,1.0
0.466974739327772,0.8713485696363321,0.5438728293679405,1.0279111610733833,0.505818346494997,0.0,0.7866471806927318,0.0,91.17974662381005,0.5117244809164484,0.0
0.5803876921095658,1.2193150803735857,0.9734236884697318,3.4246468489984956,0.08181930847436897,0.0,0.040702428662325874,0.0,26.4308104225277,0.0,1.0
0.5338782824005218,3.430587658918292,0.08180069254493738,0.6721442564071738,0.5271173181938732,0.0,0.6254650045828053,1.0,41.14010434504601,0.0,1.0
0.13710121306779258,0.43590193652051756,0.008386924822601782,0.1847996428971163,0.5390289540765016,0.0,0.6439837589355398,0.0,76.0272411648758,0.6771492057717521,0.0
0.0,1.754484485810515,0.16764884986133555,0.5876025080532832,0.5358535501630497,0.0,0.6286425693704916,1.0,52.62476715668984,0.5990422917978082,0.0
0.40408142327111596,2.243472194302522,0.3344216528152577,0.5993971947809551,1.0,1.0,0.47457015349166554,1.0,100.33740125614577,0.01909893445755878,0.0
0.0,1.9885839965438903,0.4861481840636965,0.0,0.680225813298949,1.0,1.0,0.0,108.8196359055703,0.7009542149633903,0.0
0.9690760536022894,4.138501021647509,0.5027973224889519,0.38008978480107003,0.1946553652448897,0.0,0.7675143329711065,0.0,23.94294365318296,0.6145451776482729,0.0
0.08692454963359006,0.6832286567003717,0.39319345397764305,0.6417846616002387,1.0,1.0,0.5365841615673059,0.0,92.25004650408202,0.46759255409658457,0.0
0.14138916601545515,3.4769507877984567,0.2519799809863573,3.9977505190252245,0.42469953744315164,0.0,0.48935126330333134,0.0,65.21930646966172,0.0006297604137622814,1.0
0.3352580212787814,0.39476594777628704,0.293730785812491,0.705698277245796,0.4855400072453018,1.0,0.5766853478270906,1.0,139.26333543311927,0.16871151039346027,0.0
0.5912923494409761,4.780703078052355,0.7308539176734699,2.4048558186214133,0.0,0.0,0.0,0.0,51.97669367815838,1.488352531870508,1.0
0.0,2.1008402006177347,0.5567607975031958,0.6110349951530243,1.0,1.0,0.7436193815395693,0.0,46.43199714307021,0.5413969280435483,0.0
0.12068535453451826,1.4655842644552117,0.24760673091243637,0.0,0.37875542638032195,0.0,0.5853375589821236,0.0,116.75273868575263,0.11995157004602552,0.0
0.3867834347991743,1.1703705623612704,0.1846994598665914,0.6034252966078355,0.5917875911462792,1.0,0.7515823180601913,0.0,159.75271362175414,0.6143693731267312,0.0
0.0,1.5741545374123465,0.23176592081806546,0.0,0.6989879567475116,0.0,1.0,0.0,57.548834569796625,0.5472100326365545,1.0
0.0,1.1334959480643638,0.7327554791689259,1.1636908579530711,0.8946893194431181,0.0,0.10723682129941448,0.0,59.41587819108223,1.043617920447058,1.0
0.6385875561411056,4.645064193866483,0.16978521608073277,2.19877681437551,0.12039865871458305,0.0,0.4809304384276266,0.0,19.540472560066043,0.7703846663502386,1.0
0.15169940555502087,1.558173540648222,0.0,0.7272626135333078,0.16012634548207727,1.0,0.7521414987102241,0.0,101.16851461109329,0.38483601770293857,0.0
0.34271255306809567,1.9762845725518428,0.8548199439449629,3.9064090109318457,0.639682457231243,0.0,0.639667799216748,0.0,81.98066309758006,0.29877911244345917,1.0
0.05132444152019977,1.8970378379657953,0.14978718850808156,0.0,0.8029649581464419,1.0,0.45945817270370165,1.0,150.53438929083762,0.27564240450264194,1.0
0.3892420844952715,0.37785988725923336,0.09937346579522499,0.0,0.28974263053055016,1.0,0.5541301570179404,0.0,133.2643261945566,0.3888915185082484,0.0
0.3035408728213418,1.4137013208091866,0.09957477986765388,0.0,0.6175036066446291,0.0,0.8561369070933289,0.0,126.41773665667779,0.0,1.0
0.24111661778616741,0.5984245346089446,0.4021502662325479,0.5164799126803481,0.5582627127880356,1.0,0.7311779602525871,1.0,86.00843470160328,0.35354531062557554,0.0
0.0,0.9205465631054419,0.0,1.1596889531036483,0.5584682495817895,0.0,0.523610572671429,1.0,96.13394538578679,0.30488351281982407,1.0
0.0,0.45811749264754065,0.13701875341496195,0.0,0.9965206130600389,1.0,0.39568982941970915,0.0,5.0,0.7430294247956402,1.0
0.0,2.5560408323446024,0.0,1.792629501301705,0.25107458861281756,0.0,1.0,1.0,5.0,0.4195223063307961,0.0
0.0,2.4898226063909163,0.31315818009181007,0.0,0.8229794818620492,1.0,1.0,0.0,5.0,0.37851132269681764,0.0
0.3302219800288366,1.7910483847100025,0.0,0.0,0.5316159530138174,1.0,0.7459364889534725,0.0,78.57475521898023,0.35488106985707374,1.0
0.25969611042769414,3.4597713887767734,0.3914356255345419,0.23463659939417614,0.2218189321814111,0.0,0.19054741791817598,1.0,104.2681107583559,1.25807677212874,0.0
0.015141787079645488,1.3143544758109653,0.07550904098038777,0.5766256099923919,0.7332714498576594,1.0,0.5458254596402464,0.0,108.65768607007419,0.4983518539281166,1.0
0.0,0.8223275378422981,0.0,0.6128154668230004,0.8807872028932391,0.0,0.922072676402031,0.0,58.10057615974655,0.4836932226971977,1.0
0.7004346009722217,1.4584634184928231,0.37403853128612075,0.0,0.5220417704620377,0.0,0.9805574932219268,1.0,102.94543058058109,0.4366710621236493,0.0
1.0,3.970678926368313,0.4841120511871769,0.5577092130967511,0.6647518397478283,0.0,0.5273644924278473,0.0,5.0,1.5018299004067597,1.0
0.3255565409024811,1.5973593785892173,0.3165126883056411,0.1489772502550679,0.595001974615455,1.0,0.600922097819699,0.0,91.28511675963763,0.4537428639272054,0.0
0.307544016362008,0.8421424834729989,0.14748329908900848,0.12011567710545712,1.0,1.0,0.5772704079802048,0.0,89.52561828212092,0.25625862990798176,0.0
0.0,0.14398199102343523,0.14043275900278399,0.5413439436046064,0.7097597448072205,1.0,0.7212056279531373,0.0,30.063884441210035,0.7075479770202242,1.0
0.5936848972066182,4.338453830739901,0.08000082199510583,1.5348364805601324,0.4122048067487266,0.0,0.0,0.0,34.821181001775415,0.9986954455731076,1.0
0.10745195752701614,0.9321797343147673,0.39095328096597565,0.31639849770579326,0.8601100253775604,1.0,0.6572746450155357,0.0,8.534377973929722,0.0,0.0
0.1615240432193333,0.3272268558278413,0.0,0.5286402023076205,0.6722529817722408,1.0,0.6809976835734073,0.0,130.11635973014276,0.6178265610748709,0.0
0.0,2.936754173998251,0.19144973291760406,0.3429465031466652,0.24062254204337985,1.0,0.7244376032655516,0.0,107.33345692846822,0.2266030986593014,0.0
0.20815590121557298,1.1844643152898138,0.3236381832618862,1.2962576765840592,0.6681319593344436,0.0,0.4847610019885026,0.0,64.63146549603462,0.12859965607763357,0.0
0.08884740360365088,1.4892028201648813,0.0,0.0,0.5344843136562734,1.0,0.3096283740083838,1.0,53.836290424931974,0.17942999321511413,0.0
0.07417340621018267,0.0,0.0,0.4748250236498468,0.560375774453802,0.0,0.3604787453449716,0.0,110.84024748458205,0.6559833866754767,0.0
0.3840316179341981,0.0,0.28398884986843714,0.0,0.6150385396736554,1.0,0.8881541928807808,0.0,104.74240817337167,0.5834952150494352,0.0
0.28176449489964,0.8565582203861919,0.23190770378670378,1.3282717824147707,0.794139465503927,1.0,0.9919450063929671,1.0,101.78822433429063,0.7887665986318799,1.0
0.0,1.4241289270556854,0.2782661741400396,0.8357715761174429,0.6989318575336866,1.0,0.6348192990965353,1.0,103.92153128640861,0.37031427625261426,0.0
0.5826466042365726,1.1514713489483033,0.0,0.0,0.6938484652975594,1.0,0.93486928235253,1.0,128.0137360782759,0.695379813133879,0.0
0.9619309529659335,4.903348460270898,0.07852626144336983,1.8423162623660745,0.17328759520689016,1.0,0.42115774590568533,1.0,90.51783074373606,1.5539133422187454,1.0
0.9198561269688508,3.7366810405224253,0.0,1.7247850832721938,0.0,0.0,0.28253773603894206,0.0,9.316223044047835,1.2747053060477291,1.0
0.26193262902482495,0.8508912875787451,0.25192166083176987,0.0,0.08276499042512198,1.0,0.7952323691367335,0.0,92.67590943492144,0.9770929982176096,0.0
0.2969706118415623,3.5411899019061943,0.0,0.7219023943819705,0.7199260516215902,0.0,0.5726262792175469,0.0,5.0,0.9564240270254527,1.0
0.0,2.0877598735649787,0.14862458797177508,0.0,0.9340760873380695,0.0,0.9440424270783692,1.0,88.44443473035912,0.5709650879083557,0.0
0.0,1.5392488355712717,0.45805099315998465,0.7706552903837416,0.4303881970685437,1.0,0.757610085632414,0.0,18.5566633773131,0.5281325768294404,1.0
0.0,3.5898241913726356,0.5088332597787412,3.2153281448655444,0.7181242055173052,1.0,0.0,0.0,20.421280620928272,1.0207146861458685,1.0
0.24074686931863937,0.7105847272757716,0.5538307872888041,0.5100472452259206,0.6245468249854402,1.0,0.9206470271554887,0.0,105.7960855811501,0.32600986991244196,0.0
0.24515175211514847,0.9526327383601092,0.2354635751472011,0.7879083596723545,0.8006520640971645,0.0,0.5683957775704959,1.0,37.82161341968879,0.39695962847923444,1.0
0.1723521145498127,1.9142636653755765,1.0,0.0,0.1605771991673779,0.0,0.6783978818694696,0.0,79.52182196902977,1.037430508900925,1.0
0.27253332105133554,2.298926836130366,0.27865704123218865,0.0,0.2163979725018812,0.0,1.0,0.0,89.42141269895761,0.5879041965451008,0.0
0.36432650231210506,1.4594874253772825,0.23907629902543312,0.21282287104858205,0.9259628120010364,0.0,0.8947175489828901,1.0,127.81460640919718,0.44640424829313335,0.0
0.41884368191603805,0.03395880042805555,0.0,0.15245504288104683,0.5995496054213498,1.0,0.5322471195317579,0.0,22.478627737149857,0.17027683149356593,0.0
0.0,1.3411532442217802,0.2442496668429728,0.5503328606906048,1.0,1.0,0.4585063278666105,0.0,123.26812745542634,0.2129137012882996,0.0
0.0,0.0,0.13559885543085162,0.5104864721946949,0.860739303786983,1.0,0.5567625888616972,1.0,93.19035529607137,0.532226339063658,0.0
0.0,1.0326225010043777,0.0,0.6489516362695138,0.62693875498013,1.0,0.9690244191767631,0.0,61.17860259264563,0.018698683896943624,0.0
0.0,2.2723603568185156,0.535621654477884,0.32746705549992433,0.874239241227796,0.0,0.29716819333222494,1.0,143.1310190417018,0.2519064398308266,0.0
0.5999151653694398,3.575739275518815,0.6579465634184718,0.0,0.0,0.0,0.6582851316407541,0.0,62.81243968432892,1.0878639858581307,1.0
0.01715334226808883,1.0654849451321682,0.0,0.5761499688397616,0.7704486909654285,0.0,0.09748750829229236,0.0,86.29628053360545,0.3804047578392353,0.0
0.11655528393607599,0.0,0.057574349524306664,0.729793943489901,0.6004767837132903,0.0,0.4470332685890465,0.0,65.84965713913246,0.5438509574625593,0.0
0.0,1.5913497041181308,0.3185485086985068,0.0,1.0,1.0,0.5826210675632971,1.0,82.58385083212367,0.6660732671399847,0.0
0.0,0.8200770747019803,0.0,0.9907270393452432,0.8284650136504619,1.0,0.7329668561556613,0.0,109.75545192092615,0.15179727017587175,0.0
0.02409488307121066,3.9574809184706856,0.4556665803518077,1.892841969177142,0.7065949807544114,0.0,0.17681392915308822,1.0,54.311224816693645,0.6931267703756615,1.0
0.4979582729252918,6.045189473980921,0.18478585937510483,1.9388095611514304,0.6184118800618772,0.0,0.37873090631694584,0.0,93.93059580548568,1.115460606946133,1.0
0.19238200639410308,2.4923005515755534,0.2149179038682703,0.0,0.7877491513181419,1.0,0.7384677211290623,1.0,93.30413405602503,0.0,0.0
0.0,1.5877862538355798,0.22799108415891117,0.0,0.6183766178640848,1.0,0.42544555285488683,0.0,72.77523555726748,0.6969128777969935,0.0
0.0,0.6060235314415613,0.0,0.7609007509886261,0.784649003490677,0.0,0.701418480775629,1.0,132.1405075919369,0.4854450185627177,0.0
0.10013653912096766,2.4997427667756487,0.03898862446725784,0.37169423367112553,0.8466481935392298,1.0,0.7488237931559427,1.0,143.48783754870547,0.0,0.0
0.11436893428234261,2.150143510769251,0.37145204148779376,0.1152365355833207,0.6937276689460695,1.0,0.7369100591000984,0.0,80.5674975888365,0.36261692843943266,1.0
0.12634076040805386,1.180643514887267,0.0728503034524517,0.0,0.7018650564082288,1.0,0.844189340551472,0.0,75.27755204476534,0.47485134940127743,0.0
0.5838383047431895,1.0280631757690117,0.0,0.6945283436877594,0.7779943215321189,0.0,0.8844703399451093,0.0,84.20505458526753,0.33045108090507,0.0
0.27932445225493285,2.2540780284863677,0.28718049810514934,0.7148662089395872,0.44927980753744245,1.0,0.7397613778619198,1.0,73.23029977454169,0.4514508216986832,0.0
0.12913313052087352,1.3604553577847542,0.4892485709634339,0.15301652616790887,0.9551449066690695,0.0,1.0,0.0,117.08513834472478,0.34870639290420896,0.0
0.04739703626051946,1.808044770951682,0.46836985387584795,0.0,0.6187471069509419,1.0,0.8959943454627267,0.0,60.565694407797366,0.5023136337690819,0.0
1.0,5.9986617667171345,0.7479588035344711,0.5188554847408868,0.0,0.0,0.6734050889491114,0.0,5.249059324223715,0.6332611597328287,1.0
1.0,2.2073203028474184,0.6307702749445236,3.824569962087078,0.0,0.0,0.16710985709129916,0.0,74.82480362135558,0.4895213246170752,0.0
0.3960599753739692,2.859266135799979,0.0,0.0,0.9893805578201762,1.0,0.7583359638762353,1.0,90.41353391569163,0.16293475960041692,0.0
0.0,2.068785692940026,0.26469214337194125,0.6607812525630717,0.5966395211418576,1.0,0.469258964766669,0.0,77.98486176405237,0.32223263063557994,0.0
0.6026585537490123,0.0,0.43509827179508953,0.0,0.747798231590006,0.0,0.2946391436500875,1.0,96.98590751349393,0.29228764248088135,0.0
0.4108544308669535,1.5936612529083316,0.18379287502387653,1.4767117986665308,0.1853488154811706,0.0,0.9788208760320706,0.0,45.92798814077199,1.1163146711236243,1.0
0.25705607720411483,1.050284587996361,0.24240981104059312,0.0,0.5520198720284462,0.0,0.3676407104076493,1.0,43.7217903162226,0.4607963706145515,0.0
0.30502777396366787,3.6454770098497793,0.008321107028422092,3.285379574368154,0.036533379555867385,0.0,0.0022999950110791922,0.0,5.0,0.6511436301456891,1.0
0.6914112996678733,0.7887751481581589,0.0,0.2157201515752294,0.0,0.0,0.24339411116642254,0.0,19.568450275753577,0.7275223166106317,1.0
0.3336496804742978,0.8516109035441253,0.41380015216956045,0.1953430902103192,0.7687745018465916,0.0,0.7736628915141841,1.0,124.45506023623749,0.23058307918628573,0.0
0.5175954452888498,4.484598191485208,0.7568788370827337,1.7607663022870883,0.0,0.0,0.30402743081539385,0.0,55.68506464106499,0.7054526666535136,1.0
0.23429804855532232,0.0,0.06548318421581277,0.0,0.4283737505437737,0.0,0.5936338061436346,0.0,53.90514060616374,0.4851749077546197,0.0
0.4558549280158924,1.1152413165566915,0.30026377090812384,0.6659353521441478,0.44951635663288,1.0,1.0,0.0,58.326051321937456,0.7002348941666818,0.0
0.37355133109052907,3.322811209079484,0.23803276247175476,1.109018111226384,0.8468929749160546,0.0,0.0,0.0,84.29621049177688,0.6780924052351671,1.0
0.0719753540407032,2.7199055479161727,0.0,0.41970225026768854,1.0,1.0,0.41475894255624884,1.0,106.06146734689229,0.6163028836528709,0.0
0.0,1.6104846385408662,0.1629530355295215,0.8364890238830058,0.47310693128261005,1.0,0.7864378683593203,0.0,56.521070909643086,0.47255297248543526,0.0
0.0,3.9829123484253466,0.45460487745881417,1.6625521856968586,0.6367694008669217,0.0,1.0,0.0,5.0,1.4309311466732546,1.0
0.34320952864571763,2.1737268166603974,0.0,0.586028720857072,1.0,1.0,0.9380275598917477,0.0,41.17922444617751,0.1403053859533063,0.0
0.15612914573621953,1.1275733741566714,0.253517572035522,0.743645418633371,0.7865155099680964,1.0,0.9525278913769981,0.0,67.68904465646446,0.5715607437601273,1.0
0.018023688901363077,1.9718813064779661,0.26181717359061774,0.4482877725703809,0.4195166469525244,1.0,0.6641613961906404,1.0,68.92819892233466,0.5243408812766654,0.0
0.4446383693728688,0.8740048534008009,0.2320946672101869,0.7923337893830689,0.16079357730588678,1.0,1.0,0.0,53.43125680051945,0.8336774082810436,1.0
0.5343797036326405,3.027895337799652,0.5508416168146876,3.575932966668031,0.4292276575722018,1.0,0.11970827660952232,0.0,38.59238263362448,0.8541661582861396,1.0
0.22607010622238116,1.8657283555617152,0.13819068213270563,4.272897509858384,0.021397135038285442,0.0,0.6248819290504497,0.0,57.17748344068475,1.2717010363053833,1.0
0.0942259958495093,5.160714131423642,1.0,2.390303005807807,0.6054127344309713,0.0,0.0,0.0,43.843132447323676,0.6717491969619962,1.0
0.5187566092506924,0.5697729984734088,0.40024306142590393,0.7240871063333341,0.7553189162178977,1.0,0.40213948878673345,1.0,168.91757356529723,0.5097177951100305,0.0
0.0640444966087019,1.3174344095884394,0.0,0.34284358070167953,0.5841043591569233,1.0,0.6276950736214619,0.0,124.90528307680978,0.0,1.0
1.0,3.349477047631462,0.9146093672480161,4.427763519861207,0.6333361565107569,0.0,0.0,0.0,53.702596574613516,0.5874277320739161,1.0
0.05468822755755344,0.8865934807649425,0.17790742774381174,0.18530462796598612,0.31818003931482497,1.0,0.5462737201573495,1.0,79.50756136844481,0.17870706206428094,0.0
0.17055406329417433,1.4082574710169766,0.0,0.937437520639361,0.34765032684863334,1.0,0.7418973182662428,0.0,77.12312768012441,0.2051261949580892,0.0
0.3343715929696196,4.271000741138138,0.3520434585477509,1.8889137365037303,0.5103986856033859,0.0,0.6848237352070594,1.0,92.07891409495748,0.9454104598088143,1.0
0.0,4.150878533477017,0.6837059314085275,0.09329554848279109,0.674464545359326,0.0,1.0,0.0,29.126771757906035,0.36107944079772764,1.0
0.0,0.7018805106124384,0.0,0.4837408327371522,1.0,1.0,0.840369271152268,0.0,118.790975031268,0.3106139359211121,0.0
0.33494367192836494,0.21252090249606226,0.085328596421763,0.39864613281560324,0.3718566024888677,1.0,0.6310901499597134,1.0,38.85230874640566,0.7317336864729377,0.0
0.41873781259302545,3.639608709948022,0.2766088814122079,1.2599214342249077,0.0,0.0,0.4428943631264736,0.0,38.568659315740604,0.4816808637564682,1.0
0.4605261922294795,1.2051378158487502,0.0,0.19097705230381307,0.3781471330177104,1.0,1.0,0.0,122.64727465679879,0.3705267295707923,0.0
0.09746533279201061,0.46449232673086116,0.41668821398765665,0.0,0.41137341812314515,1.0,0.5835989386632465,0.0,124.7778950203563,0.40445332327332684,0.0
0.03205289015996382,3.7196723142454635,0.5395768630080615,1.0807499724554726,0.0,0.0,0.0,0.0,63.57400475952497,0.3360329255060642,1.0
0.895345628118809,1.6065444294108429,0.1315487404715487,0.0,0.0,1.0,0.18888352591227944,0.0,79.87457590397294,1.0605992089111447,1.0
0.19271273569157582,0.2985860248721557,0.4486746156856588,0.7451237504182544,0.8220394603247552,1.0,0.8884892161621532,0.0,94.08137915459555,0.36752996146797057,0.0
0.665897675825244,2.222599478591275,0.5952233521521403,2.044156363040668,0.0,0.0,0.10124638890400045,0.0,74.4629710111631,0.6213783975010414,1.0
0.0,4.937893368511107,0.7147427429180595,0.0,0.2069500050965786,1.0,0.24152215738018426,0.0,5.0,1.5411954548333962,1.0
0.4974826831671992,0.0,0.34314655204079936,0.0,0.6445939992364234,0.0,0.52296407586073,0.0,114.99600957694842,0.5539659597734463,0.0
0.0,0.9254461796020715,0.05438210536214311,0.23275160779913362,0.7706844263806987,1.0,0.8494570491943176,0.0,97.97360840059473,0.31680918622595367,0.0
1.0,4.498632791255183,0.49395424434697427,0.7664589584060837,0.5964541542815209,0.0,0.3243482969686179,0.0,42.30465673180766,0.8933714840460016,0.0
0.46343756584849494,4.478650002194336,0.7605647962700006,2.8579677083393404,1.0,1.0,0.13048402154829897,0.0,25.968963960643258,0.8119236769498879,1.0
0.39622552330649075,1.8822189400977756,0.0,0.43014025329144306,0.7033617977381117,1.0,0.4692735509568867,1.0,69.46612246795367,0.45414423463257625,0.0
0.17416946538492786,2.328745903797016,0.34194553698334096,0.798429386732904,0.8250009709423682,1.0,0.8038091382345837,0.0,61.062496776758124,0.5366534093157678,0.0
0.24562355531738753,0.8770812294064025,0.0,0.0,0.8616441564499074,1.0,0.8916750615518791,0.0,137.44669991210498,0.5455129586896184,0.0
0.2131047969265871,1.2166349661403262,0.22381564381172434,0.6467394559569968,1.0,1.0,0.7378814209270951,0.0,197.5861777789021,0.6938509023649742,0.0
0.39861369107256805,0.6799979353412321,0.03566544546503034,0.27489769147912757,0.6779483644135533,1.0,0.5523792136978538,0.0,30.657039389701026,0.37136234401150914,0.0
0.22003560034953168,1.3278851135979202,0.12441921733215075,0.7242154411026422,0.7807629056380699,1.0,1.0,1.0,76.66127157838369,0.1659575398345625,0.0
0.3929469824953163,3.2716509136148915,0.0,0.3346721685181252,0.6094904068930265,1.0,0.8397786103806089,1.0,79.71322577422512,0.5160550880850867,0.0
0.03008185823671447,1.4309549034238855,0.38083440111734457,0.7485330984435661,0.7849628241356302,0.0,0.7845841839548957,0.0,114.27822010039384,0.747758672704276,1.0
0.0,2.670546941436098,0.0,0.6464593115158055,0.9940408092687506,0.0,0.7113975550149019,1.0,157.53630794061692,0.13846081915739575,0.0
0.08678941808279954,0.2448599948807556,0.0,0.3859196698967656,0.4989838422926971,0.0,0.9342180426267306,0.0,72.03727299164119,0.11846972873437395,0.0
0.0,0.3922154362320499,0.31355026251319396,0.8485763558768478,1.0,0.0,0.9169332456689678,0.0,122.29739483818669,0.0,1.0
0.20992978914434435,0.4102563782790527,0.22268388771233902,0.1826897150212931,0.7929128313498511,0.0,0.3291466365100391,0.0,40.15025039622433,0.7272560907406904,0.0
1.0,3.5211406161953063,0.3103799595329448,0.0,0.0,0.0,0.9080812468908143,0.0,22.78899988184263,0.31630371958667935,1.0
0.0,2.237595637248887,0.0,0.8088307334217513,0.7608209895256435,1.0,0.5888968581519902,0.0,23.781543610264926,0.6002866802033423,0.0
0.0,1.9353831476601628,0.0,0.38000911292639383,0.46102183118561085,0.0,0.752021462340854,0.0,56.81086257556465,0.16043418679413335,0.0
0.18605053473749159,1.1765897490520172,0.2829988948841743,0.0,0.7655239791951304,0.0,0.8629045291611442,0.0,48.97314469950079,0.13629835601928952,0.0
0.24723967026709742,1.215079698355878,0.0,1.1793102420975667,0.5064937828144116,0.0,0.5251693559683287,0.0,82.27506299328188,0.5358517845699788,0.0
0.021571882427232653,2.0004658544343825,0.4066905802133075,0.0,0.7649573475867105,1.0,0.6250980326867427,0.0,113.13711667149235,0.5953591314082012,0.0
0.0,0.7712292439087616,0.0,0.18456681307761552,0.9075001301505691,1.0,0.21274037240970944,0.0,104.66022588987134,0.7282953144837265,1.0
0.5164993379052248,6.415916133987989,0.07774607540145467,0.892379105658836,1.0,0.0,0.9251963114726363,1.0,5.0,0.8925182346585931,0.0
0.08758029996263651,1.707777174849416,0.45087399836298364,0.26641085497532235,0.7060490978926428,1.0,0.8496681999378703,1.0,130.11121002535594,0.03303286238604952,0.0
0.07831027675251563,0.6175976470166924,0.17579052979967308,0.10399368004043519,1.0,0.0,0.5318653961222911,1.0,80.82628828052432,0.6164674109210364,0.0
0.23407610775519144,2.844772089889987,0.5602349569989252,2.709009252056766,0.5955409215858763,0.0,0.5412378835615604,0.0,59.569686352402584,0.7984169983892815,1.0
0.0,1.2981362527958364,0.0,0.11536143037689842,1.0,1.0,0.5398272294585706,0.0,93.25447085301803,0.0,0.0
0.0010612466063047027,1.2614815063670146,0.27582462139343306,0.0,0.7391721261676277,1.0,0.7521962264931414,0.0,79.71453644393812,0.7840750106804791,0.0
0.0,1.798328204894027,0.27413959969995383,0.5910132835423634,0.9807916646150769,0.0,0.9457665045796602,0.0,15.311132294588987,0.30872643573949654,0.0
0.3167784017768587,3.972571529459072,0.14527722981954977,1.1356208335833817,1.0,0.0,0.0,0.0,5.0,0.2136496366327414,1.0
0.13450674333227705,1.3436654255516782,0.041028323527271204,0.0,0.7082089986200694,1.0,0.9652163286248477,1.0,64.40869300341032,0.8987662598371354,0.0
0.0,2.118756567357404,0.2590758466968561,0.9179058100034694,0.15084898251878176,1.0,0.5991261361453392,0.0,37.430701396914834,0.5500575521044073,0.0
0.0,0.5985671599238525,0.44750550858179466,0.0,0.7297908004447798,1.0,0.5269556713925969,1.0,92.57313229169496,0.43578826368692425,1.0
0.1632110512102571,0.9174669657514493,0.2271733684367908,0.16417244483697335,0.706103055031471,1.0,1.0,1.0,139.04291569652557,0.569141168728285,0.0
0.1179482257550542,0.47703851141589737,0.3767375656603637,0.28822392456288093,0.5325623871748293,0.0,0.6002015038533742,1.0,85.09151744574017,0.5526181715303783,0.0
0.0,1.4855445532540656,0.0,0.5289437737332583,0.7532325115325702,0.0,0.9750670731571743,1.0,58.4055391819125,0.23691857230737556,1.0
0.0,0.8277516345759572,0.13878076078791274,0.1352761068264543,0.7659875321106697,1.0,0.48603418931943176,0.0,92.0475929001077,0.005685588705338862,0.0
0.48165275460449836,2.4897765026043395,0.12000322592225666,0.0,0.6683515525439219,1.0,0.710041999542869,0.0,73.52823057046923,0.5108057964342583,1.0
0.25498396424914604,1.52785492554281,0.07870741540843239,0.64102603285631,0.6375359204171883,0.0,0.39409970831425295,0.0,55.123068597193296,0.3667232995757723,0.0
0.8883698647090484,1.399555389416336,0.10214559726504008,3.627748892723589,0.48074781092560914,0.0,0.23197032923054378,0.0,5.0,0.7783699469226315,0.0
0.0,1.003150009496041,0.0,0.23727286999854988,0.8061725215667088,0.0,0.9336341953523716,0.0,10.6265291335977,0.26508580693175077,0.0
0.0,0.0,0.3409607959742799,0.0,0.7857433638734339,1.0,0.8963148671837853,0.0,45.578415971162805,0.8351359769854538,0.0
0.1534501778704751,0.4203765562634867,0.056129208864393695,0.5360011354596372,0.6652386046406209,0.0,0.6316339729441721,0.0,59.00692458010255,0.160381549664485,0.0
0.0,0.0,0.4888909068022193,0.4639105864215426,0.9349426256034944,0.0,0.6477569294386745,1.0,141.9798328498779,0.47659566346201526,0.0
0.0,1.9353233388880011,0.0,0.0,0.8422828602007709,1.0,0.5779327204042275,1.0,46.03512615134527,0.6564582665736782,0.0
0.24071471480334078,0.8547037498255612,0.0,0.13296138451002973,0.6985205444049586,1.0,0.7254902895388669,0.0,55.59195860947014,0.4832497280344494,0.0
0.3136065348809427,1.6069800185839471,0.13941187160345822,0.3016877532985805,0.519920813648627,0.0,0.6281181364648317,0.0,51.55751391599901,0.2451737463841824,0.0
0.245507318929169,1.4266302972369136,0.15677510559018834,0.08161788138089127,0.6477203776234699,1.0,0.6348997540612503,1.0,98.51830112928474,0.23272196680471827,0.0
0.0,0.2850190341434705,0.3160159484299575,0.0,0.5830673122710673,1.0,1.0,0.0,93.12943818344124,0.750490192109134,0.0
0.2908099110680955,1.4938298507210725,0.4332228264933231,0.0,0.76962182107812,1.0,0.745383148276692,0.0,97.27924290744951,0.5982060877514086,0.0
0.64398861775214,4.380626905613678,0.3816967072339875,0.4504294897945571,0.0,0.0,0.8442049900579196,0.0,46.25148423842657,0.8277363508631789,1.0
0.15188630556897856,1.6637065385708605,0.22136614756958134,0.0,0.655903013991824,1.0,0.407589958593835,0.0,87.89115861537155,0.591450718140732,0.0
0.0,1.9231478728689562,0.13614563692064677,0.0369825786662098,0.5867199099782879,1.0,0.7673742689017847,0.0,20.364528503581084,0.0,0.0
0.0,1.0310958089378444,0.0,0.7292255583283327,0.6771368011504925,1.0,0.5284820644528649,0.0,5.1787287819304595,0.3235859048219371,0.0
0.22946286986089542,1.611126279727132,0.224396034166259,0.0,0.40383228446919556,0.0,0.5039169363659539,0.0,81.2070307487651,0.5041000294334853,0.0
0.0,1.1123121568593353,0.0665595380232739,0.0,0.6184892568579753,1.0,0.7950115747749855,1.0,162.93370579159253,0.6760641612990432,0.0
0.08433084606893174,1.1164406251700227,0.06452694754389332,0.29308112695288135,0.6507430939937511,0.0,0.44443618913985383,0.0,82.47507947555007,0.5779648275970168,0.0
0.9889953072050617,2.864805822011224,0.3590133064047477,3.602828462515234,0.19055698363088167,0.0,0.1958150611586012,0.0,19.324365457312965,0.9090900244474502,1.0
0.5380687560478524,0.16228612001358922,1.0,1.0241125389089683,0.3549868980902952,1.0,0.0,0.0,6.409903161215681,0.736881427151086,1.0
0.7809703449010104,2.7270961330394816,0.1963239512382114,1.6652063403710042,0.0,0.0,0.17056409012501134,0.0,38.84474591497878,0.90816401958285,1.0
0.09260681061376119,1.6370273984029597,0.4483141903075444,1.204653174866555,0.9536352414793462,1.0,0.5164566435299378,0.0,72.30598031029861,0.4003196055140497,0.0
1.0,3.302844462209041,1.0,1.0807288254671734,0.11342273409250886,0.0,0.7229162109068725,0.0,59.28168279602632,0.8505145765168743,1.0
0.28534750186120894,0.9851754816753341,0.31242448569841197,0.0,0.6316940011363036,0.0,0.45515065544907923,0.0,73.32965470965851,0.0,0.0
0.0,2.7209525486024058,0.650146212381324,0.0,0.7767540891960024,0.0,0.6858451720893463,0.0,82.69928987978147,0.4690631971765209,0.0
0.1804332627442328,1.0718937635466876,0.0,0.19149147478781478,0.870447331070529,1.0,0.54685323778081,0.0,120.68270398926882,0.6665068937533538,0.0
0.0,1.9064878217177272,0.29614011460086564,0.0,0.7970260127601648,1.0,0.9564110926370522,0.0,96.17071352866104,0.6733605691581113,0.0
0.617367675358054,0.8138051822543739,0.2715867646030204,0.9059719926932002,0.6108061870422296,1.0,0.6601200695002098,1.0,92.79369361080552,0.4056211605395519,1.0
0.49632878703848327,0.5229146760073011,0.18027123195650044,0.0,0.7638806214063285,1.0,1.0,0.0,110.34644099096235,0.45218200075245907,0.0
0.08984613749859352,0.5070601214283992,0.34744319358748577,0.40564184613973636,0.4121291162626176,1.0,0.44967984309298425,0.0,42.7964252729322,0.0,0.0
0.0,2.850019935394516,0.0,0.7450992055623934,0.5778950109378004,1.0,0.7833141917332831,0.0,88.19205936234933,0.59077633308081,0.0
0.010008880098088313,1.495713753758475,0.32992031270457267,0.8152902928120287,0.6052934940320513,0.0,0.5011679063872136,1.0,75.03712621387837,0.2578809799724101,0.0
0.34146203823439203,5.524901607526309,0.03288128778986266,1.9804725437714492,0.5017055716009274,0.0,1.0,1.0,37.3079291713832,0.6312775528202575,1.0
0.2714658040357406,0.7100501002876496,0.17984056622025466,0.8482346169054418,0.47108395970738226,1.0,0.5553740305443478,0.0,123.92406244060288,0.4415209038291022,0.0
0.18897522885027151,2.127044436110048,0.37802766151645784,5.494656970146285,0.990037036462228,0.0,0.0,0.0,75.18187057778094,1.0214108121008094,1.0
0.710700657180286,3.97255290081299,0.046235532831375825,1.6715635680545307,0.19312043874463944,0.0,0.7904942608768999,0.0,87.21960289870098,0.0,1.0
0.0,1.9689765224724345,0.5764463404807647,3.333212186278211,0.8328317641464982,0.0,0.5091341915256338,0.0,32.58467852438209,0.6798334210382451,1.0
0.1507204494936159,1.2985638454275885,0.23488946952941256,0.18510018471240308,0.7684642137276647,1.0,0.509475837475981,0.0,65.72936115626099,0.5164466783830889,0.0
0.12766878035832585,0.04937761734610646,0.17403271666896147,0.025856351754699525,0.7742974353562757,0.0,0.8296425987032732,0.0,107.88025113201891,0.18966118254776484,0.0
0.29236806263655535,1.3913974912889195,0.3263512708206313,0.03057907190363085,0.8157352349790518,0.0,0.7154916513949614,0.0,41.315151986057316,0.10846842520464756,0.0
0.07290217264083013,0.0,0.30310180091442224,0.5853064986097655,0.5153212311790873,0.0,0.8483393143931689,1.0,107.84717624876835,0.1926605776443056,0.0
0.0,2.0807677079988567,0.23629504640663124,0.3476720997206541,0.5436554577470036,1.0,1.0,1.0,166.6827861171152,0.321020867671969,0.0
0.20849651386373366,1.3555074412618688,0.4587629294113734,0.02665995770636731,0.6656630746790747,1.0,0.9581587398670984,0.0,53.84651828718261,0.2647075669913453,0.0
0.0,1.742300255624726,0.0,0.7840923302664305,0.5092860656723409,1.0,1.0,0.0,94.74628894810857,0.32461585060406545,0.0
0.5713708998358027,0.31543626521125134,0.2034800859427229,0.6522532699123615,0.737433116666744,0.0,0.980685766746333,1.0,71.53789640487307,0.33228194511170506,0.0
0.09079034255997911,1.053682847116128,0.09258334805500068,0.8299681920233108,0.7208315261657656,0.0,0.6640335500070866,0.0,100.73228200021295,0.15485241186598458,0.0
0.0,2.2125662726917605,0.034303093732089174,0.0,0.7045573396307695,1.0,0.370657732770366,1.0,23.913285736414096,0.5430765379025576,0.0
0.12985758119529967,2.2999011353185477,0.43292536199685305,0.6085029747883488,0.9475791829668802,0.0,0.8908818494481621,1.0,55.477716653544334,0.09680376218306375,0.0
0.5440319188352871,0.932944408195192,0.33285898866521324,1.0596419618208843,0.762845375233138,1.0,0.8468515014441451,0.0,5.0,0.0,0.0
0.11385647861026532,1.0649426214479916,0.12856501904849582,0.0,0.531318195349373,1.0,0.7692980166300879,1.0,100.83195394838988,0.2373398924499718,0.0
0.0,5.848181360421646,0.8816718717383432,0.7492580959382915,0.98543902076974,0.0,0.5546283652908478,0.0,27.156545171022625,0.7428041260612993,1.0
0.251931904219896,1.020115214553537,0.18430824991854422,0.15016167599660646,0.04699440654733722,1.0,0.9359847428217047,1.0,64.05074788914312,0.03181613195825089,1.0
0.6832541246790593,0.3991022111123783,0.0,0.0,0.25855627911798296,0.0,0.7571460738911591,0.0,21.23311895471412,0.6017637230966291,1.0
0.2625997982097221,2.845996375769359,0.3275776747191962,0.0,0.4817457929122648,0.0,1.0,1.0,113.02802448482335,0.1084863544704785,0.0
0.0,0.1232162558026011,0.5001183306224866,0.6448539026225972,0.8086043920986565,0.0,1.0,0.0,100.25238449059138,0.46601348039086665,0.0
0.25097198328043857,0.9929631498663181,0.07037357307445072,0.1147459507049855,0.6157886935307852,0.0,0.8164364588524728,0.0,86.09253519405755,0.6317893001491672,0.0
0.6674748724809503,4.22939028556177,0.0,0.0,0.0,0.0,0.2648377803601172,0.0,51.87410600312227,0.10746511503161504,1.0
0.0,1.8486466185278256,0.18321144026319766,0.0,0.6923904899409621,1.0,0.9866992005174358,1.0,86.77435190062428,0.5463422337582076,0.0
1.0,2.2200061511394322,1.0,1.5715935862996702,1.0,0.0,0.8718389223284202,0.0,5.0,0.5497080606061614,1.0
0.24122009830043306,1.5388792524747688,0.006942971297857897,0.0,0.9214549719215849,0.0,0.38388056093508083,0.0,119.38339489374225,0.8423405353465953,0.0
0.08569428681437762,1.3347687810156914,0.0,0.0,0.5738028239591398,0.0,0.36251509549661304,1.0,94.72493834051572,0.08136926505849124,0.0
0.0,1.4805040794188473,0.1088836073939138,0.0,1.0,1.0,0.3963880151420923,1.0,94.74120816745378,0.6750320434353819,0.0
0.28697145870209406,2.251931562867238,0.10034084003826964,0.0,0.10181141038682218,0.0,0.3782966122485327,0.0,50.72592539488803,0.576000694827687,0.0
0.3539785546641172,0.6767394534980609,0.4307223813004962,0.13434580840833862,0.5697495997945006,0.0,0.8578131002729628,1.0,41.391663728022806,0.08575947180750798,0.0
0.18916650700704768,0.0,0.13724121712466375,0.5673145430612176,0.9155597833118017,0.0,0.7547636817087446,1.0,94.35392103158394,0.4863303270825276,0.0
0.2524301409946371,1.0971699908488555,0.2398226016717109,0.9187190673420695,0.6617577599167879,1.0,0.5225086343954396,1.0,109.22424930525253,0.5596043558679102,0.0
0.0,1.5417554894973478,0.033891066377679135,0.05404877624689741,0.9250566124893124,1.0,0.5460474349371971,1.0,45.6138086061095,0.11622308112988766,1.0
0.0,1.9602460735788605,0.0,0.3126942102712051,0.8733058898496633,1.0,0.9671074811529161,0.0,56.35826254896639,0.15591683535198456,0.0
0.13099351582328347,0.5517980503884952,0.04597620884021428,0.7245510553715719,0.7760944340193889,1.0,0.6540810609332488,0.0,148.94152448385364,0.4671487799652451,0.0
0.010219933167216894,1.0900411882978465,0.18441374798114774,1.7745472126543627,0.2428424656571101,1.0,0.6204180476175942,0.0,59.94738895267972,0.43236752091194314,1.0
0.08063405474353305,2.417052841537961,0.031923789958067245,0.2689044915003445,0.7987050055277791,1.0,0.7498219200773886,0.0,49.76983641589079,0.04187282763981942,0.0
0.391882401883457,0.9535725726514069,0.0,0.34191331396468044,0.44060387051663447,0.0,0.8937952931447589,0.0,80.70940936756233,0.5075393672287959,0.0
0.18016327066617815,0.46207185240119786,0.10622368878459347,0.2782615250930688,0.6390833236981959,0.0,0.7121296686551033,1.0,123.31166457891622,0.64921203616442,0.0
0.0,1.2493438798783774,0.41761278203986163,0.1214853995966953,0.6409317969644102,0.0,1.0,0.0,38.95385053788523,0.2837642778974797,0.0
0.25331856357026616,2.248246996895687,0.38737127518300335,0.5048813979797486,0.6850667140144315,0.0,0.8004317649141326,0.0,41.93283490115946,0.41157854987080006,0.0
0.02026149348191017,2.1295026420865524,0.0,1.0218160017344071,0.8403339006778298,0.0,0.40440237458160594,0.0,136.3638317579247,0.07270410054989596,0.0
0.0,1.648735558352991,0.18768429393480554,0.30780916697480154,0.9796276652075431,1.0,0.4898775032918128,0.0,21.71292946615491,0.3865511881935089,0.0
0.0,1.7665715386052456,0.2862914125230849,0.48605273630343143,1.0,0.0,0.8294967355140367,1.0,99.55882523410952,0.5558600332847236,0.0
0.08108713651722982,1.390695186187828,0.722838469862906,0.7066025933739886,0.5766057569185211,0.0,0.7862071329888166,0.0,5.0,0.38353731624143955,0.0
0.0823976143980574,1.9160306512608924,0.0,0.7621350697689149,0.9171105283192037,1.0,0.8114505594228159,1.0,81.33175903419496,0.5894410553866473,1.0
0.0,1.3516652932789948,0.12084956342813977,0.6951859480258556,0.5884610106021301,0.0,0.34518631487251195,1.0,22.374078735776152,0.5822298173481799,0.0
0.26586309761486826,0.6830181521249575,0.4772934072614277,0.0,0.743794603036083,1.0,0.6442980772595691,0.0,53.29906211539149,0.5856956952085006,0.0
0.23426304516516533,1.3705573025901514,0.28493063425042525,1.5133582431727612,1.0,1.0,0.3749420559726961,0.0,112.94755254068174,0.37584741441852276,0.0
0.5771035944734619,3.479681472154142,0.4010579331944141,0.5021423956627262,0.5059858818439191,0.0,0.43328333383310563,1.0,5.0,0.23309107677862845,1.0
0.0,2.023968654064929,0.32833027539729115,0.27567382421477443,0.46561154963905654,0.0,0.5773473386017097,1.0,152.14698693490266,0.046717911305548365,0.0
0.4128917901147296,1.7937019928575137,0.20291766643394699,0.5736323986889835,0.6015942322835802,0.0,0.736900308034659,0.0,74.74637286510031,0.678278236462757,0.0
0.07642662166206342,0.552317184062683,0.270966319866382,0.3953177956325121,1.0,1.0,0.4074539688193793,1.0,59.1771171185842,0.2279123088301656,0.0
0.13507291137559618,0.886681146062567,0.36876161260566276,0.17795976316289935,1.0,1.0,0.7147385446319808,0.0,105.59534384305489,0.4423870473995193,0.0
0.11519235877160186,0.0,0.10784978424963186,0.4580779785913891,0.7914269837812894,1.0,0.6457616681814992,0.0,60.70110849518771,0.5604758713595354,0.0
0.0,0.7502655787373582,0.5200098593056532,1.0016849850625953,0.5264133725746121,1.0,0.9002433724741725,0.0,126.45211568289919,0.13178349972861364,0.0
0.4327966985288955,1.3609277246982714,0.26785459123400013,0.7130235857207532,1.0,1.0,0.7394796714677071,0.0,82.76318205911147,0.644453545205199,0.0
0.2234937321613012,0.5254027237470466,0.21707118927821625,0.4639397620796787,0.7517828565196792,1.0,0.5056536089850716,1.0,86.81965905323008,0.11003938805462826,0.0
0.0,0.8589139230355654,0.3393683656202393,0.0,0.8455813907666638,1.0,0.6871898923405549,0.0,96.88977093520496,0.5179714929555386,0.0
0.4007419663515901,0.3422887904115144,0.20015565328243098,0.6494142101012674,0.24749403577838458,1.0,0.7281781166874454,0.0,57.44457829698378,0.43011490785343226,0.0
0.6418491464958812,1.4606370532657331,0.5851150158399421,0.388410436069699,0.6623595556885394,0.0,0.8236984625175646,1.0,24.99112554212256,0.5085156381061939,0.0
0.05194432054017112,0.0,0.1467494282660689,0.5411244763403286,1.0,1.0,0.36635846965374286,0.0,104.19308141467332,0.43417077974107154,0.0
0.3039974173200646,0.8283061621612855,0.14909134761013576,0.2342637021641661,0.5769994856840092,1.0,0.7818110652706978,0.0,69.47027785913845,0.08325165292356385,0.0
0.6856963040501256,2.011218892350949,0.2694507876513737,1.7904328304200592,0.43814953188885236,0.0,0.6499195675631086,0.0,50.395116451921474,0.14245219326391578,1.0
0.9059643761693712,2.6982481462385777,0.46102957841652425,2.4466920524215903,0.024286495049609613,0.0,0.0,0.0,69.8880045834142,1.1774491504908453,1.0
0.0702179346932013,0.0,0.6353113993266688,0.4948070886854519,1.0,0.0,0.8796670849605701,0.0,93.38136921051178,0.19675777521906027,0.0
0.0,1.9986487185183683,0.11166164352525045,0.8621766799352513,0.49408771571054766,1.0,0.8330662464792403,0.0,156.94900073405248,0.0,0.0
0.03611254077935243,2.313972240051463,0.35789075981162294,0.0,1.0,0.0,0.5828790700177828,0.0,21.085114620206497,0.32217476426757513,0.0
0.09278666656324915,2.6202487140876096,0.4994106760155684,0.6098557229830681,1.0,1.0,0.6078424444281251,0.0,68.05605673087291,0.13933724702025593,0.0
0.0,2.118909879542972,0.0,0.2642003740709666,0.7525997624468005,1.0,0.5879864740034005,1.0,119.48894047547908,0.5917205259712285,0.0
0.38922858787451053,2.56849069806554,0.3466854777195283,0.0,0.8119366442328977,0.0,0.3201775945202704,0.0,68.3349877753815,0.43482558430010904,0.0
0.0,0.0,0.20382625195092768,0.6341702443590405,1.0,1.0,0.7165481093731301,1.0,68.62766103617115,0.25927254013487055,1.0
0.6285600157743276,3.268357759855721,0.32010361248593777,0.0,0.0,0.0,1.0,0.0,5.0,0.3561294122615916,0.0
0.12478610476561387,1.334923737573382,0.28977126409599163,1.6103965455149876,0.35314352016409345,0.0,0.8810266346576812,1.0,41.810547148966066,0.0,0.0
0.3441107293063087,0.6460632161009151,0.0,0.0,0.37863591824887216,1.0,0.7981258885134361,0.0,96.06326022364195,0.7079233623181653,0.0
0.0,0.9063777287333421,0.29725254638535115,0.32488684359048003,0.8324694278415835,1.0,0.6292916510639932,0.0,105.67786062993484,0.364731082161906,0.0
0.0,0.0,0.02754795322447759,0.0,0.5718941072248841,0.0,0.39827863967423954,1.0,113.63490978763838,0.08275914511625954,0.0
0.0,2.0693957534637657,0.6106569686842713,1.8810221776921308,0.0,0.0,0.21982838791750695,0.0,22.864630306516098,0.29994828054433076,1.0
0.0,0.0,0.5000332188821642,0.5316031460495615,0.6735124620683894,0.0,0.6962934876265737,0.0,132.81922603301916,0.03874455114334119,1.0
1.0,2.5302275718994687,0.4594517287347416,2.2608785387271686,0.19636608214030188,0.0,0.6009878791826886,0.0,52.724978392057494,0.6394248615006456,1.0
0.14690558289318448,0.34575766273664543,0.18920681446403725,0.27729439103388087,0.47198426628680473,0.0,0.5926847543407806,0.0,178.9630314680303,0.8097601532104552,0.0
0.3242093303869586,4.0563357660397505,0.3838241783240376,4.157670159499667,0.4916992638351512,1.0,0.7210298155924506,1.0,71.41294907836463,1.057899651203374,1.0
0.23918086973026442,0.39973494031554013,0.45812941240639904,0.44711206450674684,0.9101605435164724,1.0,0.7348376687992318,1.0,5.0,0.25807365676281385,0.0
0.0,1.2193755653382063,0.1363891187761192,0.0,0.9045774028378026,1.0,0.9668294715437564,0.0,69.50552141788755,0.23499591683657883,0.0
0.0729697671106443,1.2868477646212184,0.37852493902276707,0.19850968130217145,0.6009800156855966,1.0,0.8819236916738213,1.0,66.69467002649539,0.30919549026369186,0.0
0.24802119281668694,1.1377302423897584,0.03566664107483575,0.8563441874949627,1.0,0.0,0.8075387374880395,0.0,46.96357081251072,0.3118638196595477,0.0
0.6588830222047154,2.716907725691487,0.0,4.0514050070590635,0.2724733789101156,0.0,0.6296333753120456,0.0,19.70823093822191,0.6869722172215554,1.0
0.0006203575130400152,1.737977494659018,0.0,2.653937853706668,0.4013294020923863,0.0,0.0,0.0,40.806575169835924,0.7526466168002517,1.0
0.27971258953653777,3.5483805457415056,0.4814109382455085,1.8563767125176904,0.49687512577466686,0.0,0.26295086268073414,0.0,10.99071570612361,0.33130455288922034,0.0
0.0,2.6986382209740363,0.012396904918548945,0.8586994079512305,0.6739939752781227,1.0,1.0,0.0,79.20381683674275,0.500186144941996,1.0
0.18970965980108118,1.6953234088041582,0.0,0.06058127199579791,0.6062069915410642,1.0,0.7515952738668428,1.0,68.39598844146522,0.7224252769135462,0.0
0.21439479987908125,0.2450905345948159,0.044904697708791325,0.0,0.5295789050702094,0.0,0.9328036520836661,0.0,30.375303832394025,0.5531922579622152,1.0
0.36131415089470553,0.9447568514667054,0.16291101968043237,0.0,0.8876261953973883,1.0,0.548223499771684,0.0,23.275270882285184,0.26659090310207934,0.0
0.0,0.942143624630928,0.36564710955021784,0.5571273780089174,0.7613627661725635,1.0,0.5447244282052689,0.0,97.30706613604455,0.08145264972692767,0.0
0.0,6.671987850010263,0.5544224718109363,1.4699379634180272,0.15049262051536383,0.0,0.00731621768304519,0.0,81.40274062442354,0.4361123938966633,1.0
0.37671297381265756,3.2195028378168606,0.19791853191136372,0.6420918473038748,0.3099452440735642,0.0,0.0,0.0,51.80456156265249,0.8124750254075955,1.0
0.07793145682827464,1.3011036636371294,0.3883984655043583,0.04851261472432844,0.2862736696472377,1.0,0.1157980221476661,1.0,97.46611424019113,0.46708543481153175,1.0
0.3189102141812362,2.0686290599514776,0.29199219504556373,0.678394339993491,0.6009002746991166,1.0,0.9117324472031041,1.0,27.69314841041389,0.5479861519536244,0.0
0.20576063659862498,1.9625093071305961,0.2600130034767735,0.27343967349122733,0.6667750603757371,1.0,0.7149958852720932,1.0,24.524663217471456,0.3011758361784689,0.0
0.21427927710736017,0.6851601341460304,0.0,0.47189394077494273,0.5493865345002922,0.0,0.739620027556839,0.0,57.072013015558014,0.09072084532168229,0.0
0.6271157265354868,4.433090239991735,0.22814957940352523,3.6613823706270274,0.0,1.0,1.0,0.0,31.566991213421353,1.0869340765352944,1.0
0.38206635475286355,0.4754141593099048,0.09290256694325977,1.3061352228503826,0.8444340193167806,0.0,0.7176276764282284,1.0,127.87719460847188,0.37394179153257695,0.0
0.29513124213749353,2.316547048631965,0.1513014479150548,0.0,0.290743299477587,1.0,0.5475582513968459,0.0,54.49923043413607,0.2627172864473978,0.0
0.0,2.2536920538718923,0.8009235087549924,0.7093888218774302,0.6408177034912854,1.0,0.43632668762110266,1.0,94.27368368539392,0.3715186935180228,0.0
0.2503405874102449,0.35705406468291667,0.1433715961337338,0.10643467510524268,0.828872246517309,1.0,0.11891029471816261,0.0,99.37903190188501,0.11245210927641708,0.0
0.4554133807912392,1.093893002893941,0.0,0.549842555151467,0.6583515565884065,1.0,0.8231108506489828,0.0,65.90357175228797,0.5052078977510529,0.0
0.6955948392753568,2.026036963473326,0.31149292060630895,0.0,0.8554766220883088,0.0,0.9327185316318498,1.0,125.23698047185667,0.35932124402587673,0.0
0.44463098137449886,2.444786518825701,0.0,0.8300420575738183,0.08721084389517786,1.0,0.6483386448892754,0.0,57.09301840696612,1.4268617942462942,0.0
0.04415565649844114,2.0856645354295784,0.0,0.3379776339580437,0.6525364058381519,1.0,0.5983882296785574,0.0,88.36672920742785,0.5656147283981551,0.0
0.4672297938612425,2.138499710069313,0.0,0.5553960442637973,0.8210742122891327,1.0,0.6602879911614289,1.0,86.89973873006572,0.43265020982441044,0.0
0.0,4.833425895451049,0.5899084045191021,1.5011567525323462,0.7206448774904084,1.0,0.0,0.0,23.490845384637396,0.31374373897448016,1.0
0.0,1.5229840722692876,0.0,0.5823029629468002,0.3203445749700483,1.0,1.0,0.0,151.24833008229183,0.3264830755680347,1.0
0.13989154941566564,0.7260285926776846,0.0,0.4556543367214424,0.9636054871245915,1.0,0.9462486876763778,0.0,115.18933192271237,0.2589703763537956,0.0
0.118634044903524,0.796180063017426,0.062080110464716676,0.4702946082002484,0.6270754900177273,1.0,0.1478389427289235,0.0,75.29205008698872,0.14060776124619703,0.0
0.19444805224825285,2.064038452571719,0.028084888130764152,1.024249614946463,1.0,1.0,0.6912394675013452,0.0,67.1622514455536,0.7541776018614954,0.0
0.5523010554891075,0.7809261932155227,0.12670010043640378,3.4402491209334296,0.18006803296574977,0.0,0.03784588750285384,1.0,54.82090558848216,0.6655811306218375,1.0
0.5051344080320272,1.9801581038259437,0.35653596477705535,0.16051853483409573,0.8231370082990839,1.0,0.9810517489985835,1.0,65.16487311959403,0.2308971480077801,1.0
0.13841160567320213,1.6373868545611034,0.0,0.0,0.7129261866656753,1.0,0.633794448517578,0.0,66.80821130489228,0.26534034097472886,0.0
0.46645346050128234,3.9098564368603173,0.9444495833942356,3.75433865468555,1.0,0.0,0.0,0.0,45.93732350387943,0.5958527738240028,1.0
1.0,3.084347435878844,0.5882847843944742,1.5012430218251118,0.2886295762806533,1.0,0.0,0.0,67.73901048738307,0.8059224128336616,1.0
0.5439262488679297,3.9107493813676815,1.0,1.6291446179744478,0.35026409060870756,0.0,0.0,0.0,85.10194905301452,0.7761015056129029,1.0
0.0,0.9923626579328662,0.33085813887927285,1.4819362473096804,0.5875049639837934,0.0,0.7734505906287925,1.0,23.287871270284015,0.5260785416088275,0.0
0.0,1.1335155418970442,0.09558081442711416,0.0,0.6263562589008178,0.0,0.6112821679891339,1.0,22.16474171496351,0.31658098061440476,0.0
0.05044879555443718,1.470787074769353,0.06938185823278933,1.1367260451492684,0.8278743415693643,0.0,1.0,0.0,120.44764754339182,0.03137623278518459,0.0
0.3649684394334418,1.7575635236085885,0.0,0.0,0.6325828255838228,1.0,0.7913184928486954,0.0,62.56956372080559,0.35977066558432796,0.0
0.7190641082555524,2.179962917632264,0.1799024052785424,1.8062924396618198,0.4016382259976219,0.0,1.0,0.0,52.763726853548945,0.9144708667718994,1.0
0.11924074708253578,0.0,0.1772799867346377,0.07847798943575884,1.0,1.0,0.8345068029738401,0.0,121.02132309326366,0.5465674180108808,1.0
0.22680710239798937,0.2567681670721579,0.22355773005769747,0.4126539610204708,0.5963534382160046,1.0,0.3415388935722488,0.0,135.87569687754626,0.5444407940375935,0.0
0.15834365003448472,0.7717374512368618,0.5068051952559177,0.7345780321946366,0.6842148276599884,0.0,0.5755797428427736,0.0,11.545608649184103,0.3252834370660936,0.0
0.0,1.2560417304905451,0.0,0.053438588800113984,0.520496792486222,1.0,1.0,0.0,95.5420324781914,0.5931171608582376,1.0
0.0741944189769686,1.439002326692549,0.3497155492080542,0.032099268473851084,0.8242399192765739,1.0,0.8359048388398551,0.0,59.68478900460832,0.04076610757510618,0.0
0.0817084599318911,0.555303946803049,0.0,0.06025351630037831,0.8452244530200955,1.0,0.6273326179711665,1.0,152.97743932034837,0.5244946309098892,0.0
0.18277368650035544,1.5492478433261343,0.14596351117795986,0.5460094239963996,0.9191770836725229,1.0,0.9340711947482587,0.0,115.6351311792246,0.4455167022716814,1.0
0.05214926169728734,3.090756631014691,0.8214373570446134,0.14387825014213051,0.7720061165442615,1.0,0.3739427916979968,0.0,20.45745989156655,1.1814973846590666,1.0
0.053636322384293736,1.2689151064370998,0.3050110048507759,0.0,0.8027210909230699,1.0,0.8621994087113235,0.0,84.10798865127788,0.0,0.0
0.0,0.38734254481728236,0.8859934200734987,0.0,0.725378184739115,1.0,0.30573394707993795,1.0,28.35091776829418,0.35119394186195063,0.0
0.20265723903364008,0.2163603244380664,0.8797316751012061,0.6395713877190977,0.5272262788889717,0.0,0.8248012201631616,0.0,53.94003438027999,0.24631083228891923,0.0
0.3387365263292716,3.9103886459527724,0.6497187426658029,1.1690939739830868,0.40183473257517216,1.0,0.6371218356843057,0.0,45.895635091044106,0.7835762056592797,1.0
0.0,0.07494602906253278,0.04131868319111756,0.5368160384057272,0.8888803126923972,1.0,1.0,1.0,85.342243232974,0.10696460164281674,0.0
0.49378332327327074,0.7033219213991071,0.1991965820771304,0.0,0.5880304643481145,1.0,0.4280084838567653,0.0,63.97476264058462,0.5039512552568928,1.0
0.9156366200773891,0.927729162971203,1.0,1.7333427613240575,0.9205462649737752,0.0,0.46023144441069996,0.0,30.389580754170396,0.7439517587150397,1.0
0.5308521855480606,1.6089620796199846,0.34159178828428527,0.0,0.6778509708585657,1.0,0.6510173426297212,0.0,46.210251214613024,0.2384013521963192,0.0
0.0,1.3537035253490672,0.3363443318730779,1.1077156132051162,0.12045290124425029,1.0,0.7629669615611591,0.0,38.795261480669694,0.7181810600325548,1.0
0.4888012812249152,0.9665509848675646,0.2954442195218909,0.0,0.6005315479923079,1.0,0.6996812166419701,1.0,75.51952119949489,0.24172754577146693,1.0
0.8823099609979348,3.8191713904047475,0.35634498733922615,0.9018161561321357,0.7560614504293138,0.0,0.24931647743074903,0.0,9.951399703152536,1.067729038602664,1.0
0.4101943696686178,1.4296993321614593,0.10956194313229027,0.9117844412093137,0.9755145331161624,0.0,0.38129188880337705,0.0,131.37524173202087,0.14474432483340524,0.0
0.18790317745937984,0.3418055794081547,0.4953596834129466,0.430221131666778,0.6443426837967587,1.0,0.4540089509424367,0.0,63.15832804733115,0.4146612959275211,1.0
0.5085668665275161,0.9999627883208377,0.0,0.0,0.8848107231254555,1.0,0.805222784252829,0.0,59.799000818644224,0.23589510591628904,0.0
0.09774982803199289,1.0088543206642444,0.43223190014800605,0.8236588533107241,0.5291035573070667,0.0,0.6655019649412367,0.0,43.40773875892463,0.594175620060639,0.0
0.0,0.9574561737325796,0.10606084295647845,0.0,0.9854381718811598,0.0,0.6461709439224156,0.0,51.14561120452108,0.47004104598644175,1.0
0.0,0.820928522343267,0.0,0.0,0.40564840834957694,1.0,0.7304976949863775,0.0,105.13008258998019,0.4824090296709984,0.0
0.45244426823743394,1.1788753944328583,0.22476333302921125,1.1499786872881903,0.6139969533409773,0.0,0.7862506095991674,0.0,92.97695943947069,0.6188173093018013,0.0
0.132827953101844,1.2920208633179338,0.0,0.0,0.6804981122626765,1.0,1.0,1.0,11.324089081685699,0.3025875715029847,0.0
0.0,1.6693550411802198,0.04887930203739402,1.1747919521027104,0.9031841464766099,1.0,0.5323969222885334,1.0,85.16919435976607,0.33552053104890045,0.0
0.0,1.1055451784071368,0.26829359261522256,1.0689659592062764,0.546750885105572,0.0,0.6627124457468221,0.0,130.84120576568262,0.0,0.0
0.6809248914223779,0.40055821416407134,0.08791145142455159,0.5757381376197617,0.5945798130506277,0.0,0.7743938207858049,0.0,70.09297664192101,0.47885524634700954,0.0
0.45101332368606195,2.000836874053713,0.18505482588271044,0.4700256472844452,0.713011740104047,0.0,0.8075935746994278,0.0,5.0,0.23388617703739045,0.0
0.2355600239781862,2.9850401169541056,0.35626286458858397,0.0,0.6429264298070029,0.0,0.6418336902032822,0.0,97.29614278878753,0.6194599077770669,0.0
0.4644189372773319,1.006993876305166,0.18011879074273437,1.0436230776679636,0.33662889296398824,0.0,1.0,0.0,124.60664955837156,0.24225454911543762,0.0
0.23608632398342239,1.4153015529960857,0.04111803302694228,0.2803463561861844,0.7241403669262736,0.0,0.6586238745576255,0.0,117.79701010540937,0.08423595381640275,0.0
0.05670129964840198,1.446440431603282,0.27485698738825254,0.0,0.7923584725513286,1.0,0.709381195767309,0.0,108.41197746065353,0.13139286955005194,0.0
0.6053943479847383,1.9622996377623512,0.33139377809253445,0.9223397903683934,0.5834553349821355,1.0,0.5723175226823517,1.0,104.76255675902078,0.133866487379508,1.0
0.05771700752499284,0.0,0.1815299650259995,0.0,0.9417261792634242,0.0,0.8179279413897417,0.0,41.334993113635896,0.6540174768693496,0.0
0.0,1.6922939872104428,0.0,0.0,0.583228066347941,1.0,0.6275956180674096,0.0,65.63304195005051,0.3656523242496144,1.0
0.15004670357601352,0.9636788718887764,0.36160258424339486,0.970230525895174,0.9167663416798175,1.0,0.8347005583878588,0.0,82.4944169069106,0.6434728880739709,1.0
0.0346962582778154,3.7544860542758887,0.3600921431762285,1.0668638549582496,0.8133447375814298,1.0,0.9121959032041026,1.0,45.33213346238758,0.5050357582784709,1.0
0.4145033369848201,2.8319178259956943,0.8323209436594611,3.215156620876592,1.0,0.0,0.0,0.0,59.225285838010294,0.9235555777102146,1.0
0.3267922086722479,0.9065404705482498,0.18004658960659434,0.8847949962138868,0.84895375797927,1.0,0.7525500237358866,0.0,60.69414618506109,0.7993442719513724,0.0
0.28253580551124857,0.6635038327386841,0.02595828920399909,0.20773732117207522,0.7794045183000757,0.0,0.8713888057607245,1.0,32.70520871076144,0.4428291620595256,0.0
0.3981209644223484,0.3500851774824961,0.0,0.25828101510481954,0.6757950187286781,1.0,0.9892581523727135,1.0,93.86233894496843,0.40686109358522315,0.0
0.12720093353979747,0.0,0.0,0.17252210322315106,0.6333700923646056,0.0,0.6587252041511009,1.0,116.91375119583066,0.6097287136645824,1.0
0.032660215828223524,1.8779373417203373,0.07801910796982198,0.0,1.0,1.0,0.32701976000569194,0.0,74.2541698676103,0.3041624831307165,0.0
0.7318228855665423,2.104450052424295,0.0,1.6464988902230802,1.0,0.0,0.3254246260840232,0.0,28.88157003741682,0.35363015220038185,1.0
0.8252543299783905,2.803014750143066,0.7246666194450593,3.0701093842195055,0.49448937948554594,0.0,0.879055905112015,0.0,59.05515405045908,1.2647989441705265,1.0
0.0,1.2742759209128918,0.652437402562466,0.3290113674041976,0.31036425737658363,1.0,0.7270458522196355,0.0,25.637733403026594,0.7963379794058827,0.0
0.48778106447296693,1.7141955123039676,0.8630378761746493,2.8467847640648136,1.0,1.0,0.0,0.0,73.51887494764384,0.5779717529572492,1.0
0.3947325814932044,0.9039911760942978,0.2582272087961257,0.0,0.9900588936912366,0.0,0.7808089191997554,0.0,58.844064466976945,0.40794978955084704,0.0
0.0,1.4029917291956586,0.5839225550802725,0.5346337949042631,0.6451064090139349,0.0,0.7289728611295025,0.0,68.82552029239909,0.06250035065153103,0.0
0.0,3.615036198995029,0.7333329788656255,2.574451139502177,0.10820666597788076,0.0,0.0,0.0,20.59189666883278,0.6775515786924525,1.0
0.35041406830757904,1.8237284258154718,0.13744791207516746,1.005229572601752,0.7951896938801019,1.0,0.6140895747478043,0.0,133.8113158567087,0.6981425407321424,0.0
0.45114765047311967,1.793262440127316,0.44448895221888846,0.8485526012851871,0.5323233833724863,0.0,0.8695956591789491,0.0,25.50440613101878,0.5863090157719821,1.0
0.0,2.1119028489032363,0.41854722918724796,0.0,0.6103793427311414,1.0,0.7628700218336555,1.0,76.98589688823344,0.5183472457686067,0.0
0.9201452104464352,4.1848304129507445,1.0,2.4173266008704988,0.0866737514890284,0.0,0.10355402839838951,0.0,33.37107478511008,0.8734886607904115,1.0
0.21831108819292872,1.3523997438232531,0.31999660740976543,0.318968917723801,1.0,0.0,1.0,1.0,73.10495683027574,0.8662987685692333,0.0
0.2766871756777609,2.4924662588385855,0.37954966277189256,0.5315923976337924,0.8293581651189683,0.0,1.0,1.0,112.25449306301222,0.34783513841198604,0.0
0.0,1.0949944263261562,0.031054009995762938,0.31911899748001415,0.4617694372914748,1.0,0.8359326062925699,0.0,122.17639939163263,0.5393311707557682,0.0
0.9858902457398002,2.0407621781936425,0.5596592451713606,2.5370000400521104,0.1650541489556975,1.0,0.8139223795664485,0.0,66.50979812460017,0.9656250064253677,1.0
0.46390539594281965,1.7370720611603725,0.1273455317009292,0.14575860577209013,0.7420651963962624,1.0,0.7550033415136433,0.0,61.40430728977569,0.0,0.0
0.0,0.9711966224959113,0.09360646381072088,0.0,0.6550765434279664,1.0,1.0,0.0,5.0,0.3159297939371069,0.0
0.2453850998623186,5.380301115735976,0.7862821223054679,2.623261751998127,0.9055019277469133,0.0,0.29818965144609577,0.0,66.85579660083197,0.8476722639823496,1.0
0.0,1.2170493189375537,0.0,1.3442213864349626,0.7406443090008838,1.0,0.976077288588696,1.0,104.71945834057837,0.5729490443089154,0.0
0.38789541182692683,1.7675614537112314,0.0,0.6416644964055347,0.4572496009647146,0.0,0.9802283212636753,0.0,75.14466389941808,0.0,0.0
0.1327462331018491,2.751143199246628,0.3972144340330134,0.43174360766552977,0.6572512363160797,0.0,0.637226479802464,0.0,24.24356699639729,0.15554248339359267,0.0
0.0,4.420275826054505,0.0,2.9405086058232603,0.0,0.0,0.32885432946841064,0.0,94.02821298732447,0.9546703402729428,1.0
0.037802650954775543,1.641188300832374,0.12977949270716885,0.0,0.8343604439267827,0.0,0.6960859811088462,0.0,97.97834417410068,0.0,0.0
0.31160790830483254,4.177086876958697,0.635819154424031,2.0567758928810664,0.7536511174449105,0.0,0.09245569444144464,0.0,72.36042500293887,0.8973681920183258,0.0
0.49572851347906643,0.0,0.08173805939086601,0.07134917245660499,0.7993136178802979,1.0,0.5663876827181418,0.0,105.34433492933768,0.3405632541921287,0.0
0.2418291138460773,1.846446238624916,0.0,1.0266303316605172,0.47140587156093294,1.0,0.9584158870884611,1.0,84.62845753728737,0.5898372785579006,0.0
0.0,1.2906163284302115,0.42078380362119616,0.22205091103166624,0.6532633217092954,1.0,1.0,0.0,127.15943084731505,0.0,0.0
0.45780007168998454,0.0,0.10851410322984734,0.5777563231711241,0.4657343987159195,1.0,0.7424772801417561,0.0,139.22291742841392,0.2937088236375509,0.0
0.0,1.501680315121749,0.3552607132902257,0.8408833638364144,1.0,1.0,0.8177342183479419,0.0,30.699298406322598,0.38379573563510827,0.0
0.3213579848124993,0.5379278234810242,0.32517350683876284,0.3035315793140882,0.40515611066956314,1.0,0.5209119043537758,0.0,76.13946948191504,0.11538984158958682,0.0
0.18734083059146067,2.5119716234971143,0.050939601098197285,0.5409330308592457,0.6075607103658831,1.0,0.2943331134812191,1.0,39.95784156355799,0.3329346662284234,0.0
0.05899718976542202,3.3154746776136275,0.37972247082161315,0.46752901454205875,0.6309718398548406,1.0,0.3375420016836946,1.0,92.91666669368303,0.21364442546763487,0.0
0.39009312928749573,1.355685964189794,0.15676767896646432,0.14323515691380104,0.6553243081349199,1.0,0.1450621246846734,0.0,84.77758825407717,0.7028184597539697,0.0
0.10413777493670447,0.6578040235801187,0.19994795796632342,0.18279609984183898,0.7089981337183262,0.0,0.82416970876249,0.0,100.53502916920674,0.6485832511925609,1.0
1.0,7.280253749884428,0.4405942827161333,0.0,0.531921197933841,0.0,0.4538225509991813,0.0,71.48658145958005,0.8587370055298928,0.0
0.16072985070833407,0.6246773446060638,0.6354696652395417,0.6255681209118285,0.8641079539201854,0.0,0.886807702091782,0.0,96.63588230360024,0.4121543626012416,0.0
0.6958377862276578,4.4407748735540356,0.07695224508506748,3.442357869038818,0.41896540436280494,0.0,0.9148608411773882,0.0,60.946699408407696,0.8150668436062181,1.0
0.0,2.5860119995880737,0.28396370098167667,0.0,0.8205463126806071,1.0,0.4799182961887794,1.0,112.20881441906764,0.45273684108487133,0.0
0.20416272821570372,1.2542844084219227,0.11070865583121593,0.09326741943836198,0.6860615148974936,1.0,0.6706374726497047,1.0,5.0,0.6674180047196867,0.0
0.036253475384013065,0.9636157455766716,0.0,0.7511385868933236,0.2993081175685303,0.0,1.0,0.0,47.38404334062587,0.30410891868352125,0.0
0.0,1.5618974369997871,0.32296905679707594,0.0,0.6038033301252963,1.0,0.7579137440761151,0.0,80.46077416471435,0.48442018805985015,0.0
0.11198066648306619,0.0,0.3304668725083153,0.4934042603446013,1.0,0.0,0.6830132134340436,1.0,122.71154056560303,0.0,0.0
0.09497413619654242,2.329776444332343,0.12048416070511257,0.0,0.7124371729416645,1.0,0.5841507639191198,1.0,41.05518299288751,0.09089604581403582,0.0
0.17260183015291825,0.6654847315688047,0.1433099331126531,0.5508913680837725,0.806922746507601,1.0,0.8163491876172605,0.0,23.496608142032983,0.40497173860230323,0.0
0.6990685441316038,3.923708622864778,0.6961938215265171,2.6610507069551548,0.5575034640702337,0.0,0.8779944329111703,0.0,102.25782617875797,0.2703372647020526,0.0
0.7046282303058077,3.711727962224966,0.8157879534775321,2.9658851411452263,0.5470156430170889,0.0,0.8182671283051464,0.0,41.78891109760522,0.4360034524932247,1.0
0.0,2.0608057108788786,0.21414554825596657,0.8106916477146993,0.705557660150588,1.0,1.0,0.0,172.84892568611195,0.1581676352860572,0.0
0.12232933946476063,0.9928760210367381,0.2397065286149164,0.0,1.0,0.0,0.4822384947116715,0.0,120.65214747479021,0.14610092530939353,0.0
0.39422141663189625,1.738058960962185,0.31527151850905083,0.009973379314978492,0.5119951526708503,0.0,0.5080643982873778,0.0,76.31475700215191,0.4220038351331321,0.0
0.448400664781059,1.3445739336828773,0.0,0.0,0.6245120865709708,0.0,0.0,0.0,5.0,1.0493035384508782,1.0
0.5730121306934901,1.0592913500541306,0.21900187448334185,0.0,0.8928466237421409,1.0,0.6289761606564079,0.0,159.2658974624782,0.4290602351666801,0.0
0.0,1.6006755799555656,0.04556020619438064,0.0,0.5033851728109622,1.0,0.6505615227690498,1.0,96.06403062044723,0.3885020240570367,0.0
0.48638924020392105,1.0556160691274994,0.27718257255163664,0.0,0.9121445947242504,1.0,0.550985803208171,0.0,97.74084019195497,0.29485032327253463,0.0
0.0,1.0212272141025183,0.5496014144825918,0.0,0.6045308179844858,1.0,0.7996510526430228,0.0,71.28484553769744,0.3601528938985743,0.0
0.06904107775878782,2.4789177364037736,0.027965682188637347,0.0,0.6274290133988994,1.0,0.9208986406596973,1.0,83.10517189822257,0.509498694097863,0.0
0.36554477713371053,1.5426456777661188,0.19348484180992384,0.0,0.6736816280519233,1.0,0.8390795817505745,0.0,134.3900765617918,0.47684287015824744,0.0
0.0,1.0335065141819682,0.07424051675411215,0.26823771269232244,0.9951936900964481,0.0,0.39093651755698927,0.0,145.36524053618203,0.26217106971222054,0.0
0.0,1.6008753359518761,0.1756664145597612,0.1601199157520828,0.2504189208145345,1.0,0.5695777897267151,0.0,128.89200750174837,0.3052045568931414,0.0
0.0,2.1013641094620668,0.6246991315159842,0.3409977782067802,0.7362082937888426,1.0,0.5715827729639884,0.0,39.90015604187845,0.4407729319151747,1.0
0.03788563585285079,0.5631793145572087,0.1080343072676601,0.01761299791452886,0.6761931083737466,0.0,0.3583048629139068,1.0,91.57179061482276,0.8115566364089082,0.0
0.0,1.1036950688371214,0.06566845552935505,0.6713412091798612,1.0,0.0,0.8440199129531869,1.0,85.51314574174741,0.22060311448100903,0.0
0.47134001926354185,1.2603469111212742,0.5285295340864171,0.5744419176586821,1.0,1.0,0.7096092822629685,1.0,63.47808966039446,0.635378848195466,0.0
0.33687280127885466,0.560646394679797,0.006102524739687948,0.0,0.5529410476788635,0.0,0.6109332229007993,1.0,103.41086499929216,0.16891899070423225,0.0
0.5136547672170614,1.5430532002644584,0.23022875567906093,0.7451915817598931,1.0,1.0,0.5224909492710271,0.0,5.0,0.5152271296402475,0.0
0.0,0.43733711339303005,0.0,0.43062526561692804,0.9969467654598154,0.0,0.45139138770142856,0.0,44.21218721164573,0.2592931022982704,0.0
0.23046936411860655,1.9174714526924255,0.08342000543280108,0.42769187783715856,0.35111606343177726,0.0,0.9688866988834406,1.0,115.38059549944431,0.07491982751400605,0.0
0.44443578998118394,2.4921022013158503,0.35394878172966876,3.7739612562015403,0.5497852218701835,1.0,0.0,0.0,47.820212974717215,0.35399311249717885,0.0
0.5029983625429285,0.32768073804572306,0.13704664686135778,1.0320886193762187,0.8949166543720151,0.0,0.688555312763896,0.0,80.94877125193868,0.31784603655833066,0.0
0.6979379993468581,4.631002645239803,0.30537637125615297,0.9603293904088973,0.0,0.0,0.9504269277661558,0.0,26.2334721139318,1.1844954864786814,0.0
0.0001423110760699342,1.7104408811526057,0.12340375063998846,0.5986141091266923,0.7583543484742284,1.0,0.7153763968219173,0.0,52.015509982609565,0.18227955207635865,0.0
0.06356257129761433,1.2659518023476026,0.305480488663153,0.0913165931974578,1.0,1.0,0.5812563341839752,1.0,105.17933025532068,0.5515883887536333,0.0
0.30866042425161944,1.8724960212036423,0.21427984620758744,0.49534796046407203,0.511492880509355,1.0,0.17530260732398062,1.0,9.399593152682286,0.23266694214315953,0.0
0.22547420761688036,0.0,0.2975656736847954,0.0,0.25876321232006744,1.0,0.713426079638926,0.0,93.93083343681043,0.7810847770771491,0.0
0.14077564534236753,2.487582033258566,0.6740992310604524,0.5553046148082523,0.592160760711198,0.0,0.7581579271813634,0.0,25.187302505160623,0.7438285759267675,0.0
0.0,0.676986929080944,0.3364959954522999,0.8118547730534906,0.7726555022294582,1.0,0.475584302275881,1.0,49.82868870352048,0.6806128119957681,1.0
1.0,4.372734307665966,1.0,1.2369892174743544,0.0,0.0,0.6614599044396936,0.0,26.614497003556608,0.8212709665642974,1.0
0.0,1.1362868870034277,0.0,0.0,0.8223167052317553,1.0,0.9955638477031353,0.0,141.82017149084254,0.5925198331043884,0.0
1.0,1.8742138456983006,0.7178206614466112,2.2399178953162178,1.0,0.0,0.0,0.0,53.08971009022096,0.3530126776902925,0.0
1.0,3.5246878843729625,0.44166908880342454,0.6533514712794892,0.03179486040339213,0.0,0.028486820642142585,0.0,63.150961319450346,1.0292699157958756,0.0
0.0694277845741462,0.4516490383643237,0.3640251730556314,0.4519092978024378,0.5986973917914797,1.0,0.6537077375283883,1.0,46.35014720986984,0.48263752133190413,0.0
0.0,0.6332745864716297,0.221566630251538,1.235482587685891,0.7683104662133684,1.0,1.0,0.0,93.42673860812444,0.21320272880562366,1.0
0.10139684568539267,1.1884381832973767,0.33304862372635113,0.49896352497340446,0.5886901515721489,1.0,1.0,0.0,5.0,0.4692431898167315,0.0
0.39577846756295376,1.5833828331060409,0.8359468304409088,2.1735001854522435,0.771322664047547,0.0,0.0,0.0,39.23337787025664,1.1872008002206096,1.0
