polysaccharide_pct,protein_pct,fat_pct,water_pct,process_temp_C,pH,hardness_N,cohesiveness,springiness,gumminess_N,chewiness_J
3.1384916195213837,6.873202383261194,3.192240948032411,79.29873664158185,77.73779736307333,5.225123850724188,31.950551911672072,0.6238706255583005,0.6896679558808588,16.367337098892953,0.014149448393948265
1.2001574452006822,12.307633823464588,9.094842067709635,69.78400759363272,90.39809556691267,7.342758178381425,10.97527156146365,0.5662015372357431,0.6296892677244204,7.599834706433972,0.005428170659348386
1.5996985297031052,4.55818801996903,6.417400164012493,83.39865343253867,85.09397031667484,5.637248271783619,9.74280711283902,0.4002769599466892,0.5769695687917433,6.237484401065587,0.0029860089292270474
3.6577576064542994,16.678807558493183,5.4014779357959135,69.48738115993247,74.507538586355,4.768979182549624,40.10000434804213,0.7553441083176585,0.8656291763550173,39.598083712572226,0.02266253092554293
4.482368815234961,15.854676336257413,9.405838378858787,67.0122628686298,66.50569013971764,5.643293329351464,59.96586804750561,0.677128009951187,0.7642585195288703,36.53487464166964,0.03554378153059021
0.8973736241762176,5.449432710431624,6.786501982461373,76.89455780735373,88.7620600149712,5.711576350978834,4.464869674674874,0.44437419634338887,0.6891291622838066,2.3005862486128965,0.0013166797850084025
0.6306472418003957,6.742627798394654,5.063252138231292,79.3099057215997,65.17215192069936,6.419117537405909,7.570256041612838,0.5685659951113385,0.621353926950584,3.870488280503082,0.0016111530665350647
1.0594600175267894,8.20469139003953,17.263398563356844,66.76852841457965,73.68763786822612,7.298625211204451,5.1790195702479895,0.4781097210635348,0.6547984650949342,2.004125336489403,0.001542864244807858
1.810516945095274,8.443258074853095,4.111200317409066,76.50665653968981,86.11948812551339,5.0948705595383466,11.631914030284834,0.581934246999108,0.6415488541751723,9.60243547267811,0.0050956540897529575
1.012400848769603,8.235788816273711,16.52255593212962,68.2209213276831,76.2278967138807,4.704251761700284,3.5715467596137667,0.42889552941952247,0.6120856694270891,1.8727368049591218,0.0009824689078273068
2.7727891252668666,17.517115496774643,4.744766609950091,67.18157543670968,66.61214009553387,5.275781654136663,22.375994461407114,0.7908219566103458,0.7829361907833589,26.27948990571496,0.01626013374131155
2.890591558059868,2.690843332873019,10.053059173950121,81.13247317010585,60.87544987177755,5.822280920138963,19.122153718952525,0.4713127798421865,0.748487649485903,10.385965804136644,0.007265451984181086
0.7426198549431777,5.980439804935072,9.948837547718062,76.73888484030967,61.3377634744377,4.416044141101661,3.0182752718916634,0.5353426275819073,0.6042603765159548,1.570409495607831,0.0011283008333749435
2.676070414308488,15.096981886483427,16.68598393194156,60.03944925352537,94.2050981516808,5.7409825472060465,29.106114818838726,0.532499709136766,0.7356673469552558,18.51209955438984,0.010114766793959819
0.31944450197922025,5.4659746050832485,13.83502579133936,76.44012667494394,81.02959785501606,4.648574968980156,-0.10947447810566599,0.37991480223682844,0.5825638997403029,-0.04006510251153306,-1.8714284295378828e-05
2.2535006375170537,19.040692400674892,17.821747767580533,53.05286683311383,87.99319691965432,4.487649300613817,22.83541279489722,0.5227939465811694,0.7329787024839449,9.129381243795935,0.006202732272934077
4.397613230039858,17.8258064198979,3.5276755176417876,70.52978485532567,80.78977049131886,6.121279887678552,49.51090458133268,0.7977526335924852,0.9327961231924506,37.27291255442549,0.04089771338667185
3.657599441496287,17.997568131660387,4.447101918756976,65.15978785600412,75.0824794105261,6.7004725320356755,44.482378991534105,0.9349603463543928,0.7634709936557597,37.17525382182974,0.0271292354500772
2.806653940157298,14.739086330702726,16.671593601705283,62.505170827151275,68.77864174040008,6.118890360831911,22.969688249229783,0.6434078515593167,0.6781846217279346,15.75390966220247,0.009939881980276576
1.6664685513474347,2.8790780280083377,16.595366506152356,68.89078110412645,85.71753994004926,7.274291362682536,9.631409124419621,0.41071576620392697,0.5545804416994892,2.3734356509211687,0.0015772762582565863
1.1666444278192274,21.26555891091839,3.1701169734132684,68.18369280307371,83.18055883334975,5.730214983075262,19.122722903359538,0.8521821197702426,0.6504166613895486,12.166306099610132,0.011106952909653712
2.1594473817899082,4.5429668662059886,4.947092894223041,81.44135838789296,69.82237250976009,6.350874475356397,16.476721111425196,0.4729046035022561,0.637018112691133,7.8087595271968,0.006886137789752033
1.467773878916464,2.689728481865044,4.644016986224879,87.19763199871278,79.11197218114583,4.382457821277089,7.674267983699777,0.4710426591342052,0.5018259392297395,4.962786153012385,0.0028103773348891687
3.9748229285301404,12.368834738626838,11.053126429499688,64.90898823851293,90.228300767465,4.5719749986957074,35.332788541900776,0.5823111309607044,0.768668430812387,25.35297445244865,0.023971902577343798
1.1952608520826644,20.330159755565113,6.960447049531176,65.91954290250628,76.60716415941218,7.062730748592299,13.898998016490017,0.5021578059792114,0.8382613528793085,10.408604191248468,0.00593647802879482
1.4518290178721784,8.703082083686716,7.021553994031899,74.7549603700549,90.79521293182773,5.613984429137156,10.583222639662427,0.6037064642630603,0.6608818276201767,5.275196435155238,0.0029873573398750556
3.690164343165005,17.549326681249177,16.299773026230696,55.36274687267689,86.64890515307215,5.454591790952137,45.406121469941176,0.8218763053786149,0.7985222143034421,7.828517544054431,0.022015635512599118
1.4271343690949094,11.548440921478779,0.9474949116177368,82.36425769741226,71.97587791439307,4.145265707474747,11.209668557876286,0.6249103395278998,0.6511112271326855,9.709709245508542,0.005065041314467792
1.4258640521840429,3.7141158227114817,17.977420524780737,72.00676181505277,73.63918517679886,7.175777674780623,3.597576121689283,0.32627958928230416,0.677383704851656,1.9739751563697499,0.000509521283090649
0.5977034937666585,14.780632699052504,8.884875121810737,69.69040438055706,91.660386092089,4.006533708326684,8.252641654312844,0.6128314357073521,0.7065093944868945,5.6442614206065524,0.003189316253365443
2.262277018066432,21.29847433215484,8.597114411469212,64.72400405167731,61.862658682079214,4.764240172096477,31.434289240240172,0.630273999893615,0.6944187531585403,18.74500101564873,0.011292333822245216
1.409662847749968,15.839315162399508,15.099293380856068,61.045712404563666,83.08467250705546,4.9509174806148035,13.828518524218621,0.5971497087516211,0.8104495403704052,6.35249381256989,0.0039048702426774853
4.033556559732268,15.374534264501158,11.251745055077318,64.12408391847896,74.14785114152421,3.9716603260571026,48.014271349833265,0.7021073494642787,0.7169891403666072,24.59281483466469,0.033446226360583094
1.502536912678982,13.869958398422959,11.353885135954329,67.7764962252917,70.85890217939087,4.4508956597551705,12.255686839290236,0.5444346106974607,0.6743923269729362,7.636224733440794,0.003246158292249273
3.5498211131338575,3.9873480236987473,16.383306526239288,72.84210866442402,85.18767164361137,5.770491556375281,22.317447078204843,0.5607179376043393,0.6811775611284402,10.495599850406068,0.00887881388194562
2.3464284164195983,10.194818997436425,11.334138173582396,67.18960814667729,89.30494383286572,6.673945405568921,24.182309611150714,0.5597646873854344,0.7716776521941588,13.099934802989344,0.0059794272938500205
2.2656799971253565,6.232756903198158,2.7415299213303777,84.15117543037147,87.92735126135055,4.629680231568695,16.07356217782983,0.589992441765057,0.6052023588796863,11.542725774617237,0.007987365125801331
4.352706874778008,13.695054431920287,4.877203482420033,72.26284953824998,69.59180260399481,5.6451252958030365,50.20246118592832,0.9161047445496975,0.8021335450197943,36.73314634990508,0.03645061743978202
4.072554804108488,12.373694755929844,10.266029165858694,63.66591012147128,91.55037961183307,5.7217903203086,45.715061541516825,0.5993185576371174,0.6473014226068151,26.243552179606272,0.023139368214473804
0.6319441318097176,3.019397740122867,10.136976781889151,82.9446035708362,86.28487915343885,6.936320406582297,1.9103014845102468,0.3906670658322777,0.5108762621642374,0.8613450221884739,0.0003574348692724366
1.3298579367647163,11.05221972341973,9.41344584610585,71.93404768262246,76.36895700322759,5.789963344828881,12.66460864615177,0.5165944925493945,0.5496977889832289,3.3615374650909056,0.0031093898328563426
1.076105730441842,16.89546765758674,1.476224108583115,74.61647777685754,93.24661149727616,3.880683899455015,18.32034771780143,0.6242529864452051,0.785949253000193,12.940114885621162,0.008845081836243182
4.102994596971935,8.979028220721709,1.4537459078096109,81.829014362711,84.77615134933492,5.183687252198241,28.958610170967045,0.658706772571657,0.7136329773998474,21.043509816452264,0.028390902218831542
2.6260945773247335,14.556132141395084,7.200750176219515,69.00850263820652,76.82281439556893,5.1528370024492585,28.62017397892784,0.7537569126632931,0.6577696035915883,18.664112885288052,0.012187290521700306
1.8609677194714058,8.917154290599846,15.375042611057236,68.24437432871932,68.9986074199058,4.813325629809917,7.908849651983053,0.42893655601752123,0.553897187363623,5.6648929710795075,0.004471422391414739
3.802367529901607,3.462338594022392,5.0483255013592725,77.9608007594778,93.88286225792655,5.754513730716137,26.044443350549944,0.6471516982912758,0.7997077596816787,25.487019578639465,0.013171161870121562
1.7648448293959755,4.45872942690339,4.289892792775655,83.21993613501893,77.0518290427795,5.360073683321561,11.704008250232162,0.5643319631459849,0.5391248567216671,5.516505200710889,0.003977795759944125
3.1629470183341235,2.354945040228143,9.511544447560734,76.39053335267336,89.16141958976756,5.688984256239928,29.189787449557354,0.5541604348376251,0.6430149844768762,13.768088547863236,0.007124129323272349
1.2590723929740972,2.7729974694661146,13.902064504631722,78.66997871405661,85.86402447477175,4.411476319469252,4.059755662694196,0.34719264956542106,0.600702849430164,1.0490986258222792,0.000759972307286277
0.40026361433774965,15.783339526145763,5.8927147351884575,71.94893070342118,75.52117213090679,6.7396678346799845,9.638314870213875,0.6419188355047925,0.6936504226020485,4.7195390812550215,0.004012788465181888
3.2236997306261057,5.967446409164223,14.80489684484374,66.52454018819121,87.0375548502007,6.8336531645892595,25.501697999779406,0.503907405363782,0.6749689923879595,15.60563798711807,0.00992989898029941
1.7147816162266993,19.276604890053893,2.305992093619812,71.53339514781571,87.45909605514895,5.959395373923753,21.020299277046764,0.8266803805250187,0.8406859701547257,15.415966308413285,0.011645278585015682
1.7363689104290365,17.374330063287896,4.433845130507001,67.05046498599407,88.5593486010208,7.374578678105921,20.48141422569144,0.7032668362156259,0.7617949904307066,10.256080596779327,0.012190240013429181
1.4585316456295943,16.718813857328165,15.598696056489699,57.18633865451712,72.33550922971735,4.3258792155229155,8.1626073070434,0.5876204002283125,0.7884445243514834,7.983147372594975,0.004544383487393351
1.3556436916935148,15.361519554483117,12.887343298008636,67.04732981108849,82.34240478342286,4.003123785486683,15.324202274417985,0.5149229495225035,0.6815182546228954,5.258098699017087,0.004162493401612348
2.694443221064015,20.545131654317785,5.109024344614818,64.18141543563146,86.81449523354532,5.4351592499687165,17.708641301784027,0.7658182678948877,0.8479050600587402,30.41211674901336,0.016581565902104127
1.7021961283528046,12.913390573831984,10.869018464808603,65.86574533460657,88.46329354535135,5.608343384174415,12.64609644829285,0.6461679508118485,0.6122815790219301,6.516158365576146,0.003300013561456027
2.0875107266129755,7.461767395613166,5.768172021895906,75.59737232702236,60.14947950655088,5.4385604044059885,19.019426791131387,0.5638349706760407,0.5640047414416428,10.031011754012562,0.006521982142137073
1.1481051849553632,16.056257568545778,15.821631692602631,60.65561917430784,70.01780028251511,4.850851287271415,10.132297901828627,0.4732968734297182,0.6496827753136073,4.641940464255045,0.003152159385293998
2.4216706179978225,4.636105670164104,1.0764526934459433,87.05628571121886,68.06230084780758,5.383203489736144,16.45362429957314,0.780390966566205,0.6452738227945757,7.523176041630685,0.007565549753715457
2.7586263534329487,7.9950386156953,7.544731023761296,75.85008262378474,75.05185221340568,4.497764060267693,30.249662190486983,0.5022114487923288,0.6423253112459231,13.149717564041655,0.010743071304340423
2.0652606757710936,2.312009599545817,16.73631592739651,68.89789432640785,92.66986811655823,6.030627150523516,11.013047535030442,0.4236578379251662,0.5351405965228754,3.4669306649573155,0.002017163324371293
1.9944768375993946,21.212344344723192,2.928926881115907,65.74948032771302,87.64527599777203,7.1041005577672784,22.232373733929183,0.6442506344413272,0.840963516960177,18.399894876264877,0.020308780897342883
4.264559830113755,7.866881150670786,15.374236592572117,66.16095995568266,68.3072869584746,6.326430795764649,39.58167615364995,0.46624632454486076,0.790617333631753,30.989613683063194,0.01890426087791879
0.5024919903128966,19.141378577742735,17.86025299875821,54.86371484115161,82.26865980743091,5.611946645530708,6.2696606637369925,0.4985498009751227,0.6109983857695871,3.7157185282002687,0.002746221650187827
1.6695099201611105,19.89527496084095,7.668535221446772,61.150305389585576,89.19007483685982,4.170915848841778,19.30652065529556,0.692755872254447,0.6555869396262349,15.123572497290425,0.007922714891672684
2.4795115883903995,12.085621575113539,12.789047576528537,63.2153203351989,91.6349551565852,4.61061818399065,20.713918708721582,0.6480817719098226,0.7502652425711979,9.925671318400735,0.008127566471642221
2.813507463952945,16.992817389771965,2.362598757896643,73.31541085202673,68.15159071539719,4.443439496880998,32.18569103658675,0.8573495160752311,0.7253753509666423,23.761956332530584,0.008495446958809239
0.47763944614068765,8.226629449923152,1.8197089717244541,80.03406508081787,81.82901304111846,5.578111250143571,7.618176384883099,0.5765332536449207,0.5631259915210908,3.229155420407275,0.0017304110321427703
1.3132785346509928,10.178548799642382,8.90763536706746,73.03467639029517,85.84325520786788,4.719321572218209,10.452319070413562,0.6187078024379404,0.5976994134394019,6.371958921324836,0.0017759381729035757
0.5278766427022017,20.119469436191046,16.98619662506568,56.828671454502945,71.83304584216935,6.9704772621720625,11.436604642986289,0.4691412254724944,0.6729814871017826,5.99414319573359,0.004034583189496194
0.3324691892896459,21.184109044423746,3.9181425371064513,70.56426515082163,89.84887776999204,6.0461127548864635,12.01615681697704,0.6274457589566738,0.7181534473845892,10.168255446689582,0.005510552788099488
1.6528107032200867,3.739529209540669,2.8781926037123964,84.5300513998015,76.87303805747297,5.892954468353748,10.459738267486195,0.6424672733218477,0.7371882353856591,3.75139963813763,0.0037414327314316325
2.009394584150733,18.273265458875727,1.3846286195538675,70.69397174288378,77.69852382844132,5.836919732287763,31.947662950537378,0.8053656100996666,0.6371493706175299,14.257160370964975,0.01270372983216471
3.908532281969464,17.928359924755025,15.554766854709595,58.22340091253393,66.67739176604512,4.264993879707652,27.263325568283303,0.6297615532198891,0.8194336390894695,15.85126360344621,0.02195336745603726
0.356601106072883,10.520869610182489,16.93512052997856,64.30896685400424,81.15045268956615,3.8702547534810376,2.4431566179942745,0.38182737506487285,0.6569642902334983,0.9580386281656335,0.0005453733223424992
3.3081895412882845,2.511248660284156,16.785341992836326,68.16255685627775,70.11471092169309,5.442270633895118,19.775557112997262,0.492014511102457,0.6558292549412549,8.34378709222068,0.00773327348099587
2.219204703980076,11.164576087412602,3.7221759225046904,73.35208939198219,83.50416305372069,7.3947416886694315,23.84568962566058,0.6564002202497913,0.6672203800740935,13.822745382275667,0.0106717646193561
2.774115053574512,15.037384942151544,6.612506364869566,68.07236673496988,83.14335200613195,4.514764396611958,31.11711780686003,0.7592256226771478,0.7470282351600379,19.173806047891347,0.0176586771797392
0.9148565605401873,4.9114721995178305,12.377216304188225,75.96588087677866,66.78127744869728,4.760337784894592,1.8318888872529466,0.4178165739301989,0.5671107741265808,0.9778294574184222,0.0004767626333857319
3.6682278107879713,13.314628522525734,15.194122241676082,57.89236998441897,83.37171410371553,6.402655379256866,37.362232607008416,0.6585098401074204,0.7167224546950647,27.243908413269153,0.019411907999275318
1.8930722228074115,20.145459759200445,16.949772927567686,53.35243755373017,79.42260884614285,7.053087653671241,13.861770569050911,0.6080290185098101,0.6753641416959704,10.224849373889706,0.01052943494409063
2.021225850429924,4.920085010845499,14.152678540715844,72.02270102247935,79.5487673584309,6.352298082069799,7.6448241390319165,0.5153168954191761,0.6308179208946787,6.058459029339337,0.0029469650355716448
2.6764486648771544,15.667686937804753,14.683877191686678,58.34010633703032,83.92630280795424,6.807298241309261,26.618257341178133,0.6647270666886527,0.5551383396024661,16.565617180264127,0.014249667676474133
1.3950074206561822,9.809531151489598,8.513801602924644,73.58493439820407,61.544243451650615,6.7320528712458785,13.890994847438051,0.5084347196301832,0.654177482148541,6.528479248845937,0.0020593275703979534
2.132705494994723,17.38306540113888,12.206831544447963,58.51562086546699,68.47418031195456,6.8833188309791264,22.986975737841007,0.6891391739871402,0.6307285818469798,18.552529831530233,0.009589211797989605
0.8662392068232119,14.252401022063905,9.733587924208738,67.29895295551758,76.33382711690484,5.738225097558523,7.525325029800661,0.453385307922677,0.6258144638720884,5.853999907787892,0.0027067407707860166
3.2521428649575883,10.167001014167283,11.328887435001992,67.11724701949097,61.50486807664921,5.491323478442071,24.928104433946185,0.6103097558440079,0.6003404184297552,23.810490738017336,0.007751593971326442
0.7223563301409239,11.902618847208107,12.339552449967536,70.13165594834706,77.16334713494626,5.199680384510305,5.4392103624853165,0.47746182151599514,0.5725235798016383,2.2850162859559546,0.0016206683475505006
1.4739745446251002,3.3436390379389684,1.3500416787754,86.26375874435816,74.03438630585225,6.123540774972442,6.552742370923335,0.4473726981207678,0.7333264572573677,5.3962582267761166,0.004429283590686539
1.2177865677981004,16.985817649470462,8.23802169847878,68.92794208352649,86.26885948263582,5.771694597617626,12.511313752583032,0.5660684041683239,0.7428133270401995,10.469226542207778,0.006427389075633851
0.8528318908850219,8.527498309520563,4.555635763635665,76.23894849862685,87.99389876943745,4.370075144287015,7.187274839674442,0.4524911741157127,0.5130990113630401,4.400059761895839,0.002840148224825884
2.6061827938918194,21.333864605163104,5.532740443999632,62.18356650744974,79.03984706956709,6.143792409441878,31.310974528518443,0.7336774612872963,0.7366874943630661,25.333864547963742,0.013793133437478487
1.1272200569683735,19.600559287535194,7.0695968751787435,67.78641368610076,91.55982163568547,5.202925008110858,15.99185928233098,0.669403352985281,0.8210912494554481,8.532081989325297,0.005994477325141766
3.454912140980985,4.535827073558707,9.748768936547172,78.64614831933447,71.2689257616325,4.070632229774528,21.793580478353782,0.4818155742335731,0.7085671192841755,16.702183051883953,0.009090441699382359
1.4754653834087657,21.385122892132635,15.489504052938647,57.20890771203263,77.33287192409419,5.692431624423068,15.697899487114672,0.6600057786972631,0.6853334115883437,12.785154460638015,0.0057682214014140075
4.3656340075305495,9.343705607260478,16.30180447974609,60.66546892250433,76.0196594419044,4.929819861124748,35.32067826687035,0.6525898286995762,0.7825755736290021,25.98608725118563,0.0171942696987941
2.6734734210054687,16.160422271576962,3.1773356590335164,72.33426610931996,75.17553531472828,4.507662175119441,21.3779498702097,0.6320999178219174,0.7169120397512115,22.027441521300766,0.012516288065566402
0.6694994876566881,20.354713307862077,13.113255195545749,61.253178265864754,71.72021154074642,6.289504244054303,10.73274674865688,0.5351419483287687,0.7272345249653157,1.777578659668028,0.004311721894563345
2.904972704954334,6.193405022646262,17.717968169136075,68.5018396890944,65.27475289235264,4.754133362926963,20.31009651271378,0.5756316917707377,0.6008805760109823,11.642081366934905,0.003339221545978792
1.17788089716396,7.300876501572819,15.247214946947935,68.6730989394867,67.73711724296768,5.640395747633142,3.5412246429708003,0.46030204026775207,0.6024710192850578,2.336388103400329,0.001027430160542773
1.8865398666053836,19.989391209626515,5.920785355734651,63.967663652425465,93.09515231835462,7.387316678565805,25.763695114298486,0.6499805764809391,0.6178391512806737,20.4346565081422,0.007137664296770855
1.1716690951437534,13.31254849537367,4.5658271085882305,71.65234611005978,60.13427174939946,4.332915855467764,14.420406452212129,0.5438389985506393,0.6342308605311616,6.981407374058659,0.005936199759127453
1.4933263949207582,9.839157898136467,13.774742198837858,66.17748309116011,89.43734839201407,4.812405512260368,10.622329529581561,0.5055098047100935,0.6863869440932386,6.487668719021082,0.0033550485362871057
2.8756483818478635,12.067589366468123,3.3348368556123056,77.90226018657998,65.85502029774086,4.523273432926727,30.649014659910996,0.7577342772338281,0.7234382001231525,17.86978223443039,0.007839917710035303
2.4229523098235424,15.594273219015307,12.839525814063837,60.35185224478927,67.73571661320116,4.08040631034303,18.59152511665671,0.6467596368962544,0.6950918240619928,13.234369749046062,0.01076157120031991
0.38239984878098615,7.601375219454634,14.066132842787562,72.96192180619876,79.0144502992638,4.351140168268733,1.1709051357955658,0.42215193617241925,0.5252359206265631,0.5899447101567759,0.00046833944332009777
4.150281753208122,2.0800349997405725,9.731549436730043,74.93889376203657,85.72671999943238,6.280927415951133,24.99823219619965,0.5504036612881984,0.6298014980254989,21.400745266246332,0.01359907822827266
1.3366657683942462,7.384509885416378,1.9740070191882975,86.10048731317575,83.72029469352938,5.861798033908345,12.345123951074026,0.5259765287978955,0.5829490583253468,7.1239967141883405,0.003635059034639305
2.3402971775414665,19.81410226349292,17.710546222776077,51.44664231229514,72.47561005249837,6.358879619943958,20.84723299338939,0.5657840028666009,0.6730332844741459,16.380191237171573,0.012529301902965601
0.8386905038670112,9.11526674718601,13.700243529141144,68.7923196971479,61.75208648205849,5.675299994740912,3.775067800408001,0.5049869559581658,0.5015806016286734,1.776453513141887,0.0010635455365792064
1.9108096387645577,6.883442941948117,5.993093446896994,80.22033441717016,88.99503174987484,4.736929061308966,15.09110167763129,0.5158759998894448,0.7285130770518256,11.437269006105872,0.0028008153182791135
3.585778419729626,9.480593071351143,4.467607312756888,74.66762227390768,60.26422084394567,4.814387950975197,31.62590820225845,0.6722669499964729,0.7777877759002524,18.36516174924596,0.021491829999514617
1.304421151258947,12.602050553523698,2.5181348821508,79.3311820291637,60.86493541746092,6.795642834266742,12.918053111620665,0.6801843233490668,0.662165637667987,6.870046306126055,0.004463500629333594
3.847111476164989,21.4956217715233,2.615879059204237,65.24104698119936,90.23126783387227,7.247199499586353,52.7083641878028,0.9276582476705867,0.8170578355389463,40.30197778334005,0.04649261430432317
2.8791330659262595,14.728068592182106,15.73969988603275,58.39848452575569,80.71225721944252,4.563566775957407,24.93569354635959,0.5573782538712884,0.7095520365544341,12.947871799064568,0.010043866701572292
2.9617631141040905,3.6988077302129656,16.786491128063037,69.05914884583558,71.45041362987101,4.432164063563359,19.871912783277992,0.3750747498573617,0.5837357956011624,7.465037933226803,0.0066426656173480215
4.1013132275284985,19.440897577062735,4.294341715707027,69.05442134431382,61.95609074342288,4.3953593862485745,60.63539541553469,0.9026018689818932,0.6411210448095758,26.75979046393489,0.03161645133481384
2.4406566799554086,14.870675379274616,1.8930195541636736,77.28847910504577,77.48721567531597,4.994800074990155,20.551990610637215,0.6054991443068046,0.6819932189564022,14.937248277757112,0.014038628064101902
0.8827757232644453,12.326479033689848,9.509468406717305,73.93195553047691,90.7728332992096,4.49593459465302,9.066736724550784,0.5224742031431957,0.595001976178104,4.503807279936178,0.0027174271496850037
2.990012253344799,3.2732407291277026,17.033807717089562,73.65209630818765,77.40612020842222,7.07227174293436,21.68864258900877,0.43787846173850314,0.5717275500661921,9.729036577853796,0.005096578274670829
2.964590207670245,6.339477325423524,1.5920715256405267,85.39943819588099,70.62074410657895,5.6656370925250155,26.0470467253197,0.69149210407161,0.8176976865747658,16.280024368624424,0.010063783962611296
3.660286261297793,14.928528690664365,8.438230593728857,64.35573137752895,92.42178408361698,4.4808077425225505,42.28832865217991,0.7375417235286246,0.6855196873462998,32.24240801524515,0.022883727772737193
0.8314773424708315,6.9223449954980385,2.9326075258421116,86.28915729934478,80.75204938671351,5.670430761434508,3.9349429497701194,0.5848275309230121,0.587099088369744,4.095990766761141,0.0028410253130551426
1.2156959283032944,18.28387384822098,13.263105429704357,57.79025306314428,72.32465827801244,6.2831341468508075,13.55563346789919,0.5889156054370306,0.7162566503804636,8.008610760010034,0.003136000679700584
4.216796140033205,6.079923038400713,5.8113555491112505,76.54843145196521,76.93395427528276,4.142310110139609,43.217030507262656,0.5979653068510826,0.6565953641925709,24.6949099233346,0.01831111063905507
2.663789649346838,16.898009529242927,4.251444225260482,71.79543477862222,85.88238864363021,7.399369781444838,31.792126194458554,0.7443463844369251,0.6648981447110075,23.900017379980714,0.015650700415136682
1.1566145776529182,16.303200472890616,4.99650148488496,74.17192834020292,89.60878366848246,5.410350081220157,17.457674540117576,0.6028816213139807,0.5917239295653918,10.999686531862144,0.007207308361601535
2.0800199178856595,8.205709846349787,15.223288637389537,68.79696367092947,84.47772204999958,5.586494938366633,11.973558454344674,0.5217477478549403,0.6964018297430521,6.708299079464777,0.002998169264399708
1.9438960380207746,12.841465558779177,7.960187289721543,72.57719314224418,60.79526229090592,6.52602270849396,17.3336067088365,0.6184644293079019,0.6134858194093188,11.874557080368236,0.0074320921289571665
0.8474240295554702,20.536231945739146,13.88511802961973,57.210885096618945,75.38468446454928,5.9876883058585495,10.018334963230156,0.6663048603657219,0.6439393272277122,7.329857705791872,0.004586749473693306
2.787439419558476,7.033200889974987,6.915027504365248,76.00703879153085,60.21018684952065,5.260010367849177,15.544137753446627,0.5205161989398449,0.624170623038581,13.387336576945733,0.00957415162888309
0.518121223459015,18.06047187928286,7.186546108078332,66.41269587581601,82.68014727834529,6.327277056595561,8.237354002124082,0.5693079538473884,0.5748251362559568,8.320748266892462,0.005051168954095145
0.5510420666336298,13.790199129384467,16.44838311154579,61.293317677533054,61.99541060020781,6.023093754135827,3.1874753611757827,0.5311754776520425,0.5800316072819844,2.0848305332521244,0.0010024372597951035
1.3870803838502315,6.490921658481772,10.358403190298596,72.40949878812276,77.34085448252614,6.810638485273768,8.30130175130941,0.4253631673167152,0.5891227024416139,3.7820935851419417,0.003696871885162934
1.853893075756383,11.742797967942487,0.6272849138135455,80.30835151908306,67.48762952312484,5.051906924513145,17.69238621282823,0.6184958439413369,0.6942981668376601,7.597393561501661,0.007286232303624981
2.6655928351678777,5.770037227875102,6.200914467396106,75.80575628427444,69.91607101042283,7.18401913091681,23.080225874750244,0.5035859166651793,0.6628447760535172,12.197118159012335,0.009051118823814206
4.107397780162063,12.749816900609048,3.734791469298209,71.28082124587316,83.05049076491518,5.848014795879254,50.0038795665782,0.6805365619944981,0.8871295659360006,43.20826943310894,0.026074079535713494
1.2689805468861617,13.81337201848317,16.38007056643553,61.541530289575675,84.12793841681395,7.168931719659616,11.568499216408105,0.4626646728537882,0.6960613395198949,3.438785701884895,0.002842078006614197
0.9269933720783168,18.15783763018826,2.4779748052008514,75.2299479524785,64.93854024667682,5.091490923498256,13.155523142724507,0.6899320296384113,0.7491339824873329,7.53314687021454,0.00602774455264494
0.8633010590686878,16.01365098170254,1.320689554658732,74.55626766701477,81.49022241978955,6.771317831447455,16.367784232350946,0.6464682184976366,0.6504857109364511,10.603306573016539,0.007078879374129767
0.6084691786957499,3.72995214107301,11.648335394226514,80.50759271542063,91.2288470549739,6.914545283417279,1.6026468634853392,0.44058407926237037,0.5471110192107793,0.6445280510206806,0.0004522197139487685
0.9508335395340217,16.710525648993368,10.625612375314647,65.31761667193858,62.9737393882454,3.9300491777714415,10.845307201741416,0.5582341015401096,0.7765502238593983,4.826995792927554,0.006490775001985238
1.2245058323002245,7.885829691860344,3.5538774014818024,79.66449508690471,73.38283041951048,5.717026673490571,7.388000434073917,0.5700047777471767,0.6190055709317753,6.94390473295167,0.0035959943400895294
4.282240847487132,6.983101439953974,17.29281744063719,62.60014108132372,77.9352901436012,4.761531698393947,50.38203749562158,0.6413447222066241,0.5972124861857888,21.187935725027806,0.014953130215528968
3.9691826462314364,20.037327297836235,16.628832850394332,53.55655387408663,64.43547251963045,4.351162035580506,47.04149878209452,0.7771001108750011,0.6762580889585269,33.52134972354448,0.026213917427105896
0.8915215332185573,20.545582807238386,9.047514283777746,65.85412339295989,88.64602708919041,3.8025761255591104,17.57934882747599,0.588606452750778,0.6963744625204579,6.597256179278815,0.003749512118450789
3.5767895334304676,8.13034256503396,6.998866524074189,73.94172812996423,91.49597110229824,4.188757044192794,31.794479187376695,0.5936822036875925,0.6432804323749426,16.364612075104162,0.015203329798547592
0.32744402484867824,5.873027644473462,3.5310008183809836,82.68105398301807,69.3841397298183,6.7887237677712555,4.642349097902402,0.5416993647021086,0.5708925330163184,2.6966150690259263,0.0007451076678569578
3.0885788821361664,11.701524645316812,11.02528046171261,67.33840944537788,76.48588401834763,7.052239331500863,25.361964654824273,0.486547886630994,0.6853458073056112,18.263401491549157,0.010971078959673627
1.6130756921447145,9.218372952066748,6.057753965736019,74.44795985195339,75.16740600163413,4.62835704988777,11.085937308459485,0.5316609254058742,0.6197922789884199,7.109964942089458,0.004081525987493584
1.8028158822024614,21.46761970981995,14.176390962044662,56.619557558862496,85.39165842298904,6.822379326292267,20.605207876363263,0.6213089586408085,0.6810967119065432,6.931030719416797,0.007037218670661301
1.2473850024542,7.090435986506652,2.69800062908562,83.48314208690134,79.07508390705178,4.344522446310593,9.640123175102612,0.455280341069741,0.8051395771160214,7.125639894805641,0.00334855898781089
2.660832871098214,19.373854870506435,12.453521362770335,61.114235350671606,70.3128011603516,6.2388924032906905,31.00228198412834,0.6751201226274286,0.6481930648844703,22.979213218240627,0.014703770869154028
4.2076472803314395,11.39418037413814,16.985829085194887,57.480219185132746,64.8921199912577,7.195300515981325,35.837385879300776,0.481763652284016,0.7809844627829479,27.69210400598561,0.014340118855588535
3.7827017340614244,14.443829138543192,16.87254370035727,57.98341924614201,77.61301333139164,7.385891178592958,24.94238041072166,0.7619497370555215,0.7343978209149747,18.937132520656803,0.015528352324497419
3.7242011808566327,20.891152389567136,16.197106573308716,52.90267250350008,93.2373640075925,7.2346967957561095,44.5617285561038,0.6834452853996058,0.7689099758466137,31.15730747588959,0.021388893300052825
2.4471152152408044,12.053677056681057,1.1916600242232795,81.15732567708493,66.6950262172728,6.491655736968467,26.530146495472213,0.6712923637404973,0.6542759298272968,16.59005003015951,0.0073462947927923775
4.390639084929262,16.767334693080095,0.9127140805221188,70.6231103094735,93.16320113587666,5.042422231021128,44.69371657932983,0.6724520902416818,0.7750498360645479,33.787905374539285,0.04397576824419019
3.8251467614612533,18.36647646876095,15.913237747669386,57.25539679231226,66.9290426450212,4.603175309027161,50.97503985285271,0.6736882581354412,0.7704792444747539,27.097744698474592,0.017469569425646477
2.9324682219459537,18.751414516207873,1.3436771480408267,72.61051550490771,83.80479061333719,4.345413937935482,39.02753114849018,0.8947084959696195,0.6653583547787949,18.452385170078912,0.01936487801924802
4.034404332389031,11.52854761709128,16.681447077208077,62.511226305862905,61.01135381304466,4.204726303721172,50.28591688506397,0.5569003580152502,0.6797147126579659,27.946965858873334,0.0128783607293601
0.667597311049827,16.71477297199402,6.336621442053636,68.35666525719878,81.18653864127792,4.070276449425469,12.422989514748291,0.6344065193401994,0.6853933093723438,7.900685962354475,0.0034121425824323506
1.214291421117034,5.03474741814274,5.287833414961084,79.53722558216252,61.72406234021725,6.573056879075285,5.876432257791015,0.5592422570151824,0.6815161176909624,4.242180783715783,0.002403693792407677
4.111445013669993,3.0165835989514904,4.51520301558722,83.5249000286923,68.48125622001618,4.008123584333479,43.08467104460993,0.40043325372649213,0.7567678356527086,17.90457374802795,0.016709455453469173
1.0568013411546937,19.873299719159053,7.638630991887549,62.90797045583165,70.0854763021202,5.567274124488277,13.052002212011196,0.6293686642837646,0.6400638901196996,8.999350897161145,0.005600150879167172
0.6498869798226111,3.4943231032742066,15.430937093812332,73.26337611886474,93.10497741957991,6.334184741882007,-0.35222103574869706,0.3739833749382392,0.6100323817620961,-0.11636643903192265,-5.7335425501462216e-05
1.9379209539373745,3.26637516292073,4.822773006890259,82.37085612372684,79.4503360806349,6.263236164803901,13.865610028423633,0.4814098778031803,0.6864639852369238,7.293535781279626,0.005020088445475077
3.31314411266469,17.67926144959937,11.00000007087084,62.334871077621095,69.60697520867826,5.398700687533717,33.41325047938036,0.5865936147311513,0.7532395195696401,23.250250342053153,0.017385681559561317
2.8002405104675128,5.2927373310425745,6.467577210479268,82.22226422265481,66.54429490522384,4.133037054519904,21.808911164761177,0.48413728961304253,0.6339747194954918,11.28679249453269,0.01141619724888717
2.535775148330524,3.4590971767534078,16.67298050003656,69.20075919679265,94.39303972039359,3.85689452605937,13.382228696063272,0.3319639757716867,0.7465471184501733,7.419973765624913,0.002724609655140652
3.419291258377292,8.4235215043255,15.023169491552906,64.97927643768166,67.45047304926184,5.802926178286428,34.1641594652332,0.5806460783664054,0.5798087035485504,14.848239887400087,0.011965526615681824
3.800518372711771,15.465159269593588,10.17366806657436,63.615953059234705,74.7585728845976,5.363430510210778,48.407288915660494,0.7278009299146716,0.7228291278038412,32.94771445478006,0.018931077817283714
0.38827744435644457,4.443486157880093,5.61653201801858,81.20810363905701,74.77156635976286,6.209652661724396,2.5238929592787867,0.5112613754509303,0.6177542027598515,1.0860510489288024,0.0007530696848351933
4.068027959986199,19.263756224680947,9.749286421507023,58.450017580135565,93.355723944067,3.967812248306865,48.102134761728415,0.6913339144035262,0.8252407800157885,30.845482308243728,0.0261069908898751
2.829416669660993,21.44786284714787,12.113471009912727,53.642417783126966,73.48508701072998,7.12365757160482,30.761537920912875,0.6322287075480002,0.7112051570056235,26.776264868764287,0.012240016631960475
3.981803644094086,14.953931989435672,1.4288579501343053,75.68083435859002,79.96123349797823,7.208857906508931,46.62565386647938,0.8455994424364565,0.7918697709849365,37.52350970074242,0.02681751666547099
2.357167556746386,16.56282417846519,17.601757242311386,57.862363116980255,63.960511469842416,5.518249905495929,11.503253650795957,0.5786189349240325,0.6435988138031031,13.959015080923713,0.007796004949737839
1.6985516434397894,5.4753809329296,2.38999407125109,82.15289040705157,62.01166690987727,6.738491385802233,12.123555775602556,0.5646661607446111,0.598015525912951,5.866165904263325,0.005963775747588225
0.8606409504660744,14.715993973584254,1.9033132662864682,74.23632122422151,73.22234481339932,3.9243304511782986,16.319730743932453,0.6601518886021316,0.6758280562411263,4.481447753456825,0.004809652643630322
3.397469711975777,21.48310474039811,15.28513386178983,53.886411333667226,66.34957016007279,5.265425127324824,37.193724364034075,0.6353168399223128,0.6840644130746734,26.669200418829107,0.01659120580507575
0.8031441828990493,20.530642866107762,3.1255912697208066,68.03209957759945,91.6215012182125,6.404610799685543,18.846558895750036,0.7033071441324313,0.6932487116595848,11.264577277309948,0.00743789991070549
3.802963166226983,8.862019493574206,12.756477108598947,70.64079380019004,65.60965505343451,5.825385380002841,32.07658109271834,0.668690083079058,0.638994794917559,14.772948703147886,0.010098777068054154
1.0476852955081815,15.914910846138657,13.307674898494795,59.989947454734654,64.07242415278154,4.7780906709434285,6.331827004245834,0.5549182592718779,0.7335916210861466,5.808808277981807,0.003086132641765789
0.5954543131130188,5.348465641621696,12.23753713777552,75.92205527731934,86.22142596212589,6.50628562466904,2.05821542302322,0.4195869439848965,0.5525522354532673,0.8831384016830607,0.0004444775992421664
3.13374277215736,14.280792148797591,12.017615156586468,62.19962409464109,73.94958197934528,7.166839483616379,37.83267510183251,0.695728850747732,0.6562445150612853,23.35542505105179,0.01391348684167539
2.4670738126175586,14.295775418254529,10.722641831675038,69.26663419704964,92.34897358225311,4.738419881128364,25.21013467426342,0.5497263754895174,0.7018907828781273,12.615349943973989,0.007716637319830196
1.061145248380569,6.01814603901236,6.680297050754211,80.12995377794593,73.11795407140718,6.57339850392524,4.078689233680906,0.4489434115670845,0.5791221750092992,3.6857086897826625,0.0013974848303637117
0.4615147828781463,8.518219537162693,7.675741838166272,75.98845310582227,74.77384565262602,7.0556908482033,5.0954584940251,0.4973731338401611,0.4984615868286085,2.078543984504602,0.001663804877180021
1.4923909390915258,19.291520182705092,13.91285225120445,60.622854806487375,79.81617803388937,4.867982114953467,16.64860246014156,0.5412211719584819,0.7015739289859905,10.802334979245115,0.005053496879948817
3.9377299358909714,6.481702111115958,7.086762485148191,72.89050055178103,81.25357653568575,5.523055553163534,28.389992288377012,0.6110982340307362,0.6281731556536821,22.55315994816934,0.009093463849657693
1.872710632460837,7.655812013519861,2.2844436168496083,83.21188134329225,73.87603446092841,6.548157752290846,14.977214609759063,0.5469156694929541,0.6318030071578368,10.85261358157255,0.005935827982754086
3.538394232896486,11.241365354975146,15.480233267105996,62.56886887708278,83.83100467441675,5.368976635551311,26.709054628691515,0.5640291262803482,0.8363488224160334,19.706486094015247,0.011072633663986515
4.446804466976742,5.948327959001123,17.089359695798716,67.0396983286435,70.75289736112667,7.071698496741735,52.956209130827254,0.5759455100728226,0.6976664500226863,23.657518878532873,0.013706148943436754
3.713085838389431,11.66651910261197,7.958665676311501,66.76843748438436,81.57219327170708,4.117279958473451,29.852416565010586,0.6574222909549676,0.46330351153058674,29.399171244366425,0.021107525817549575
4.4454013829500845,9.027659039931509,6.256556243280961,75.66953624978981,70.54332632499478,6.678166305693386,51.35258352401279,0.6437365030386463,0.7180565860666264,25.460388172304388,0.019862172161588105
2.341012616016299,10.612127717429537,15.02960815699968,63.27865086088137,85.86999976896288,7.127122158622001,11.26728471117375,0.5098359142122397,0.5781597104452784,11.097015617759702,0.0074111083005112734
4.295744969882742,14.300205345296538,1.772285850390259,75.0109755666847,61.96414966542768,3.946252893771704,47.5529789893291,0.7262887503658811,0.5792678296859871,43.84507159989413,0.031006686836159054
1.1216298477711883,19.25631002013412,11.222365055185474,59.42220797902612,82.83074052972646,5.652858250857278,15.653275563645103,0.629140999536911,0.7030367096062643,8.464488349990525,0.0051385153668333915
1.1023801130705237,9.145484341050096,11.276586945090772,69.27063163419825,81.32539500605,5.50051065918874,4.498803929918357,0.4871241693777393,0.6075713214148755,2.6085981572520067,0.0015717232249466587
3.21722370204733,12.25286554848692,9.149365164951988,69.73660696084775,87.82388024074443,4.136312603582606,38.348798819897304,0.5844368028909627,0.7381399751572207,20.922628391097568,0.01781076804860483
4.359268657337369,4.041202912727805,13.17611239264572,69.59833982891355,83.1408031229532,3.9470869711473475,48.50644159944774,0.6061826017504681,0.7138586913826029,22.184714446769323,0.014076182781953182
2.9962728998797203,18.328578755267323,4.318730581705749,68.00685283887428,76.65179754074616,4.3456279805765545,37.063215621795685,0.7064624006627027,0.7339621957765134,14.597105497391611,0.01985791864797616
2.705400093453605,9.443556136163892,17.807928664057403,64.23095783474818,64.77321211030078,6.986424242868445,24.444645516758865,0.5100487018811994,0.7733903514368554,8.84587222114593,0.0042145939219520225
3.931760382034121,21.54201341554651,5.375347760004455,63.7290411813363,74.51303714794436,3.846066021083766,49.51619971916518,0.6488447532687512,0.8078474338217468,30.034533201871394,0.02777187848198667
1.4543430769274492,16.91568084983622,2.484962306574057,72.6984661924971,90.65052809387696,7.197029982982686,20.588283595822457,0.6125855605589738,0.5442850762647066,14.95791295525764,0.009116338515732772
3.999733908539747,17.157710005274687,11.6802486335847,59.88409833883821,78.06108580391536,6.056930898327256,34.52353727429484,0.8571664848814469,0.5651819936310369,26.70873024256426,0.017475496064590763
0.549163074451931,15.46973908649584,11.591176867209192,68.02330505481298,70.88582552059779,6.273344518111995,6.3780050688571155,0.6680805629366314,0.6431202612685075,4.578002561499524,0.0025706888214966136
1.1999619318085146,4.251383843224599,11.85848399857366,76.15907859075477,86.02092287168702,6.134403336737947,4.894818305310157,0.4405089964315988,0.5382820158111326,2.2401896846312304,0.0009191020773562684
3.710191517021624,18.66328562872747,16.119178686615463,56.78479963096834,92.61184779782113,6.458212506257347,28.057482142594147,0.573569546294293,0.7506673480144597,26.96865487291642,0.02752911813841476
2.6504886181140646,11.42588914000967,4.0268372473736385,72.33929108192801,70.00239117503328,5.996710503319232,26.71047311850068,0.7246903948264158,0.6276943481010377,15.304287663389365,0.01109435540084291
3.8153528397089245,15.749717004716572,10.85364073562672,60.024372524635915,71.10095528705605,4.524485625880293,50.3667036208288,0.6078905276519696,0.6495984193514395,33.02879317130954,0.016279418729977235
1.8983393424919268,17.08473906341086,14.369491577041208,61.1741060634447,74.43371693492932,7.064501036735203,15.632781057122788,0.6687581022448166,0.621624324898513,10.51083331826278,0.00576137662825917
0.4423750443781096,2.726643614824831,6.426380167927563,83.97336223928538,71.00608815615502,6.699013072060081,1.490605337605073,0.4242338981133007,0.6285649705176127,0.9216382868678367,0.0002898650228798243
2.7436892745617487,20.420420807468332,17.761757267631754,49.527313652498954,86.84308378839299,5.038358097685035,28.357908749843173,0.6047205214626605,0.7462480521284223,17.52193598784955,0.009171593968067188
3.02077756510312,2.0391111496870877,16.921255025699523,68.25322254037066,83.36955400998977,4.994519811795423,21.380436087122213,0.4251301337022104,0.5810856902985736,8.014218565821022,0.004061031676181023
0.8075307296680783,18.551025984648145,0.5698230320042272,75.01971204169402,74.5023451783712,4.96561458007173,11.310786625628243,0.7451547233042048,0.7104029482615439,8.405483127475664,0.006426430550855481
2.8729973604560053,12.526394363683702,17.198164039181897,59.89960690141342,72.75909482839018,7.023801710329051,23.065182323760283,0.5334802436851913,0.6931033839522732,17.7700760433031,0.012557934624279954
3.436738666585644,9.484629606401725,9.95796383852063,67.52874347822313,85.7449015240604,5.27259629740489,33.74826788153605,0.5359549277147818,0.5693718407543811,20.454426541564292,0.013259434648370549
4.342454151926387,17.860920944292772,1.2261662362633605,72.5447643638593,62.550320720854494,6.2294672560338284,52.99350527966502,0.7074475482913353,0.7659420805180757,32.6274755859949,0.03995288469423411
3.083439868823771,14.90773020109892,17.096844933746766,58.70779170161348,84.63626764794354,4.0570727341268045,31.0098766683784,0.5579273281017182,0.751565917510152,19.65254128349345,0.010208201470006627
2.7198343120841617,18.30950584194913,6.819769027591133,62.55067426447832,69.28178578928349,4.936216801092621,29.84970339487905,0.6745632407769349,0.7499691355762464,20.084389689597145,0.010990264660945596
3.0300903368242658,15.028371355430084,11.952956604750291,60.9429918461799,73.78274200192178,6.622659434003983,31.202089929273395,0.6444908504538335,0.7350125180378341,17.69451801418697,0.012278237655540019
1.952882253849754,14.899181445753896,2.555122416546656,70.99637259993253,60.36002083018064,6.136135794051365,19.575695643798124,0.6558312400882803,0.7189344382071525,14.76621330996092,0.012300778363725652
2.5739519661696764,11.720384865964892,17.93172011161273,61.77621893180224,92.0536194814674,4.652511899687397,24.524822671483143,0.5162758263760092,0.6959968008545198,9.545041536084952,0.007419069778472811
2.163959706992006,15.697969726863736,10.422977625023838,65.25460764283969,89.08409320848843,6.966388850526702,20.479595954753567,0.59223941810899,0.5906959229396784,10.911958235250363,0.00789835465733776
2.623898705205103,14.628588461437824,15.974698724762364,57.33924316315152,74.99925586852453,4.243050810794284,24.298201868543188,0.6269213165898933,0.6754799982375791,13.149099084415681,0.009388162191658507
3.0023204851952956,9.91235555314515,0.6345395896531326,79.2272463772372,72.85766363385343,6.072018665628423,27.856486292753534,0.6608346628050823,0.6474845943133192,23.458493353336397,0.015103189710477154
3.0491759741151645,17.294247668647486,15.822903857609251,60.244674838381435,63.61206597384701,6.624375845932686,29.284922913735894,0.6725960528308619,0.6906944659339788,16.21764195741236,0.016144772666619976
3.8496187581457937,11.548588001747351,9.836581152044316,66.09028550812161,79.73675624551902,7.36283696818805,32.63792682662132,0.6429012267797747,0.6964789085681818,23.723054521225514,0.014138346368799442
1.0046051230921544,18.62141740757402,8.894778987856977,67.6551252601057,68.7851789847196,4.346319690681955,13.128678705788882,0.5509807669861285,0.6271247884144417,8.068529954251021,0.006757249228603266
1.2514244507952998,15.4633805164592,6.816351133018321,72.76357664658899,78.0868678392512,5.370958652723024,15.362869905069163,0.5225871129433111,0.6678111994553336,9.628599603518168,0.004035742007215068
1.6559139531878277,20.479284120697628,17.246008213640085,57.0182608099779,71.56064398717791,6.241088399173889,14.607166463274337,0.6582658165285679,0.7021026423477593,10.194118674493593,0.0073164555416888955
4.222491576791386,19.83187162415355,8.721607158992926,60.941556491864944,80.57113973559396,5.834374330641886,44.46947738202911,0.7797135230111305,0.6915168561463795,46.4735379318647,0.038684738920303025
3.0183449585719835,21.151251737742307,17.584614479809844,49.831883450249,92.39666289610602,5.755968565969294,24.583727291044507,0.780549352943047,0.6289796864323935,19.551889538927572,0.01497581512468912
0.832623226109853,9.261685006134009,9.134793516191719,73.7301916138294,92.17513963617992,5.353277253652877,4.4662843232681855,0.48374437546238874,0.5301684409116274,2.9931042155311123,0.002505783945753704
1.5984357315785214,17.00268275629746,11.758165951194899,60.58679157476408,88.7436169054624,6.733359162985934,13.890278525376212,0.6481369618683606,0.5202011021149929,9.643596485603691,0.008402963752435816
3.2456945515700824,21.453409883353224,14.31748392313883,57.83918214337221,86.90936211419799,5.831458890437506,30.401926142643266,0.6456060418064451,0.779243074363464,21.68961103914155,0.01506364004978716
1.1429837258918292,18.8475260641075,14.707752778077516,56.013120344530236,75.25858586128008,4.401388380544562,12.60972451671277,0.5422442541408427,0.6417375474029088,6.970800237388459,0.0028217110241233793
3.448955514311554,6.106689420169644,12.437586787850464,69.64769939989046,87.39339394340865,5.15898193980941,29.143448000592922,0.4999885532349253,0.6808951177969428,14.624924927081233,0.007977242434413084
4.238523479809024,12.42839063089431,5.956932351252848,68.68033921567202,80.98890075165102,6.262611695309031,34.23999410219664,0.6961764994862332,0.691009471512874,35.785192076360026,0.018021123535701875
4.203433284263432,7.100672030318465,13.250445272722082,69.93491527454438,85.4281633517349,7.26253770293583,50.39542565943512,0.5675235800023419,0.7471815063300905,24.958898169789016,0.018061571268719462
2.352152808377239,13.11619108564514,4.881902635488774,70.70137130845819,79.00224461462822,6.618055811891981,20.289296776130005,0.6093704440515418,0.6697319783315323,19.704010544357835,0.01058073689109504
1.7341378608311655,18.895607341733076,7.388564634406401,66.6914374847284,60.963806884836096,7.373357990122491,21.72386941274033,0.6520078442647002,0.6938455525489352,11.094701524417543,0.010547340715747413
1.045569765167965,18.97385598585065,5.691627272278939,66.05652394284246,82.55668354437185,6.4651838895654485,10.645860252853115,0.7069414636824201,0.7102052115598113,9.890338524905198,0.005950887595905833
0.9106606876264771,5.230925803786593,16.202380411683148,69.07929545681567,76.37253827783601,6.137771604216578,0.9187594578711911,0.3625224975524827,0.7350666906699036,0.3495821365686042,0.0003670224964533564
0.5566803968117302,14.84304856311514,15.511797250658459,60.531370533601056,89.26811159655746,7.092189399094964,7.924900629996409,0.4962176881518576,0.5006197820303021,3.0658621469674507,0.00312661339805873
3.7668376838432778,11.915451748161024,7.103617512940719,70.95219349386805,61.8003519487859,6.147138115628124,41.23501101422391,0.6370278051852756,0.6565231808322296,24.754660818829553,0.02062066735724228
1.725408103499012,8.558526715344758,16.57402116188963,67.09165606414705,73.5129306349102,6.688426443594316,9.816326323356654,0.4401746503167252,0.6325006096706376,4.007018615633922,0.0018907669591764294
1.3391194204753623,14.807780437957277,10.215481179130974,66.42826041931313,71.31566925401805,5.469789630825586,13.568883442975414,0.6240189869464763,0.614253775139124,7.388546223471071,0.004795700141796884
3.989969720063092,16.078593100980136,9.801314629825118,60.863692799380274,79.07588425650347,7.344847283296117,50.53634768520767,0.6952817182552544,0.783173627721873,35.35137876422399,0.02807926747632948
0.8812907227025102,5.191337953553893,1.68455990123435,86.24707181785698,90.7747142672376,5.268487021078946,5.55737401356536,0.5603812848704497,0.5541844488027436,3.902005598872671,0.002688761599448201
0.8714921342840367,18.463540224386215,8.153005059141837,62.863673565747106,91.83428877921295,4.085011713027417,10.331493144399674,0.5783181353217323,0.6274718075895235,9.714411686953389,0.004832788106781829
1.4029949023860113,10.449799603469824,13.852807239692634,64.33204792600945,71.44931446403547,5.474275220731817,8.771397958143405,0.5087857110037945,0.6985725876548275,3.489934146751487,0.0020567752738093114
3.7993372767004367,16.27819524400553,15.696835187603881,58.69963236175481,74.48920325538835,6.8932096601534525,28.891176860824345,0.6065521366549499,0.779418093369439,22.555276304053148,0.018791056931135974
0.8163161451449932,7.890888410654287,2.7419895811954023,82.64503881513146,92.32937671905492,5.47678725201059,8.532437769929809,0.5597289234670659,0.5739041101594422,4.196459141116617,0.002464092668467627
1.1451928085079714,16.060317060245563,13.589941188081408,64.80322646305163,91.32164121005799,6.097597002206745,10.90434958554539,0.5733553220786508,0.6820492465149375,7.3956755881423275,0.005151576709916596
4.191152844454282,3.294621088837944,15.987686216592456,67.48449836174073,67.89929813389458,5.955548635051701,33.33089203494975,0.508416443740881,0.6759401312682639,15.952390949868354,0.011422991436992382
3.975626758505698,20.055403664901718,14.876451006098245,57.03391310213917,62.44728850606157,5.887359575927885,45.644851668814,0.7949741273710239,0.8245204598246758,45.756339838991096,0.025562410932026873
3.2116375053268347,13.42026505312942,1.1272670448631392,73.07758528271108,79.31138353914837,6.8728478555631085,35.252542218205946,0.5943463752825672,0.6772345491464979,18.653714574484,0.018137280205987313
0.892709109168135,19.451631618127696,11.187562155979215,62.26792673350636,64.38972368485352,5.412805461383212,10.437016061349464,0.5490835265804825,0.6175852449294584,6.934666438367848,0.00563290810253238
3.2933397620458877,5.23317599848936,5.042743999972197,80.82767985337041,61.421909636063134,6.8914830962760885,37.5017297273706,0.5101025808346896,0.7159361402929951,19.856988596003436,0.011658205682849868
4.474594178973288,8.206133839081927,11.740496475200477,69.46121313499624,88.97334269461241,5.354867687195961,48.393786212839366,0.6180218433533275,0.6882005532162188,26.197412472638824,0.022000230532942276
3.2000719585556383,16.798550813605033,12.65612146877123,58.014397297587855,62.14609847436051,7.2576610300111355,34.939701337059894,0.6390273384947286,0.665095593331319,25.585309288731974,0.014601054841415299
2.568732217249886,4.149822809761326,4.706867164020437,83.47374717635996,79.39808203843243,5.212948992448753,16.215301510922114,0.5564739746290768,0.5581065299601721,12.092680662324971,0.00717463036705545
3.3480981926724183,18.26700590425058,0.6169938692458083,73.54035157751379,76.26166796994289,4.127492678191927,46.26457749215316,0.7422641810088082,0.7834450920771602,36.0130851453706,0.02676652554576502
4.073433333923874,9.95321711187514,12.697080860112074,64.74919475399017,66.53067285243533,5.447477529375985,43.16103015391611,0.6186407816681198,0.6688920672651458,24.902662108783446,0.009733739530722145
2.0611164822583867,8.269412052246295,14.60011484921283,68.15972185328965,61.77283982278636,5.992083021937326,11.12743655084807,0.585734932065219,0.6355734364668009,6.312949376747279,0.003927010515334692
3.2661124703421276,6.050558730933371,0.9431812673691732,86.00296198975717,75.77008949267353,4.538305346582975,28.40418542400242,0.599566083805262,0.7131276135822677,19.89817618659908,0.010964348203385392
2.9040600648207233,2.536129219116135,8.95120812753423,82.47149810668458,63.6889256723857,6.258125354252512,24.80604883679349,0.5118843118034316,0.7400551045741975,11.447085268241086,0.005648247508074522
2.8578195635774883,18.121990175636856,5.1793452862019755,64.76738863686666,78.4677961091194,4.286141665801895,31.572677036799483,0.6481912620147579,0.734627524630333,21.11191653176442,0.017080374829391745
2.2712509537851946,20.228068492351433,6.057965717046354,67.7395085591904,93.44391199313664,3.8906416744374552,18.05560589225045,0.8219140882427023,0.7681396431968811,16.00181680574511,0.014000045792544557
1.893697741400835,12.669442320081892,8.548906194741221,69.54022783350739,94.04556742765465,6.110889973244954,20.726798405754963,0.5428487750413236,0.6988185166952385,11.457533480997265,0.008027536788420483
0.3326252749622822,16.20518478489062,12.674174697491656,65.69016313203468,78.20733241857539,6.534072547600955,6.324096303114921,0.5458058516392559,0.5629550755931636,4.900065320225774,0.0032754824295513647
3.7210969254398045,18.289992650502075,16.323062993476327,52.084867973801046,71.74870116903114,6.558496468840232,42.33185366168276,0.6279857170674412,0.7635156567235839,23.918883622646675,0.015531353911675226
2.4851302555167685,5.941271984352646,12.722275345836819,72.97166522308244,90.94278081262007,5.271948915649288,19.222099314573907,0.42007304873661255,0.6554816160533703,10.257021812762826,0.00495235015330215
2.9473069366235305,12.004759384378584,10.169083947800802,68.05341555079201,78.24851420823909,4.574141164296738,30.06113438392521,0.557768580796039,0.7339342517465155,16.26292682221299,0.01253244744940803
1.448362148171593,10.689698368837742,8.952793405404428,71.92437239645936,82.88905878449843,5.534922549314395,10.139280963322063,0.4851986419710329,0.6466261318471752,6.943947700209345,0.0038827925041644536
2.5233999106259346,6.696446194906816,14.34966350888897,69.7405734092356,86.34723728895287,5.691834678411534,14.560257069648966,0.46497927593035127,0.6846512184668329,6.259953228772198,0.007390277831168893
0.4456606106713788,5.983563892251305,17.63414239963763,71.69416179051072,72.96589687015407,4.868907076928383,-1.655503664619137,0.37627161460948905,0.5852606992925224,-0.5634427566721797,-0.00023568136410175424
2.3352429467035063,15.844825653800413,17.62630906571428,55.80785127004191,61.44096552524978,5.34177872979372,13.628085234500166,0.6201993164065993,0.7823743288525622,11.159159205711468,0.007991125614106134
2.4971269953147437,14.488328467530698,10.806613309929512,65.27164785596388,62.301859670314684,5.04024573550388,24.73479206764935,0.6270122607152999,0.8128670742687916,16.228312367281266,0.007549555244592344
1.5312737534225305,18.234263061749054,2.834990088820473,69.44196501483063,60.53417935478538,5.970808299035233,19.979038081317594,0.7816233507916448,0.7561565830143502,8.480183929437114,0.010966959893370147
1.4428907485981544,19.736042821628434,5.648081107947829,66.10197294741005,89.51525867085425,5.595143519531493,17.79527786635366,0.7237041252973351,0.6770896306816887,9.888281523894747,0.010728775482371637
2.9064504571919154,4.174626885553885,17.358062221736898,71.6350864847832,92.58713208061286,5.36736572108693,15.96407423221,0.39340778021147993,0.6040348108246619,8.84665603571921,0.005597480524405137
0.719058601741616,21.604368547232145,1.3585762955353504,67.39437716849525,74.10104944366338,4.486133355677897,19.386400472215097,0.7298036942301942,0.8283753529927721,13.738212024586927,0.008157682262997781
0.8269989056252185,18.600377972252748,5.02394662032376,68.00665334556106,62.38219438961055,5.400451401003574,13.149264494657132,0.6533303694132299,0.6568114872851967,6.891956334189901,0.0030126924849307986
1.0839657766162716,14.2147103224847,12.39003325493889,65.1405032384914,61.73216834911599,5.315241509224711,7.94400192579979,0.5963250306713228,0.5883637759469207,3.849509384673586,0.0025048515859185314
1.7419939493502183,2.704970092217412,10.449810516006004,80.23266321677775,94.65378842217244,5.507120833152909,8.34229729672922,0.46950474104256534,0.605518348058042,3.615553515597681,0.0019324672519622484
4.370416663825333,17.765547978816233,6.240812593435052,66.9839530791771,93.19816274187514,6.368191703583763,42.08125272375555,0.7426886645756217,0.7671659740387444,32.62376771586705,0.009953817444021084
3.8773041894062845,7.079947213739356,8.632575841373779,74.04362462221518,73.79237008995801,5.088883684357424,27.1617351909577,0.5452149341685054,0.6853409042530259,15.58449036169991,0.013396957451805849
2.137065904736659,19.59522796785109,10.38853722491529,63.39922128907682,81.64803348069117,5.049106670282329,22.23855366551894,0.6564449677222125,0.7317019616938865,14.298149116512633,0.010193811232346105
3.1971855521394703,15.78828070647067,17.40144357145759,57.38533912247864,76.69159831746664,7.2135145826329605,29.828212566637927,0.6342980470317072,0.755346948569087,19.39653211207501,0.015444676093545986
2.017727483774177,10.48116130552598,8.865119647291719,69.17122021923079,72.98581798693887,5.511603280224267,17.139499612949276,0.5774471756146876,0.651278731363814,10.108570343538922,0.004136005796828001
3.559519615687055,2.433790458184742,2.225106056543427,83.77645316237749,86.36558610004788,6.8563420047565735,36.45406385737278,0.6096776947438639,0.7997628934742596,21.427799629740367,0.015304190920296112
3.236691991334567,13.990784154536303,4.438603143173731,69.82245882910169,71.81938067955149,6.161655198705663,27.87182800450117,0.7370039085092648,0.7523968617093053,30.47742816398587,0.01739873425794926
0.34720763682117933,16.410965069250572,15.231682241226993,64.14910329010962,92.89089840507657,4.638549407554768,6.774814417097877,0.4448448507656906,0.6686995799969572,3.149099132668202,0.0026065683986410616
2.8071522644604974,19.979688885162602,16.63137528088594,53.7749495146046,75.29030462057918,5.233812348049083,27.102853103485348,0.6086271896233508,0.8178269040575236,14.028300492583302,0.016687503871075288
1.3900576741565625,3.214408225325865,3.81365208308841,88.19515177564028,86.4560600715665,6.2260384713841255,7.690876522735372,0.41143505180544815,0.721320198099912,3.3441853955516323,0.003587089103291017
4.178423578547672,14.50424742140784,1.0491158908423555,75.38475222067729,80.17985963761853,5.049401477792154,53.21222215979453,0.7288867803022804,0.8524987668630885,23.172296021473635,0.031009017202863833
2.9137134004182714,4.423096358514822,16.890148261938297,70.62046228871621,88.39930863464177,7.372864709935621,21.774084182029007,0.4001313231388934,0.5970055654525036,10.802090469993328,0.005573036747293245
4.088510252609579,19.129176415009304,2.0309106366504808,70.61610997678788,76.25429221398942,5.900950088987145,49.41513225472065,0.8536226889279683,0.7449292994951585,39.895992231877784,0.04077167045627151
3.7182045376823454,5.381841937209915,7.848166020846514,79.40076412658529,84.46859016329492,6.442792320346921,29.291776166722975,0.6419391470084138,0.6741393950146172,12.9353981477685,0.013560161049337499
2.0405363767765596,12.419614757983709,8.8267473951264,70.51926673685783,67.44855130735485,4.119663266400663,16.90067955727315,0.5276501033370505,0.5578698816337697,10.977803476931191,0.006390430582347435
4.059309542933859,15.873506581804733,17.097155026479527,55.0508231870848,64.48453545244375,6.095318847825575,52.93994887906831,0.6413325526010434,0.7529606790289295,29.2935164395744,0.018260685454308808
4.429783596967807,5.070341963333581,12.638419182781211,74.76682250311457,81.14846527063224,7.203392223163437,41.19006009431438,0.5852630060890881,0.6803663865671685,20.537245084723178,0.016939812841203713
1.2660867543430487,18.465580922456457,12.640921584574995,62.207592761817345,69.42854777368493,5.934475808981736,10.435141846288682,0.5714442976502241,0.5183883504099106,9.66220457547822,0.005848734670530824
2.1017827186899933,5.824707513416847,17.160551167087302,69.36982240523186,94.58110643715932,6.098558905536875,10.473631046103213,0.4968534384129228,0.7046299880145961,4.760038875430074,0.00398946180701548
0.6468677013435767,9.978251485732562,8.722703664470606,70.9099913365475,67.59644547487196,5.65526147275925,4.577887731669097,0.38339456160186214,0.6281458570525688,2.8138444398426143,0.0013585041692918817
2.396426795560065,2.3368874095216934,8.664324043889687,78.11161020877908,66.636716186249,5.92747614859491,18.736619737273692,0.469684999355611,0.6128421176362265,7.218065929613484,0.005286801314294637
2.1998306529328,7.475496609025006,8.436464023953995,77.78058696956853,73.11047227287074,5.7870121588122565,12.473450019467826,0.5607357609724177,0.593534453340273,9.97839496742301,0.003625796356195346
2.3345957638976356,15.18126829759272,13.929502061390943,60.923278251921914,74.47418902098973,6.007557235811383,17.863086710691178,0.4996563981175035,0.5644998173322501,13.269275340239032,0.00793285103607584
0.8696840278008209,17.43441290242783,16.544213328592917,58.15458979995917,65.12598109546416,4.535583800503172,10.10580079255651,0.5938437669596495,0.6218617422866387,3.875058009374185,0.003502510206779819
2.4440862906295204,15.816398384332869,10.229311140191207,62.51089883373581,76.60772790491131,6.419834631210039,25.805813384756316,0.6087178938403721,0.8336699755432316,13.199136817504202,0.009998115303470561
1.8764441473159756,12.029714976068753,12.279399091560103,68.26404808874683,88.11300531980507,4.599694106941335,13.552902593102848,0.528668334295911,0.6378222380756539,10.352581478446695,0.004732293375216903
2.093285444142504,12.415152482413427,10.14780294266385,65.61932067807433,73.66511168719447,4.713736663359901,13.05850892717856,0.5613410588619105,0.6204062598599781,8.003690893137458,0.005780723153206745
3.5214164419303065,4.930667140631751,6.004303589112818,78.88244589696443,67.7987153123805,5.986101850161175,26.675390223367277,0.5966716822812614,0.6791870925452059,17.525988834589654,0.010937359892071475
2.414563950392729,16.98881617269188,11.761819321523696,61.046482406616306,62.94641130321487,4.517215940355776,28.58242145582469,0.594644502446857,0.6717741556812644,12.503496015946272,0.007863800546991706
0.39175165151403624,7.1322867724096355,2.168990830866295,87.19879757947356,64.89887339672406,5.572403805940384,5.535867513011679,0.4555489422448841,0.5735887022279627,2.143684038300478,0.0007695095520699954
1.9886051744986784,12.72147119742176,15.048136562374825,62.812479561332054,74.13535646884951,5.5181629190081205,13.09245042170184,0.5712910339658068,0.785699078815205,7.262545289857392,0.00461821664895868
4.054444851626422,7.974843878300755,16.81690594842575,64.45074378120069,72.58752923536673,4.7949333064822985,41.69823276225207,0.5574774309656945,0.6036092946655334,20.00180131252282,0.011285979620497745
1.5415422439747524,15.893191156650357,4.338460617786496,69.02718615589163,61.68424072931966,4.96564766883676,16.75813054991884,0.6281924523815443,0.555958847519469,13.62256452824993,0.004525955227936934
0.9515701243497061,3.992960882345698,14.134421536885984,73.77088707627573,92.73200802870721,5.149486758175116,1.799993559762651,0.37246302817424154,0.6605720926018196,0.7399791599435934,0.00039626855569430814
0.3369755018137452,9.614851428838156,13.236547212640579,72.87551285151773,93.37294215906928,5.775154278632113,2.0467140987166146,0.433665288653869,0.7024320453812236,0.8252397097055354,0.0004943550406564418
2.6914306525716816,3.2327288413335635,2.788043637228083,81.46685864767126,69.88463329122708,4.3302042236767075,23.722391788036123,0.4960796874317624,0.6953214712311644,14.303211982946141,0.01024705620183517
1.2088296375208696,6.325999113327463,4.256565490727437,83.28585838842159,86.58057964684772,6.390043887434215,8.751639101850959,0.5239010449073831,0.5068213078439245,6.487078678474982,0.0017601792738435437
1.6875914123528917,7.943089179937555,9.1719367843886,73.29241321071787,78.45177325650187,4.212992746522611,12.699216369889676,0.4962867486286992,0.6671273082777551,5.398180087615368,0.003964154353154605
3.5775490347828462,14.707618418936308,8.478241239549693,70.23362436143117,90.47035021742786,7.301978139896857,37.47627319637526,0.7313565339716651,0.7592480501652197,29.94966594732337,0.025456106261999487
4.035097083816766,4.425699613074621,11.301535510296647,73.94417267296312,71.4061448985229,4.280752282878144,43.64253003152893,0.6229682813332391,0.5700027479763891,21.418750074841885,0.016323381225606188
1.2821005049506788,20.171537324069238,4.966020194660309,64.12666026224585,85.4786884832842,5.16854092840064,22.619977744890992,0.8730881796942443,0.6630848684358961,10.106912474299998,0.004983331246398611
1.1067906994249623,11.429849133683392,14.95993600226302,66.9821428626908,82.92057874580247,7.270990521058689,6.479792769780635,0.40289453521617297,0.5080008487868213,4.272729334898219,0.00260741921512719
1.5154793143731036,18.823609094005604,8.82763844809678,64.01504161986995,89.10283307721762,4.461140264457222,19.27401080898911,0.6545154511228041,0.7676224663389296,10.6320216881217,0.008087952227881483
4.3228458515821835,19.794950071800425,17.79484637916248,48.451416928053604,90.88093959026848,5.542338089400468,48.89559852505338,0.8077458025379699,0.8319637020536665,32.51995801391166,0.02970294681375373
0.34357209480187306,9.308468392696508,11.41255890814765,71.28329087756886,87.43914502934014,6.177805624203918,2.758549097172028,0.4681243251682632,0.6935921001580482,1.8001540744435298,0.0008903736143752985
3.4119727280239607,3.598797960710714,14.370892002561352,70.99927312992072,66.24770603025476,6.587577765961827,32.39134782646295,0.5384204171302096,0.6832108925073173,8.683540219621003,0.009284711949186703
4.27028504067172,8.109715830369215,14.85061013435609,64.84355725929309,88.44656797669057,5.008657918203728,30.78003910381618,0.5033766158065369,0.7258079522198809,27.25684097895993,0.02199826325197587
1.753864597007004,3.7567826324273206,9.660711945240273,75.46801965870782,73.72608171441564,6.015438741369898,6.696995859935877,0.510816763622692,0.6253434957002907,3.5456951055457107,0.002520900199576462
1.071228179078551,20.694070468884558,12.715913628254391,56.2659541902367,81.55988929027637,5.643073470281104,13.946825262805886,0.6184229819149462,0.7242464151279256,8.757569438361678,0.0062149073161464905
3.8666926109074438,16.809277401413127,8.596173858416286,67.50107580594889,68.5662472513641,7.094044561070254,36.991824895122164,0.8414467301325106,0.6449663418325403,19.795946256719024,0.01579175576333481
0.9629100397838486,17.53184597176465,10.546840092089141,66.23225754206322,70.07147791138948,4.125138221841468,10.922677011104401,0.5131888403465237,0.572166568309174,6.978930024948623,0.004021917100055103
3.343357241041531,17.04356748396814,8.857535119370759,66.30251037247551,64.30836271090494,5.573888875709805,39.3266482623941,0.8260523808900241,0.5582779862280364,25.002671702771707,0.015908138852569805
4.346220118041082,6.19170153337973,9.329021448859923,75.65133020356784,65.59183076517321,6.309085021140228,41.63115971251298,0.6450583461953937,0.6732029763505764,23.570958201088594,0.02506456859595501
1.8263021861892765,19.083891352240162,12.346582999490716,58.1279087640672,74.52969214941699,5.409439741281284,12.88285401880649,0.5853832027717826,0.710604415767954,9.938847760154323,0.0108614108599466
0.6845350181393433,16.15070111664911,15.758140036698233,59.2389399335823,89.81229315102453,6.953021349698106,7.065946266483238,0.47402696763031055,0.6415647684161891,4.396013774291511,0.0020253007891359925
2.4942429766663134,13.014486972669378,2.309216943005943,74.44161286322479,80.33147231468391,6.0871179772586075,24.992667749606905,0.7086945623596725,0.792675029470112,16.21532652998574,0.01257508795161259
3.4097473511790994,21.56814244278126,4.586265636201085,64.7869120538522,68.55809102384684,6.782644585448142,27.001761903451293,0.9505037155223842,0.824764701723844,42.128971317463375,0.023344154528912368
2.371411774364977,19.890980192527447,6.713080228478926,62.231482430930335,66.17732366950293,5.035514426112937,20.716786924152515,0.839294512578036,0.7471973840255896,15.870101293094645,0.014476163638631585
1.8309439085521655,15.300217075891034,14.514922846234091,59.246119175936684,81.32615855745023,4.801184345866418,18.13731538047488,0.46660977663116027,0.6588445818945214,7.945295327044793,0.004934223866457897
2.0775692756437967,20.85203302399138,4.241097319792299,66.64048031666869,89.78117074057516,6.23778685883185,25.0156723544398,0.7540808388910416,0.8185912764394649,16.8960682498517,0.014384943580460758
3.2638890156321994,8.798489149316119,9.550366279092472,72.3022876517575,84.27585387425533,5.3631734974774,35.65462133258388,0.658670601096281,0.6542436546532,16.26601910717395,0.01177381750319039
